<gpx xmlns:ns3="http://www.garmin.com/xmlschemas/TrackPointExtension/v1" xmlns="http://www.topografix.com/GPX/1/1" xmlns:xsi="http://www.w3.org/2001/XMLSchema-instance" xmlns:ns2="http://www.garmin.com/xmlschemas/GpxExtensions/v3" creator="Garmin Connect" version="1.1" xsi:schemaLocation="http://www.topografix.com/GPX/1/1 http://www.topografix.com/GPX/11.xsd">
  <extensions>
<distance>5151.12</distance>
<average_hr>103.0</average_hr>
<average_speed>3.009000062942505</average_speed>
<start_time>2026-07-07T22:55:53+00:00</start_time>
<end_time>2026-07-07T23:24:24.764000+00:00</end_time>
<moving_time>1649.0</moving_time>
<elapsed_time>1711.764</elapsed_time>
</extensions>
<metadata>
    <link href="connect.garmin.com">
      <text>Garmin Connect</text>
    </link>
    <time>2026-07-07T22:55:53.000Z</time>
  </metadata>
  <trk>
    <name>Seattle Cycling</name>
    <type>cycling</type>
    <trkseg>
      <trkpt lat="47.71278577856719493865966796875" lon="-122.3766887001693248748779296875">
        <ele>28.799999237060546875</ele>
        <time>2026-07-07T22:56:03.000Z</time>
        <extensions>
          <ns3:TrackPointExtension>
            <ns3:atemp>28.0</ns3:atemp>
            <ns3:hr>68</ns3:hr>
          </ns3:TrackPointExtension>
        </extensions>
      </trkpt>
      <trkpt lat="47.71275191567838191986083984375" lon="-122.37668509595096111297607421875">
        <ele>28.799999237060546875</ele>
        <time>2026-07-07T22:56:04.000Z</time>
        <extensions>
          <ns3:TrackPointExtension>
            <ns3:atemp>28.0</ns3:atemp>
            <ns3:hr>64</ns3:hr>
          </ns3:TrackPointExtension>
        </extensions>
      </trkpt>
      <trkpt lat="47.7127380855381488800048828125" lon="-122.37669129855930805206298828125">
        <ele>28.6000003814697265625</ele>
        <time>2026-07-07T22:56:05.000Z</time>
        <extensions>
          <ns3:TrackPointExtension>
            <ns3:atemp>28.0</ns3:atemp>
            <ns3:hr>64</ns3:hr>
          </ns3:TrackPointExtension>
        </extensions>
      </trkpt>
      <trkpt lat="47.712755687534809112548828125" lon="-122.3766152746975421905517578125">
        <ele>28.6000003814697265625</ele>
        <time>2026-07-07T22:56:08.000Z</time>
        <extensions>
          <ns3:TrackPointExtension>
            <ns3:atemp>28.0</ns3:atemp>
            <ns3:hr>61</ns3:hr>
          </ns3:TrackPointExtension>
        </extensions>
      </trkpt>
      <trkpt lat="47.71275443024933338165283203125" lon="-122.37658618949353694915771484375">
        <ele>28.6000003814697265625</ele>
        <time>2026-07-07T22:56:09.000Z</time>
        <extensions>
          <ns3:TrackPointExtension>
            <ns3:atemp>28.0</ns3:atemp>
            <ns3:hr>65</ns3:hr>
          </ns3:TrackPointExtension>
        </extensions>
      </trkpt>
      <trkpt lat="47.71276482380926609039306640625" lon="-122.3765683360397815704345703125">
        <ele>28.6000003814697265625</ele>
        <time>2026-07-07T22:56:10.000Z</time>
        <extensions>
          <ns3:TrackPointExtension>
            <ns3:atemp>28.0</ns3:atemp>
            <ns3:hr>63</ns3:hr>
          </ns3:TrackPointExtension>
        </extensions>
      </trkpt>
      <trkpt lat="47.7127759717404842376708984375" lon="-122.376539669930934906005859375">
        <ele>28.799999237060546875</ele>
        <time>2026-07-07T22:56:12.000Z</time>
        <extensions>
          <ns3:TrackPointExtension>
            <ns3:atemp>28.0</ns3:atemp>
            <ns3:hr>60</ns3:hr>
          </ns3:TrackPointExtension>
        </extensions>
      </trkpt>
      <trkpt lat="47.71277672611176967620849609375" lon="-122.37652768380939960479736328125">
        <ele>28.799999237060546875</ele>
        <time>2026-07-07T22:56:13.000Z</time>
        <extensions>
          <ns3:TrackPointExtension>
            <ns3:atemp>28.0</ns3:atemp>
            <ns3:hr>58</ns3:hr>
          </ns3:TrackPointExtension>
        </extensions>
      </trkpt>
      <trkpt lat="47.712767757475376129150390625" lon="-122.37649382092058658599853515625">
        <ele>29</ele>
        <time>2026-07-07T22:56:16.000Z</time>
        <extensions>
          <ns3:TrackPointExtension>
            <ns3:atemp>28.0</ns3:atemp>
            <ns3:hr>58</ns3:hr>
          </ns3:TrackPointExtension>
        </extensions>
      </trkpt>
      <trkpt lat="47.712762057781219482421875" lon="-122.37649030052125453948974609375">
        <ele>29.3999996185302734375</ele>
        <time>2026-07-07T22:56:18.000Z</time>
        <extensions>
          <ns3:TrackPointExtension>
            <ns3:atemp>28.0</ns3:atemp>
            <ns3:hr>61</ns3:hr>
          </ns3:TrackPointExtension>
        </extensions>
      </trkpt>
      <trkpt lat="47.71276943385601043701171875" lon="-122.37645274959504604339599609375">
        <ele>29.3999996185302734375</ele>
        <time>2026-07-07T22:56:22.000Z</time>
        <extensions>
          <ns3:TrackPointExtension>
            <ns3:atemp>28.0</ns3:atemp>
            <ns3:hr>64</ns3:hr>
          </ns3:TrackPointExtension>
        </extensions>
      </trkpt>
      <trkpt lat="47.71277152933180332183837890625" lon="-122.37641989253461360931396484375">
        <ele>29.3999996185302734375</ele>
        <time>2026-07-07T22:56:24.000Z</time>
        <extensions>
          <ns3:TrackPointExtension>
            <ns3:atemp>28.0</ns3:atemp>
            <ns3:hr>67</ns3:hr>
          </ns3:TrackPointExtension>
        </extensions>
      </trkpt>
      <trkpt lat="47.7127729542553424835205078125" lon="-122.37640648148953914642333984375">
        <ele>29.3999996185302734375</ele>
        <time>2026-07-07T22:56:25.000Z</time>
        <extensions>
          <ns3:TrackPointExtension>
            <ns3:atemp>28.0</ns3:atemp>
            <ns3:hr>70</ns3:hr>
          </ns3:TrackPointExtension>
        </extensions>
      </trkpt>
      <trkpt lat="47.71277152933180332183837890625" lon="-122.3763715289533138275146484375">
        <ele>29.3999996185302734375</ele>
        <time>2026-07-07T22:56:27.000Z</time>
        <extensions>
          <ns3:TrackPointExtension>
            <ns3:atemp>28.0</ns3:atemp>
            <ns3:hr>71</ns3:hr>
          </ns3:TrackPointExtension>
        </extensions>
      </trkpt>
      <trkpt lat="47.7127742953598499298095703125" lon="-122.37634847871959209442138671875">
        <ele>29.3999996185302734375</ele>
        <time>2026-07-07T22:56:28.000Z</time>
        <extensions>
          <ns3:TrackPointExtension>
            <ns3:atemp>28.0</ns3:atemp>
            <ns3:hr>72</ns3:hr>
          </ns3:TrackPointExtension>
        </extensions>
      </trkpt>
      <trkpt lat="47.7128383331000804901123046875" lon="-122.37616139464080333709716796875">
        <ele>29.200000762939453125</ele>
        <time>2026-07-07T22:56:33.000Z</time>
        <extensions>
          <ns3:TrackPointExtension>
            <ns3:atemp>28.0</ns3:atemp>
            <ns3:hr>74</ns3:hr>
          </ns3:TrackPointExtension>
        </extensions>
      </trkpt>
      <trkpt lat="47.7129097469151020050048828125" lon="-122.376042120158672332763671875">
        <ele>28.3999996185302734375</ele>
        <time>2026-07-07T22:56:37.000Z</time>
        <extensions>
          <ns3:TrackPointExtension>
            <ns3:atemp>28.0</ns3:atemp>
            <ns3:hr>77</ns3:hr>
          </ns3:TrackPointExtension>
        </extensions>
      </trkpt>
      <trkpt lat="47.71292760036885738372802734375" lon="-122.37600666470825672149658203125">
        <ele>29</ele>
        <time>2026-07-07T22:56:39.000Z</time>
        <extensions>
          <ns3:TrackPointExtension>
            <ns3:atemp>28.0</ns3:atemp>
            <ns3:hr>78</ns3:hr>
          </ns3:TrackPointExtension>
        </extensions>
      </trkpt>
      <trkpt lat="47.71294386126101016998291015625" lon="-122.37598269246518611907958984375">
        <ele>29.3999996185302734375</ele>
        <time>2026-07-07T22:56:41.000Z</time>
        <extensions>
          <ns3:TrackPointExtension>
            <ns3:atemp>28.0</ns3:atemp>
            <ns3:hr>79</ns3:hr>
          </ns3:TrackPointExtension>
        </extensions>
      </trkpt>
      <trkpt lat="47.71295928396284580230712890625" lon="-122.37594514153897762298583984375">
        <ele>29.799999237060546875</ele>
        <time>2026-07-07T22:56:43.000Z</time>
        <extensions>
          <ns3:TrackPointExtension>
            <ns3:atemp>28.0</ns3:atemp>
            <ns3:hr>81</ns3:hr>
          </ns3:TrackPointExtension>
        </extensions>
      </trkpt>
      <trkpt lat="47.71295760758221149444580078125" lon="-122.37585671246051788330078125">
        <ele>29.799999237060546875</ele>
        <time>2026-07-07T22:56:46.000Z</time>
        <extensions>
          <ns3:TrackPointExtension>
            <ns3:atemp>28.0</ns3:atemp>
            <ns3:hr>81</ns3:hr>
          </ns3:TrackPointExtension>
        </extensions>
      </trkpt>
      <trkpt lat="47.71293313242495059967041015625" lon="-122.37571195699274539947509765625">
        <ele>29.6000003814697265625</ele>
        <time>2026-07-07T22:56:50.000Z</time>
        <extensions>
          <ns3:TrackPointExtension>
            <ns3:atemp>28.0</ns3:atemp>
            <ns3:hr>84</ns3:hr>
          </ns3:TrackPointExtension>
        </extensions>
      </trkpt>
      <trkpt lat="47.71287529729306697845458984375" lon="-122.3756215162575244903564453125">
        <ele>29.6000003814697265625</ele>
        <time>2026-07-07T22:56:53.000Z</time>
        <extensions>
          <ns3:TrackPointExtension>
            <ns3:atemp>28.0</ns3:atemp>
            <ns3:hr>84</ns3:hr>
          </ns3:TrackPointExtension>
        </extensions>
      </trkpt>
      <trkpt lat="47.7128304541110992431640625" lon="-122.3755497671663761138916015625">
        <ele>29.3999996185302734375</ele>
        <time>2026-07-07T22:56:56.000Z</time>
        <extensions>
          <ns3:TrackPointExtension>
            <ns3:atemp>28.0</ns3:atemp>
            <ns3:hr>86</ns3:hr>
          </ns3:TrackPointExtension>
        </extensions>
      </trkpt>
      <trkpt lat="47.71281209774315357208251953125" lon="-122.37554348073899745941162109375">
        <ele>29</ele>
        <time>2026-07-07T22:56:57.000Z</time>
        <extensions>
          <ns3:TrackPointExtension>
            <ns3:atemp>28.0</ns3:atemp>
            <ns3:hr>84</ns3:hr>
          </ns3:TrackPointExtension>
        </extensions>
      </trkpt>
      <trkpt lat="47.7127954177558422088623046875" lon="-122.3755353502929210662841796875">
        <ele>28.799999237060546875</ele>
        <time>2026-07-07T22:56:58.000Z</time>
        <extensions>
          <ns3:TrackPointExtension>
            <ns3:atemp>28.0</ns3:atemp>
            <ns3:hr>86</ns3:hr>
          </ns3:TrackPointExtension>
        </extensions>
      </trkpt>
      <trkpt lat="47.71271419711410999298095703125" lon="-122.37551414407789707183837890625">
        <ele>28.3999996185302734375</ele>
        <time>2026-07-07T22:57:03.000Z</time>
        <extensions>
          <ns3:TrackPointExtension>
            <ns3:atemp>28.0</ns3:atemp>
            <ns3:hr>89</ns3:hr>
          </ns3:TrackPointExtension>
        </extensions>
      </trkpt>
      <trkpt lat="47.71268217824399471282958984375" lon="-122.3755071870982646942138671875">
        <ele>28.3999996185302734375</ele>
        <time>2026-07-07T22:57:05.000Z</time>
        <extensions>
          <ns3:TrackPointExtension>
            <ns3:atemp>28.0</ns3:atemp>
            <ns3:hr>92</ns3:hr>
          </ns3:TrackPointExtension>
        </extensions>
      </trkpt>
      <trkpt lat="47.71262853406369686126708984375" lon="-122.37548916600644588470458984375">
        <ele>28</ele>
        <time>2026-07-07T22:57:08.000Z</time>
        <extensions>
          <ns3:TrackPointExtension>
            <ns3:atemp>28.0</ns3:atemp>
            <ns3:hr>95</ns3:hr>
          </ns3:TrackPointExtension>
        </extensions>
      </trkpt>
      <trkpt lat="47.71258410997688770294189453125" lon="-122.375475503504276275634765625">
        <ele>28</ele>
        <time>2026-07-07T22:57:10.000Z</time>
        <extensions>
          <ns3:TrackPointExtension>
            <ns3:atemp>28.0</ns3:atemp>
            <ns3:hr>96</ns3:hr>
          </ns3:TrackPointExtension>
        </extensions>
      </trkpt>
      <trkpt lat="47.7125620655715465545654296875" lon="-122.3754699714481830596923828125">
        <ele>28</ele>
        <time>2026-07-07T22:57:11.000Z</time>
        <extensions>
          <ns3:TrackPointExtension>
            <ns3:atemp>28.0</ns3:atemp>
            <ns3:hr>97</ns3:hr>
          </ns3:TrackPointExtension>
        </extensions>
      </trkpt>
      <trkpt lat="47.7124390192329883575439453125" lon="-122.37540232948958873748779296875">
        <ele>27.6000003814697265625</ele>
        <time>2026-07-07T22:57:18.000Z</time>
        <extensions>
          <ns3:TrackPointExtension>
            <ns3:atemp>28.0</ns3:atemp>
            <ns3:hr>95</ns3:hr>
          </ns3:TrackPointExtension>
        </extensions>
      </trkpt>
      <trkpt lat="47.71239115856587886810302734375" lon="-122.3753563128411769866943359375">
        <ele>27.6000003814697265625</ele>
        <time>2026-07-07T22:57:20.000Z</time>
        <extensions>
          <ns3:TrackPointExtension>
            <ns3:atemp>28.0</ns3:atemp>
            <ns3:hr>94</ns3:hr>
          </ns3:TrackPointExtension>
        </extensions>
      </trkpt>
      <trkpt lat="47.71237489767372608184814453125" lon="-122.375333011150360107421875">
        <ele>27.3999996185302734375</ele>
        <time>2026-07-07T22:57:22.000Z</time>
        <extensions>
          <ns3:TrackPointExtension>
            <ns3:atemp>28.0</ns3:atemp>
            <ns3:hr>94</ns3:hr>
          </ns3:TrackPointExtension>
        </extensions>
      </trkpt>
      <trkpt lat="47.71235930733382701873779296875" lon="-122.37531297840178012847900390625">
        <ele>27.3999996185302734375</ele>
        <time>2026-07-07T22:57:23.000Z</time>
        <extensions>
          <ns3:TrackPointExtension>
            <ns3:atemp>28.0</ns3:atemp>
            <ns3:hr>95</ns3:hr>
          </ns3:TrackPointExtension>
        </extensions>
      </trkpt>
      <trkpt lat="47.71226190961897373199462890625" lon="-122.3751581646502017974853515625">
        <ele>27.200000762939453125</ele>
        <time>2026-07-07T22:57:29.000Z</time>
        <extensions>
          <ns3:TrackPointExtension>
            <ns3:atemp>28.0</ns3:atemp>
            <ns3:hr>92</ns3:hr>
          </ns3:TrackPointExtension>
        </extensions>
      </trkpt>
      <trkpt lat="47.7122321538627147674560546875" lon="-122.3750807158648967742919921875">
        <ele>27.200000762939453125</ele>
        <time>2026-07-07T22:57:31.000Z</time>
        <extensions>
          <ns3:TrackPointExtension>
            <ns3:atemp>28.0</ns3:atemp>
            <ns3:hr>91</ns3:hr>
          </ns3:TrackPointExtension>
        </extensions>
      </trkpt>
      <trkpt lat="47.712205834686756134033203125" lon="-122.37489036284387111663818359375">
        <ele>26.799999237060546875</ele>
        <time>2026-07-07T22:57:36.000Z</time>
        <extensions>
          <ns3:TrackPointExtension>
            <ns3:atemp>28.0</ns3:atemp>
            <ns3:hr>90</ns3:hr>
          </ns3:TrackPointExtension>
        </extensions>
      </trkpt>
      <trkpt lat="47.71219602786004543304443359375" lon="-122.37485113553702831268310546875">
        <ele>26.6000003814697265625</ele>
        <time>2026-07-07T22:57:37.000Z</time>
        <extensions>
          <ns3:TrackPointExtension>
            <ns3:atemp>28.0</ns3:atemp>
            <ns3:hr>89</ns3:hr>
          </ns3:TrackPointExtension>
        </extensions>
      </trkpt>
      <trkpt lat="47.7121935971081256866455078125" lon="-122.37473328597843647003173828125">
        <ele>26.6000003814697265625</ele>
        <time>2026-07-07T22:57:40.000Z</time>
        <extensions>
          <ns3:TrackPointExtension>
            <ns3:atemp>27.0</ns3:atemp>
            <ns3:hr>89</ns3:hr>
          </ns3:TrackPointExtension>
        </extensions>
      </trkpt>
      <trkpt lat="47.71211891435086727142333984375" lon="-122.374561540782451629638671875">
        <ele>26.3999996185302734375</ele>
        <time>2026-07-07T22:57:45.000Z</time>
        <extensions>
          <ns3:TrackPointExtension>
            <ns3:atemp>27.0</ns3:atemp>
            <ns3:hr>87</ns3:hr>
          </ns3:TrackPointExtension>
        </extensions>
      </trkpt>
      <trkpt lat="47.71211438812315464019775390625" lon="-122.3744185455143451690673828125">
        <ele>26.3999996185302734375</ele>
        <time>2026-07-07T22:57:49.000Z</time>
        <extensions>
          <ns3:TrackPointExtension>
            <ns3:atemp>27.0</ns3:atemp>
            <ns3:hr>84</ns3:hr>
          </ns3:TrackPointExtension>
        </extensions>
      </trkpt>
      <trkpt lat="47.71211095154285430908203125" lon="-122.3743414320051670074462890625">
        <ele>26.3999996185302734375</ele>
        <time>2026-07-07T22:57:51.000Z</time>
        <extensions>
          <ns3:TrackPointExtension>
            <ns3:atemp>27.0</ns3:atemp>
            <ns3:hr>85</ns3:hr>
          </ns3:TrackPointExtension>
        </extensions>
      </trkpt>
      <trkpt lat="47.71210516802966594696044921875" lon="-122.3743058927357196807861328125">
        <ele>26.200000762939453125</ele>
        <time>2026-07-07T22:57:52.000Z</time>
        <extensions>
          <ns3:TrackPointExtension>
            <ns3:atemp>27.0</ns3:atemp>
            <ns3:hr>88</ns3:hr>
          </ns3:TrackPointExtension>
        </extensions>
      </trkpt>
      <trkpt lat="47.7120775915682315826416015625" lon="-122.3742773942649364471435546875">
        <ele>26.200000762939453125</ele>
        <time>2026-07-07T22:57:53.000Z</time>
        <extensions>
          <ns3:TrackPointExtension>
            <ns3:atemp>27.0</ns3:atemp>
            <ns3:hr>85</ns3:hr>
          </ns3:TrackPointExtension>
        </extensions>
      </trkpt>
      <trkpt lat="47.712048925459384918212890625" lon="-122.374212853610515594482421875">
        <ele>26</ele>
        <time>2026-07-07T22:57:55.000Z</time>
        <extensions>
          <ns3:TrackPointExtension>
            <ns3:atemp>27.0</ns3:atemp>
            <ns3:hr>85</ns3:hr>
          </ns3:TrackPointExtension>
        </extensions>
      </trkpt>
      <trkpt lat="47.7120284736156463623046875" lon="-122.374134063720703125">
        <ele>25.799999237060546875</ele>
        <time>2026-07-07T22:57:57.000Z</time>
        <extensions>
          <ns3:TrackPointExtension>
            <ns3:atemp>27.0</ns3:atemp>
            <ns3:hr>84</ns3:hr>
          </ns3:TrackPointExtension>
        </extensions>
      </trkpt>
      <trkpt lat="47.7120205946266651153564453125" lon="-122.37409508787095546722412109375">
        <ele>25.6000003814697265625</ele>
        <time>2026-07-07T22:57:58.000Z</time>
        <extensions>
          <ns3:TrackPointExtension>
            <ns3:atemp>27.0</ns3:atemp>
            <ns3:hr>87</ns3:hr>
          </ns3:TrackPointExtension>
        </extensions>
      </trkpt>
      <trkpt lat="47.71198128350079059600830078125" lon="-122.37401093356311321258544921875">
        <ele>25.3999996185302734375</ele>
        <time>2026-07-07T22:58:01.000Z</time>
        <extensions>
          <ns3:TrackPointExtension>
            <ns3:atemp>27.0</ns3:atemp>
            <ns3:hr>88</ns3:hr>
          </ns3:TrackPointExtension>
        </extensions>
      </trkpt>
      <trkpt lat="47.71189176477491855621337890625" lon="-122.37380591221153736114501953125">
        <ele>24.6000003814697265625</ele>
        <time>2026-07-07T22:58:06.000Z</time>
        <extensions>
          <ns3:TrackPointExtension>
            <ns3:atemp>27.0</ns3:atemp>
            <ns3:hr>91</ns3:hr>
          </ns3:TrackPointExtension>
        </extensions>
      </trkpt>
      <trkpt lat="47.7118737436830997467041015625" lon="-122.373750507831573486328125">
        <ele>24.6000003814697265625</ele>
        <time>2026-07-07T22:58:07.000Z</time>
        <extensions>
          <ns3:TrackPointExtension>
            <ns3:atemp>27.0</ns3:atemp>
            <ns3:hr>91</ns3:hr>
          </ns3:TrackPointExtension>
        </extensions>
      </trkpt>
      <trkpt lat="47.71186821162700653076171875" lon="-122.3736527748405933380126953125">
        <ele>23.6000003814697265625</ele>
        <time>2026-07-07T22:58:09.000Z</time>
        <extensions>
          <ns3:TrackPointExtension>
            <ns3:atemp>27.0</ns3:atemp>
            <ns3:hr>90</ns3:hr>
          </ns3:TrackPointExtension>
        </extensions>
      </trkpt>
      <trkpt lat="47.71183661185204982757568359375" lon="-122.373602651059627532958984375">
        <ele>23.200000762939453125</ele>
        <time>2026-07-07T22:58:10.000Z</time>
        <extensions>
          <ns3:TrackPointExtension>
            <ns3:atemp>27.0</ns3:atemp>
            <ns3:hr>90</ns3:hr>
          </ns3:TrackPointExtension>
        </extensions>
      </trkpt>
      <trkpt lat="47.71181146614253520965576171875" lon="-122.373557388782501220703125">
        <ele>22.6000003814697265625</ele>
        <time>2026-07-07T22:58:11.000Z</time>
        <extensions>
          <ns3:TrackPointExtension>
            <ns3:atemp>27.0</ns3:atemp>
            <ns3:hr>91</ns3:hr>
          </ns3:TrackPointExtension>
        </extensions>
      </trkpt>
      <trkpt lat="47.71169244311749935150146484375" lon="-122.37332604825496673583984375">
        <ele>21.3999996185302734375</ele>
        <time>2026-07-07T22:58:16.000Z</time>
        <extensions>
          <ns3:TrackPointExtension>
            <ns3:atemp>27.0</ns3:atemp>
            <ns3:hr>89</ns3:hr>
          </ns3:TrackPointExtension>
        </extensions>
      </trkpt>
      <trkpt lat="47.7116709016263484954833984375" lon="-122.3732685483992099761962890625">
        <ele>20.799999237060546875</ele>
        <time>2026-07-07T22:58:17.000Z</time>
        <extensions>
          <ns3:TrackPointExtension>
            <ns3:atemp>27.0</ns3:atemp>
            <ns3:hr>89</ns3:hr>
          </ns3:TrackPointExtension>
        </extensions>
      </trkpt>
      <trkpt lat="47.71164550445973873138427734375" lon="-122.3732008226215839385986328125">
        <ele>20.3999996185302734375</ele>
        <time>2026-07-07T22:58:18.000Z</time>
        <extensions>
          <ns3:TrackPointExtension>
            <ns3:atemp>27.0</ns3:atemp>
            <ns3:hr>89</ns3:hr>
          </ns3:TrackPointExtension>
        </extensions>
      </trkpt>
      <trkpt lat="47.7115515433251857757568359375" lon="-122.37306914292275905609130859375">
        <ele>19.799999237060546875</ele>
        <time>2026-07-07T22:58:20.000Z</time>
        <extensions>
          <ns3:TrackPointExtension>
            <ns3:atemp>27.0</ns3:atemp>
            <ns3:hr>89</ns3:hr>
          </ns3:TrackPointExtension>
        </extensions>
      </trkpt>
      <trkpt lat="47.71152631379663944244384765625" lon="-122.37299219705164432525634765625">
        <ele>19.3999996185302734375</ele>
        <time>2026-07-07T22:58:21.000Z</time>
        <extensions>
          <ns3:TrackPointExtension>
            <ns3:atemp>27.0</ns3:atemp>
            <ns3:hr>87</ns3:hr>
          </ns3:TrackPointExtension>
        </extensions>
      </trkpt>
      <trkpt lat="47.7115309238433837890625" lon="-122.37290251068770885467529296875">
        <ele>18.799999237060546875</ele>
        <time>2026-07-07T22:58:22.000Z</time>
        <extensions>
          <ns3:TrackPointExtension>
            <ns3:atemp>27.0</ns3:atemp>
            <ns3:hr>89</ns3:hr>
          </ns3:TrackPointExtension>
        </extensions>
      </trkpt>
      <trkpt lat="47.7114405669271945953369140625" lon="-122.37267158925533294677734375">
        <ele>17.3999996185302734375</ele>
        <time>2026-07-07T22:58:25.000Z</time>
        <extensions>
          <ns3:TrackPointExtension>
            <ns3:atemp>27.0</ns3:atemp>
            <ns3:hr>89</ns3:hr>
          </ns3:TrackPointExtension>
        </extensions>
      </trkpt>
      <trkpt lat="47.7113621123135089874267578125" lon="-122.3725037835538387298583984375">
        <ele>16.799999237060546875</ele>
        <time>2026-07-07T22:58:27.000Z</time>
        <extensions>
          <ns3:TrackPointExtension>
            <ns3:atemp>27.0</ns3:atemp>
            <ns3:hr>89</ns3:hr>
          </ns3:TrackPointExtension>
        </extensions>
      </trkpt>
      <trkpt lat="47.7112618647515773773193359375" lon="-122.372097931802272796630859375">
        <ele>17</ele>
        <time>2026-07-07T22:58:33.000Z</time>
        <extensions>
          <ns3:TrackPointExtension>
            <ns3:atemp>27.0</ns3:atemp>
            <ns3:hr>90</ns3:hr>
          </ns3:TrackPointExtension>
        </extensions>
      </trkpt>
      <trkpt lat="47.71121283061802387237548828125" lon="-122.37169182859361171722412109375">
        <ele>17.6000003814697265625</ele>
        <time>2026-07-07T22:58:40.000Z</time>
        <extensions>
          <ns3:TrackPointExtension>
            <ns3:atemp>27.0</ns3:atemp>
            <ns3:hr>91</ns3:hr>
          </ns3:TrackPointExtension>
        </extensions>
      </trkpt>
      <trkpt lat="47.711181901395320892333984375" lon="-122.37148471176624298095703125">
        <ele>18.200000762939453125</ele>
        <time>2026-07-07T22:58:44.000Z</time>
        <extensions>
          <ns3:TrackPointExtension>
            <ns3:atemp>27.0</ns3:atemp>
            <ns3:hr>88</ns3:hr>
          </ns3:TrackPointExtension>
        </extensions>
      </trkpt>
      <trkpt lat="47.71116681396961212158203125" lon="-122.37138723023235797882080078125">
        <ele>18.6000003814697265625</ele>
        <time>2026-07-07T22:58:46.000Z</time>
        <extensions>
          <ns3:TrackPointExtension>
            <ns3:atemp>27.0</ns3:atemp>
            <ns3:hr>87</ns3:hr>
          </ns3:TrackPointExtension>
        </extensions>
      </trkpt>
      <trkpt lat="47.71114376373589038848876953125" lon="-122.37118589691817760467529296875">
        <ele>19.200000762939453125</ele>
        <time>2026-07-07T22:58:51.000Z</time>
        <extensions>
          <ns3:TrackPointExtension>
            <ns3:atemp>27.0</ns3:atemp>
            <ns3:hr>86</ns3:hr>
          </ns3:TrackPointExtension>
        </extensions>
      </trkpt>
      <trkpt lat="47.71113990806043148040771484375" lon="-122.371141724288463592529296875">
        <ele>19.6000003814697265625</ele>
        <time>2026-07-07T22:58:52.000Z</time>
        <extensions>
          <ns3:TrackPointExtension>
            <ns3:atemp>27.0</ns3:atemp>
            <ns3:hr>85</ns3:hr>
          </ns3:TrackPointExtension>
        </extensions>
      </trkpt>
      <trkpt lat="47.71112750284373760223388671875" lon="-122.370935194194316864013671875">
        <ele>20.799999237060546875</ele>
        <time>2026-07-07T22:58:57.000Z</time>
        <extensions>
          <ns3:TrackPointExtension>
            <ns3:atemp>26.0</ns3:atemp>
            <ns3:hr>86</ns3:hr>
          </ns3:TrackPointExtension>
        </extensions>
      </trkpt>
      <trkpt lat="47.7111250720918178558349609375" lon="-122.3708994872868061065673828125">
        <ele>21</ele>
        <time>2026-07-07T22:58:58.000Z</time>
        <extensions>
          <ns3:TrackPointExtension>
            <ns3:atemp>26.0</ns3:atemp>
            <ns3:hr>86</ns3:hr>
          </ns3:TrackPointExtension>
        </extensions>
      </trkpt>
      <trkpt lat="47.71113169379532337188720703125" lon="-122.37079697661101818084716796875">
        <ele>21.6000003814697265625</ele>
        <time>2026-07-07T22:59:01.000Z</time>
        <extensions>
          <ns3:TrackPointExtension>
            <ns3:atemp>26.0</ns3:atemp>
            <ns3:hr>89</ns3:hr>
          </ns3:TrackPointExtension>
        </extensions>
      </trkpt>
      <trkpt lat="47.7111381478607654571533203125" lon="-122.3707633651793003082275390625">
        <ele>21.799999237060546875</ele>
        <time>2026-07-07T22:59:02.000Z</time>
        <extensions>
          <ns3:TrackPointExtension>
            <ns3:atemp>26.0</ns3:atemp>
            <ns3:hr>89</ns3:hr>
          </ns3:TrackPointExtension>
        </extensions>
      </trkpt>
      <trkpt lat="47.7111381478607654571533203125" lon="-122.3707633651793003082275390625">
        <ele>21.799999237060546875</ele>
        <time>2026-07-07T22:59:03.000Z</time>
        <extensions>
          <ns3:TrackPointExtension>
            <ns3:atemp>26.0</ns3:atemp>
            <ns3:hr>90</ns3:hr>
          </ns3:TrackPointExtension>
        </extensions>
      </trkpt>
      <trkpt lat="47.71113554947078227996826171875" lon="-122.37070058472454547882080078125">
        <ele>22.200000762939453125</ele>
        <time>2026-07-07T22:59:04.000Z</time>
        <extensions>
          <ns3:TrackPointExtension>
            <ns3:atemp>26.0</ns3:atemp>
            <ns3:hr>87</ns3:hr>
          </ns3:TrackPointExtension>
        </extensions>
      </trkpt>
      <trkpt lat="47.7111324481666088104248046875" lon="-122.3706694878637790679931640625">
        <ele>22.3999996185302734375</ele>
        <time>2026-07-07T22:59:05.000Z</time>
        <extensions>
          <ns3:TrackPointExtension>
            <ns3:atemp>26.0</ns3:atemp>
            <ns3:hr>90</ns3:hr>
          </ns3:TrackPointExtension>
        </extensions>
      </trkpt>
      <trkpt lat="47.71111694164574146270751953125" lon="-122.37057502381503582000732421875">
        <ele>23</ele>
        <time>2026-07-07T22:59:08.000Z</time>
        <extensions>
          <ns3:TrackPointExtension>
            <ns3:atemp>26.0</ns3:atemp>
            <ns3:hr>91</ns3:hr>
          </ns3:TrackPointExtension>
        </extensions>
      </trkpt>
      <trkpt lat="47.7111176960170269012451171875" lon="-122.37054317258298397064208984375">
        <ele>23.200000762939453125</ele>
        <time>2026-07-07T22:59:09.000Z</time>
        <extensions>
          <ns3:TrackPointExtension>
            <ns3:atemp>26.0</ns3:atemp>
            <ns3:hr>91</ns3:hr>
          </ns3:TrackPointExtension>
        </extensions>
      </trkpt>
      <trkpt lat="47.71113672293722629547119140625" lon="-122.370464801788330078125">
        <ele>23.799999237060546875</ele>
        <time>2026-07-07T22:59:12.000Z</time>
        <extensions>
          <ns3:TrackPointExtension>
            <ns3:atemp>26.0</ns3:atemp>
            <ns3:hr>90</ns3:hr>
          </ns3:TrackPointExtension>
        </extensions>
      </trkpt>
      <trkpt lat="47.7111415006220340728759765625" lon="-122.37043605186045169830322265625">
        <ele>24.200000762939453125</ele>
        <time>2026-07-07T22:59:13.000Z</time>
        <extensions>
          <ns3:TrackPointExtension>
            <ns3:atemp>26.0</ns3:atemp>
            <ns3:hr>90</ns3:hr>
          </ns3:TrackPointExtension>
        </extensions>
      </trkpt>
      <trkpt lat="47.7111401595175266265869140625" lon="-122.37040604464709758758544921875">
        <ele>24.3999996185302734375</ele>
        <time>2026-07-07T22:59:14.000Z</time>
        <extensions>
          <ns3:TrackPointExtension>
            <ns3:atemp>26.0</ns3:atemp>
            <ns3:hr>90</ns3:hr>
          </ns3:TrackPointExtension>
        </extensions>
      </trkpt>
      <trkpt lat="47.71113990806043148040771484375" lon="-122.37031929194927215576171875">
        <ele>25.3999996185302734375</ele>
        <time>2026-07-07T22:59:17.000Z</time>
        <extensions>
          <ns3:TrackPointExtension>
            <ns3:atemp>26.0</ns3:atemp>
            <ns3:hr>90</ns3:hr>
          </ns3:TrackPointExtension>
        </extensions>
      </trkpt>
      <trkpt lat="47.7111123315989971160888671875" lon="-122.3702222295105457305908203125">
        <ele>26.200000762939453125</ele>
        <time>2026-07-07T22:59:21.000Z</time>
        <extensions>
          <ns3:TrackPointExtension>
            <ns3:atemp>26.0</ns3:atemp>
            <ns3:hr>92</ns3:hr>
          </ns3:TrackPointExtension>
        </extensions>
      </trkpt>
      <trkpt lat="47.71110788919031620025634765625" lon="-122.3701162822544574737548828125">
        <ele>26.3999996185302734375</ele>
        <time>2026-07-07T22:59:24.000Z</time>
        <extensions>
          <ns3:TrackPointExtension>
            <ns3:atemp>26.0</ns3:atemp>
            <ns3:hr>93</ns3:hr>
          </ns3:TrackPointExtension>
        </extensions>
      </trkpt>
      <trkpt lat="47.711135633289813995361328125" lon="-122.369966916739940643310546875">
        <ele>27.6000003814697265625</ele>
        <time>2026-07-07T22:59:29.000Z</time>
        <extensions>
          <ns3:TrackPointExtension>
            <ns3:atemp>26.0</ns3:atemp>
            <ns3:hr>94</ns3:hr>
          </ns3:TrackPointExtension>
        </extensions>
      </trkpt>
      <trkpt lat="47.7111713401973247528076171875" lon="-122.3698545992374420166015625">
        <ele>28.799999237060546875</ele>
        <time>2026-07-07T22:59:33.000Z</time>
        <extensions>
          <ns3:TrackPointExtension>
            <ns3:atemp>26.0</ns3:atemp>
            <ns3:hr>95</ns3:hr>
          </ns3:TrackPointExtension>
        </extensions>
      </trkpt>
      <trkpt lat="47.711177207529544830322265625" lon="-122.369821071624755859375">
        <ele>29</ele>
        <time>2026-07-07T22:59:34.000Z</time>
        <extensions>
          <ns3:TrackPointExtension>
            <ns3:atemp>26.0</ns3:atemp>
            <ns3:hr>96</ns3:hr>
          </ns3:TrackPointExtension>
        </extensions>
      </trkpt>
      <trkpt lat="47.71122858859598636627197265625" lon="-122.36967019736766815185546875">
        <ele>29.799999237060546875</ele>
        <time>2026-07-07T22:59:40.000Z</time>
        <extensions>
          <ns3:TrackPointExtension>
            <ns3:atemp>26.0</ns3:atemp>
            <ns3:hr>96</ns3:hr>
          </ns3:TrackPointExtension>
        </extensions>
      </trkpt>
      <trkpt lat="47.711226157844066619873046875" lon="-122.3696418665349483489990234375">
        <ele>30</ele>
        <time>2026-07-07T22:59:41.000Z</time>
        <extensions>
          <ns3:TrackPointExtension>
            <ns3:atemp>26.0</ns3:atemp>
            <ns3:hr>96</ns3:hr>
          </ns3:TrackPointExtension>
        </extensions>
      </trkpt>
      <trkpt lat="47.71123747341334819793701171875" lon="-122.3695905692875385284423828125">
        <ele>30.3999996185302734375</ele>
        <time>2026-07-07T22:59:42.000Z</time>
        <extensions>
          <ns3:TrackPointExtension>
            <ns3:atemp>26.0</ns3:atemp>
            <ns3:hr>95</ns3:hr>
          </ns3:TrackPointExtension>
        </extensions>
      </trkpt>
      <trkpt lat="47.711240909993648529052734375" lon="-122.36952477134764194488525390625">
        <ele>31</ele>
        <time>2026-07-07T22:59:45.000Z</time>
        <extensions>
          <ns3:TrackPointExtension>
            <ns3:atemp>26.0</ns3:atemp>
            <ns3:hr>94</ns3:hr>
          </ns3:TrackPointExtension>
        </extensions>
      </trkpt>
      <trkpt lat="47.71124736405909061431884765625" lon="-122.3694951832294464111328125">
        <ele>31.3999996185302734375</ele>
        <time>2026-07-07T22:59:46.000Z</time>
        <extensions>
          <ns3:TrackPointExtension>
            <ns3:atemp>26.0</ns3:atemp>
            <ns3:hr>93</ns3:hr>
          </ns3:TrackPointExtension>
        </extensions>
      </trkpt>
      <trkpt lat="47.71125842817127704620361328125" lon="-122.36940440721809864044189453125">
        <ele>32.200000762939453125</ele>
        <time>2026-07-07T22:59:50.000Z</time>
        <extensions>
          <ns3:TrackPointExtension>
            <ns3:atemp>26.0</ns3:atemp>
            <ns3:hr>91</ns3:hr>
          </ns3:TrackPointExtension>
        </extensions>
      </trkpt>
      <trkpt lat="47.7112699113786220550537109375" lon="-122.36934355460107326507568359375">
        <ele>32.59999847412109375</ele>
        <time>2026-07-07T22:59:53.000Z</time>
        <extensions>
          <ns3:TrackPointExtension>
            <ns3:atemp>26.0</ns3:atemp>
            <ns3:hr>91</ns3:hr>
          </ns3:TrackPointExtension>
        </extensions>
      </trkpt>
      <trkpt lat="47.71129027940332889556884765625" lon="-122.36923794262111186981201171875">
        <ele>33.200000762939453125</ele>
        <time>2026-07-07T22:59:57.000Z</time>
        <extensions>
          <ns3:TrackPointExtension>
            <ns3:atemp>26.0</ns3:atemp>
            <ns3:hr>93</ns3:hr>
          </ns3:TrackPointExtension>
        </extensions>
      </trkpt>
      <trkpt lat="47.71130050532519817352294921875" lon="-122.36917675472795963287353515625">
        <ele>33.799999237060546875</ele>
        <time>2026-07-07T22:59:59.000Z</time>
        <extensions>
          <ns3:TrackPointExtension>
            <ns3:atemp>26.0</ns3:atemp>
            <ns3:hr>93</ns3:hr>
          </ns3:TrackPointExtension>
        </extensions>
      </trkpt>
      <trkpt lat="47.71131911315023899078369140625" lon="-122.36909964121878147125244140625">
        <ele>34.40000152587890625</ele>
        <time>2026-07-07T23:00:02.000Z</time>
        <extensions>
          <ns3:TrackPointExtension>
            <ns3:atemp>26.0</ns3:atemp>
            <ns3:hr>93</ns3:hr>
          </ns3:TrackPointExtension>
        </extensions>
      </trkpt>
      <trkpt lat="47.7113248966634273529052734375" lon="-122.36906242556869983673095703125">
        <ele>34.799999237060546875</ele>
        <time>2026-07-07T23:00:04.000Z</time>
        <extensions>
          <ns3:TrackPointExtension>
            <ns3:atemp>26.0</ns3:atemp>
            <ns3:hr>93</ns3:hr>
          </ns3:TrackPointExtension>
        </extensions>
      </trkpt>
      <trkpt lat="47.71134744398295879364013671875" lon="-122.3690179176628589630126953125">
        <ele>35</ele>
        <time>2026-07-07T23:00:06.000Z</time>
        <extensions>
          <ns3:TrackPointExtension>
            <ns3:atemp>26.0</ns3:atemp>
            <ns3:hr>93</ns3:hr>
          </ns3:TrackPointExtension>
        </extensions>
      </trkpt>
      <trkpt lat="47.7113664709031581878662109375" lon="-122.36893820576369762420654296875">
        <ele>35.59999847412109375</ele>
        <time>2026-07-07T23:00:09.000Z</time>
        <extensions>
          <ns3:TrackPointExtension>
            <ns3:atemp>26.0</ns3:atemp>
            <ns3:hr>93</ns3:hr>
          </ns3:TrackPointExtension>
        </extensions>
      </trkpt>
      <trkpt lat="47.71137200295925140380859375" lon="-122.36891557462513446807861328125">
        <ele>35.799999237060546875</ele>
        <time>2026-07-07T23:00:10.000Z</time>
        <extensions>
          <ns3:TrackPointExtension>
            <ns3:atemp>26.0</ns3:atemp>
            <ns3:hr>93</ns3:hr>
          </ns3:TrackPointExtension>
        </extensions>
      </trkpt>
      <trkpt lat="47.7113755233585834503173828125" lon="-122.368894033133983612060546875">
        <ele>36</ele>
        <time>2026-07-07T23:00:11.000Z</time>
        <extensions>
          <ns3:TrackPointExtension>
            <ns3:atemp>26.0</ns3:atemp>
            <ns3:hr>93</ns3:hr>
          </ns3:TrackPointExtension>
        </extensions>
      </trkpt>
      <trkpt lat="47.7113973163068294525146484375" lon="-122.36878884024918079376220703125">
        <ele>36.799999237060546875</ele>
        <time>2026-07-07T23:00:15.000Z</time>
        <extensions>
          <ns3:TrackPointExtension>
            <ns3:atemp>26.0</ns3:atemp>
            <ns3:hr>94</ns3:hr>
          </ns3:TrackPointExtension>
        </extensions>
      </trkpt>
      <trkpt lat="47.71141181699931621551513671875" lon="-122.368691526353359222412109375">
        <ele>37.59999847412109375</ele>
        <time>2026-07-07T23:00:19.000Z</time>
        <extensions>
          <ns3:TrackPointExtension>
            <ns3:atemp>26.0</ns3:atemp>
            <ns3:hr>94</ns3:hr>
          </ns3:TrackPointExtension>
        </extensions>
      </trkpt>
      <trkpt lat="47.71140796132385730743408203125" lon="-122.36867384053766727447509765625">
        <ele>37.799999237060546875</ele>
        <time>2026-07-07T23:00:20.000Z</time>
        <extensions>
          <ns3:TrackPointExtension>
            <ns3:atemp>26.0</ns3:atemp>
            <ns3:hr>94</ns3:hr>
          </ns3:TrackPointExtension>
        </extensions>
      </trkpt>
      <trkpt lat="47.71140226162970066070556640625" lon="-122.3685958050191402435302734375">
        <ele>39</ele>
        <time>2026-07-07T23:00:24.000Z</time>
        <extensions>
          <ns3:TrackPointExtension>
            <ns3:atemp>26.0</ns3:atemp>
            <ns3:hr>93</ns3:hr>
          </ns3:TrackPointExtension>
        </extensions>
      </trkpt>
      <trkpt lat="47.71142162382602691650390625" lon="-122.3685671389102935791015625">
        <ele>39.200000762939453125</ele>
        <time>2026-07-07T23:00:26.000Z</time>
        <extensions>
          <ns3:TrackPointExtension>
            <ns3:atemp>26.0</ns3:atemp>
            <ns3:hr>94</ns3:hr>
          </ns3:TrackPointExtension>
        </extensions>
      </trkpt>
      <trkpt lat="47.7115156687796115875244140625" lon="-122.3684546537697315216064453125">
        <ele>39.59999847412109375</ele>
        <time>2026-07-07T23:00:31.000Z</time>
        <extensions>
          <ns3:TrackPointExtension>
            <ns3:atemp>26.0</ns3:atemp>
            <ns3:hr>94</ns3:hr>
          </ns3:TrackPointExtension>
        </extensions>
      </trkpt>
      <trkpt lat="47.7115310914814472198486328125" lon="-122.3684357106685638427734375">
        <ele>39.799999237060546875</ele>
        <time>2026-07-07T23:00:32.000Z</time>
        <extensions>
          <ns3:TrackPointExtension>
            <ns3:atemp>26.0</ns3:atemp>
            <ns3:hr>95</ns3:hr>
          </ns3:TrackPointExtension>
        </extensions>
      </trkpt>
      <trkpt lat="47.71153829991817474365234375" lon="-122.36841282807290554046630859375">
        <ele>40</ele>
        <time>2026-07-07T23:00:33.000Z</time>
        <extensions>
          <ns3:TrackPointExtension>
            <ns3:atemp>26.0</ns3:atemp>
            <ns3:hr>95</ns3:hr>
          </ns3:TrackPointExtension>
        </extensions>
      </trkpt>
      <trkpt lat="47.71156587637960910797119140625" lon="-122.36835231073200702667236328125">
        <ele>40.40000152587890625</ele>
        <time>2026-07-07T23:00:37.000Z</time>
        <extensions>
          <ns3:TrackPointExtension>
            <ns3:atemp>26.0</ns3:atemp>
            <ns3:hr>96</ns3:hr>
          </ns3:TrackPointExtension>
        </extensions>
      </trkpt>
      <trkpt lat="47.71158163435757160186767578125" lon="-122.3683409951627254486083984375">
        <ele>40.59999847412109375</ele>
        <time>2026-07-07T23:00:38.000Z</time>
        <extensions>
          <ns3:TrackPointExtension>
            <ns3:atemp>26.0</ns3:atemp>
            <ns3:hr>96</ns3:hr>
          </ns3:TrackPointExtension>
        </extensions>
      </trkpt>
      <trkpt lat="47.711613066494464874267578125" lon="-122.3683021031320095062255859375">
        <ele>41</ele>
        <time>2026-07-07T23:00:40.000Z</time>
        <extensions>
          <ns3:TrackPointExtension>
            <ns3:atemp>26.0</ns3:atemp>
            <ns3:hr>96</ns3:hr>
          </ns3:TrackPointExtension>
        </extensions>
      </trkpt>
      <trkpt lat="47.71163217723369598388671875" lon="-122.368257008492946624755859375">
        <ele>41.40000152587890625</ele>
        <time>2026-07-07T23:00:42.000Z</time>
        <extensions>
          <ns3:TrackPointExtension>
            <ns3:atemp>26.0</ns3:atemp>
            <ns3:hr>99</ns3:hr>
          </ns3:TrackPointExtension>
        </extensions>
      </trkpt>
      <trkpt lat="47.7116395533084869384765625" lon="-122.3682390712201595306396484375">
        <ele>41.59999847412109375</ele>
        <time>2026-07-07T23:00:43.000Z</time>
        <extensions>
          <ns3:TrackPointExtension>
            <ns3:atemp>26.0</ns3:atemp>
            <ns3:hr>97</ns3:hr>
          </ns3:TrackPointExtension>
        </extensions>
      </trkpt>
      <trkpt lat="47.71165505982935428619384765625" lon="-122.36819121055305004119873046875">
        <ele>42.200000762939453125</ele>
        <time>2026-07-07T23:00:45.000Z</time>
        <extensions>
          <ns3:TrackPointExtension>
            <ns3:atemp>26.0</ns3:atemp>
            <ns3:hr>98</ns3:hr>
          </ns3:TrackPointExtension>
        </extensions>
      </trkpt>
      <trkpt lat="47.7117000706493854522705078125" lon="-122.36807621084153652191162109375">
        <ele>43</ele>
        <time>2026-07-07T23:00:49.000Z</time>
        <extensions>
          <ns3:TrackPointExtension>
            <ns3:atemp>26.0</ns3:atemp>
            <ns3:hr>101</ns3:hr>
          </ns3:TrackPointExtension>
        </extensions>
      </trkpt>
      <trkpt lat="47.71170727908611297607421875" lon="-122.3680442757904529571533203125">
        <ele>43.200000762939453125</ele>
        <time>2026-07-07T23:00:50.000Z</time>
        <extensions>
          <ns3:TrackPointExtension>
            <ns3:atemp>26.0</ns3:atemp>
            <ns3:hr>102</ns3:hr>
          </ns3:TrackPointExtension>
        </extensions>
      </trkpt>
      <trkpt lat="47.71170727908611297607421875" lon="-122.3680442757904529571533203125">
        <ele>43.200000762939453125</ele>
        <time>2026-07-07T23:00:51.000Z</time>
        <extensions>
          <ns3:TrackPointExtension>
            <ns3:atemp>26.0</ns3:atemp>
            <ns3:hr>105</ns3:hr>
          </ns3:TrackPointExtension>
        </extensions>
      </trkpt>
      <trkpt lat="47.71168892271816730499267578125" lon="-122.36794528551399707794189453125">
        <ele>43.799999237060546875</ele>
        <time>2026-07-07T23:00:54.000Z</time>
        <extensions>
          <ns3:TrackPointExtension>
            <ns3:atemp>26.0</ns3:atemp>
            <ns3:hr>109</ns3:hr>
          </ns3:TrackPointExtension>
        </extensions>
      </trkpt>
      <trkpt lat="47.71167484112083911895751953125" lon="-122.36785777844488620758056640625">
        <ele>44.200000762939453125</ele>
        <time>2026-07-07T23:00:57.000Z</time>
        <extensions>
          <ns3:TrackPointExtension>
            <ns3:atemp>26.0</ns3:atemp>
            <ns3:hr>109</ns3:hr>
          </ns3:TrackPointExtension>
        </extensions>
      </trkpt>
      <trkpt lat="47.71166763268411159515380859375" lon="-122.36769567243754863739013671875">
        <ele>45</ele>
        <time>2026-07-07T23:01:04.000Z</time>
        <extensions>
          <ns3:TrackPointExtension>
            <ns3:atemp>26.0</ns3:atemp>
            <ns3:hr>109</ns3:hr>
          </ns3:TrackPointExtension>
        </extensions>
      </trkpt>
      <trkpt lat="47.71164684556424617767333984375" lon="-122.36763901077210903167724609375">
        <ele>45.200000762939453125</ele>
        <time>2026-07-07T23:01:06.000Z</time>
        <extensions>
          <ns3:TrackPointExtension>
            <ns3:atemp>26.0</ns3:atemp>
            <ns3:hr>108</ns3:hr>
          </ns3:TrackPointExtension>
        </extensions>
      </trkpt>
      <trkpt lat="47.71158649586141109466552734375" lon="-122.367512695491313934326171875">
        <ele>46.200000762939453125</ele>
        <time>2026-07-07T23:01:11.000Z</time>
        <extensions>
          <ns3:TrackPointExtension>
            <ns3:atemp>26.0</ns3:atemp>
            <ns3:hr>108</ns3:hr>
          </ns3:TrackPointExtension>
        </extensions>
      </trkpt>
      <trkpt lat="47.71155984140932559967041015625" lon="-122.3674672655761241912841796875">
        <ele>46.40000152587890625</ele>
        <time>2026-07-07T23:01:13.000Z</time>
        <extensions>
          <ns3:TrackPointExtension>
            <ns3:atemp>26.0</ns3:atemp>
            <ns3:hr>108</ns3:hr>
          </ns3:TrackPointExtension>
        </extensions>
      </trkpt>
      <trkpt lat="47.71153067238628864288330078125" lon="-122.36740834079682826995849609375">
        <ele>47</ele>
        <time>2026-07-07T23:01:17.000Z</time>
        <extensions>
          <ns3:TrackPointExtension>
            <ns3:atemp>26.0</ns3:atemp>
            <ns3:hr>106</ns3:hr>
          </ns3:TrackPointExtension>
        </extensions>
      </trkpt>
      <trkpt lat="47.71151675842702388763427734375" lon="-122.36737414263188838958740234375">
        <ele>47.40000152587890625</ele>
        <time>2026-07-07T23:01:19.000Z</time>
        <extensions>
          <ns3:TrackPointExtension>
            <ns3:atemp>26.0</ns3:atemp>
            <ns3:hr>103</ns3:hr>
          </ns3:TrackPointExtension>
        </extensions>
      </trkpt>
      <trkpt lat="47.71150686778128147125244140625" lon="-122.36735939048230648040771484375">
        <ele>47.59999847412109375</ele>
        <time>2026-07-07T23:01:20.000Z</time>
        <extensions>
          <ns3:TrackPointExtension>
            <ns3:atemp>26.0</ns3:atemp>
            <ns3:hr>103</ns3:hr>
          </ns3:TrackPointExtension>
        </extensions>
      </trkpt>
      <trkpt lat="47.71147451363503932952880859375" lon="-122.3673056624829769134521484375">
        <ele>47.799999237060546875</ele>
        <time>2026-07-07T23:01:23.000Z</time>
        <extensions>
          <ns3:TrackPointExtension>
            <ns3:atemp>26.0</ns3:atemp>
            <ns3:hr>101</ns3:hr>
          </ns3:TrackPointExtension>
        </extensions>
      </trkpt>
      <trkpt lat="47.71140125580132007598876953125" lon="-122.367176748812198638916015625">
        <ele>48.59999847412109375</ele>
        <time>2026-07-07T23:01:29.000Z</time>
        <extensions>
          <ns3:TrackPointExtension>
            <ns3:atemp>26.0</ns3:atemp>
            <ns3:hr>99</ns3:hr>
          </ns3:TrackPointExtension>
        </extensions>
      </trkpt>
      <trkpt lat="47.711393125355243682861328125" lon="-122.3671507649123668670654296875">
        <ele>49</ele>
        <time>2026-07-07T23:01:30.000Z</time>
        <extensions>
          <ns3:TrackPointExtension>
            <ns3:atemp>26.0</ns3:atemp>
            <ns3:hr>99</ns3:hr>
          </ns3:TrackPointExtension>
        </extensions>
      </trkpt>
      <trkpt lat="47.71134945563971996307373046875" lon="-122.36704389564692974090576171875">
        <ele>49.40000152587890625</ele>
        <time>2026-07-07T23:01:34.000Z</time>
        <extensions>
          <ns3:TrackPointExtension>
            <ns3:atemp>26.0</ns3:atemp>
            <ns3:hr>102</ns3:hr>
          </ns3:TrackPointExtension>
        </extensions>
      </trkpt>
      <trkpt lat="47.71132749505341053009033203125" lon="-122.3669965378940105438232421875">
        <ele>50</ele>
        <time>2026-07-07T23:01:36.000Z</time>
        <extensions>
          <ns3:TrackPointExtension>
            <ns3:atemp>26.0</ns3:atemp>
            <ns3:hr>100</ns3:hr>
          </ns3:TrackPointExtension>
        </extensions>
      </trkpt>
      <trkpt lat="47.711304612457752227783203125" lon="-122.36696326173841953277587890625">
        <ele>50.40000152587890625</ele>
        <time>2026-07-07T23:01:38.000Z</time>
        <extensions>
          <ns3:TrackPointExtension>
            <ns3:atemp>26.0</ns3:atemp>
            <ns3:hr>101</ns3:hr>
          </ns3:TrackPointExtension>
        </extensions>
      </trkpt>
      <trkpt lat="47.711265049874782562255859375" lon="-122.36689369194209575653076171875">
        <ele>51</ele>
        <time>2026-07-07T23:01:43.000Z</time>
        <extensions>
          <ns3:TrackPointExtension>
            <ns3:atemp>26.0</ns3:atemp>
            <ns3:hr>100</ns3:hr>
          </ns3:TrackPointExtension>
        </extensions>
      </trkpt>
      <trkpt lat="47.71125859580934047698974609375" lon="-122.36687893979251384735107421875">
        <ele>51.200000762939453125</ele>
        <time>2026-07-07T23:01:44.000Z</time>
        <extensions>
          <ns3:TrackPointExtension>
            <ns3:atemp>26.0</ns3:atemp>
            <ns3:hr>101</ns3:hr>
          </ns3:TrackPointExtension>
        </extensions>
      </trkpt>
      <trkpt lat="47.71120947785675525665283203125" lon="-122.36670660786330699920654296875">
        <ele>52.200000762939453125</ele>
        <time>2026-07-07T23:01:52.000Z</time>
        <extensions>
          <ns3:TrackPointExtension>
            <ns3:atemp>26.0</ns3:atemp>
            <ns3:hr>101</ns3:hr>
          </ns3:TrackPointExtension>
        </extensions>
      </trkpt>
      <trkpt lat="47.71120394580066204071044921875" lon="-122.36668867059051990509033203125">
        <ele>52.40000152587890625</ele>
        <time>2026-07-07T23:01:53.000Z</time>
        <extensions>
          <ns3:TrackPointExtension>
            <ns3:atemp>26.0</ns3:atemp>
            <ns3:hr>100</ns3:hr>
          </ns3:TrackPointExtension>
        </extensions>
      </trkpt>
      <trkpt lat="47.71111610345542430877685546875" lon="-122.36652933061122894287109375">
        <ele>53.40000152587890625</ele>
        <time>2026-07-07T23:02:00.000Z</time>
        <extensions>
          <ns3:TrackPointExtension>
            <ns3:atemp>26.0</ns3:atemp>
            <ns3:hr>99</ns3:hr>
          </ns3:TrackPointExtension>
        </extensions>
      </trkpt>
      <trkpt lat="47.7110798098146915435791015625" lon="-122.36637887544929981231689453125">
        <ele>54.40000152587890625</ele>
        <time>2026-07-07T23:02:06.000Z</time>
        <extensions>
          <ns3:TrackPointExtension>
            <ns3:atemp>26.0</ns3:atemp>
            <ns3:hr>103</ns3:hr>
          </ns3:TrackPointExtension>
        </extensions>
      </trkpt>
      <trkpt lat="47.711074613034725189208984375" lon="-122.3663524724543094635009765625">
        <ele>54.40000152587890625</ele>
        <time>2026-07-07T23:02:07.000Z</time>
        <extensions>
          <ns3:TrackPointExtension>
            <ns3:atemp>26.0</ns3:atemp>
            <ns3:hr>99</ns3:hr>
          </ns3:TrackPointExtension>
        </extensions>
      </trkpt>
      <trkpt lat="47.71106891334056854248046875" lon="-122.366326488554477691650390625">
        <ele>54.59999847412109375</ele>
        <time>2026-07-07T23:02:08.000Z</time>
        <extensions>
          <ns3:TrackPointExtension>
            <ns3:atemp>26.0</ns3:atemp>
            <ns3:hr>102</ns3:hr>
          </ns3:TrackPointExtension>
        </extensions>
      </trkpt>
      <trkpt lat="47.71106757223606109619140625" lon="-122.3662971518933773040771484375">
        <ele>54.799999237060546875</ele>
        <time>2026-07-07T23:02:09.000Z</time>
        <extensions>
          <ns3:TrackPointExtension>
            <ns3:atemp>26.0</ns3:atemp>
            <ns3:hr>99</ns3:hr>
          </ns3:TrackPointExtension>
        </extensions>
      </trkpt>
      <trkpt lat="47.711056172847747802734375" lon="-122.36624007113277912139892578125">
        <ele>55.200000762939453125</ele>
        <time>2026-07-07T23:02:11.000Z</time>
        <extensions>
          <ns3:TrackPointExtension>
            <ns3:atemp>26.0</ns3:atemp>
            <ns3:hr>96</ns3:hr>
          </ns3:TrackPointExtension>
        </extensions>
      </trkpt>
      <trkpt lat="47.7110399119555950164794921875" lon="-122.36616144888103008270263671875">
        <ele>55.59999847412109375</ele>
        <time>2026-07-07T23:02:14.000Z</time>
        <extensions>
          <ns3:TrackPointExtension>
            <ns3:atemp>26.0</ns3:atemp>
            <ns3:hr>99</ns3:hr>
          </ns3:TrackPointExtension>
        </extensions>
      </trkpt>
      <trkpt lat="47.71102474071085453033447265625" lon="-122.36610889434814453125">
        <ele>55.799999237060546875</ele>
        <time>2026-07-07T23:02:16.000Z</time>
        <extensions>
          <ns3:TrackPointExtension>
            <ns3:atemp>26.0</ns3:atemp>
            <ns3:hr>99</ns3:hr>
          </ns3:TrackPointExtension>
        </extensions>
      </trkpt>
      <trkpt lat="47.71101719699800014495849609375" lon="-122.36595190130174160003662109375">
        <ele>55.799999237060546875</ele>
        <time>2026-07-07T23:02:22.000Z</time>
        <extensions>
          <ns3:TrackPointExtension>
            <ns3:atemp>26.0</ns3:atemp>
            <ns3:hr>100</ns3:hr>
          </ns3:TrackPointExtension>
        </extensions>
      </trkpt>
      <trkpt lat="47.7110516466200351715087890625" lon="-122.365658618509769439697265625">
        <ele>55</ele>
        <time>2026-07-07T23:02:29.000Z</time>
        <extensions>
          <ns3:TrackPointExtension>
            <ns3:atemp>26.0</ns3:atemp>
            <ns3:hr>101</ns3:hr>
          </ns3:TrackPointExtension>
        </extensions>
      </trkpt>
      <trkpt lat="47.71106765605509281158447265625" lon="-122.36559483222663402557373046875">
        <ele>54.40000152587890625</ele>
        <time>2026-07-07T23:02:30.000Z</time>
        <extensions>
          <ns3:TrackPointExtension>
            <ns3:atemp>26.0</ns3:atemp>
            <ns3:hr>101</ns3:hr>
          </ns3:TrackPointExtension>
        </extensions>
      </trkpt>
      <trkpt lat="47.71111040376126766204833984375" lon="-122.365370951592922210693359375">
        <ele>53.200000762939453125</ele>
        <time>2026-07-07T23:02:33.000Z</time>
        <extensions>
          <ns3:TrackPointExtension>
            <ns3:atemp>26.0</ns3:atemp>
            <ns3:hr>102</ns3:hr>
          </ns3:TrackPointExtension>
        </extensions>
      </trkpt>
      <trkpt lat="47.7111210487782955169677734375" lon="-122.36529509536921977996826171875">
        <ele>53.200000762939453125</ele>
        <time>2026-07-07T23:02:34.000Z</time>
        <extensions>
          <ns3:TrackPointExtension>
            <ns3:atemp>26.0</ns3:atemp>
            <ns3:hr>103</ns3:hr>
          </ns3:TrackPointExtension>
        </extensions>
      </trkpt>
      <trkpt lat="47.71112146787345409393310546875" lon="-122.36522032879292964935302734375">
        <ele>53</ele>
        <time>2026-07-07T23:02:35.000Z</time>
        <extensions>
          <ns3:TrackPointExtension>
            <ns3:atemp>26.0</ns3:atemp>
            <ns3:hr>104</ns3:hr>
          </ns3:TrackPointExtension>
        </extensions>
      </trkpt>
      <trkpt lat="47.71111845038831233978271484375" lon="-122.365140281617641448974609375">
        <ele>53</ele>
        <time>2026-07-07T23:02:36.000Z</time>
        <extensions>
          <ns3:TrackPointExtension>
            <ns3:atemp>26.0</ns3:atemp>
            <ns3:hr>101</ns3:hr>
          </ns3:TrackPointExtension>
        </extensions>
      </trkpt>
      <trkpt lat="47.7111096493899822235107421875" lon="-122.36506124027073383331298828125">
        <ele>52.799999237060546875</ele>
        <time>2026-07-07T23:02:37.000Z</time>
        <extensions>
          <ns3:TrackPointExtension>
            <ns3:atemp>26.0</ns3:atemp>
            <ns3:hr>101</ns3:hr>
          </ns3:TrackPointExtension>
        </extensions>
      </trkpt>
      <trkpt lat="47.7110915444791316986083984375" lon="-122.3649895749986171722412109375">
        <ele>52.59999847412109375</ele>
        <time>2026-07-07T23:02:38.000Z</time>
        <extensions>
          <ns3:TrackPointExtension>
            <ns3:atemp>26.0</ns3:atemp>
            <ns3:hr>101</ns3:hr>
          </ns3:TrackPointExtension>
        </extensions>
      </trkpt>
      <trkpt lat="47.71106748841702938079833984375" lon="-122.36492696218192577362060546875">
        <ele>52.59999847412109375</ele>
        <time>2026-07-07T23:02:39.000Z</time>
        <extensions>
          <ns3:TrackPointExtension>
            <ns3:atemp>26.0</ns3:atemp>
            <ns3:hr>101</ns3:hr>
          </ns3:TrackPointExtension>
        </extensions>
      </trkpt>
      <trkpt lat="47.71100512705743312835693359375" lon="-122.36486828885972499847412109375">
        <ele>52.40000152587890625</ele>
        <time>2026-07-07T23:02:41.000Z</time>
        <extensions>
          <ns3:TrackPointExtension>
            <ns3:atemp>26.0</ns3:atemp>
            <ns3:hr>102</ns3:hr>
          </ns3:TrackPointExtension>
        </extensions>
      </trkpt>
      <trkpt lat="47.71089280955493450164794921875" lon="-122.364890836179256439208984375">
        <ele>52.59999847412109375</ele>
        <time>2026-07-07T23:02:45.000Z</time>
        <extensions>
          <ns3:TrackPointExtension>
            <ns3:atemp>26.0</ns3:atemp>
            <ns3:hr>102</ns3:hr>
          </ns3:TrackPointExtension>
        </extensions>
      </trkpt>
      <trkpt lat="47.710769511759281158447265625" lon="-122.36497138626873493194580078125">
        <ele>53.200000762939453125</ele>
        <time>2026-07-07T23:02:51.000Z</time>
        <extensions>
          <ns3:TrackPointExtension>
            <ns3:atemp>26.0</ns3:atemp>
            <ns3:hr>102</ns3:hr>
          </ns3:TrackPointExtension>
        </extensions>
      </trkpt>
      <trkpt lat="47.71064671687781810760498046875" lon="-122.3650583066046237945556640625">
        <ele>54</ele>
        <time>2026-07-07T23:02:57.000Z</time>
        <extensions>
          <ns3:TrackPointExtension>
            <ns3:atemp>26.0</ns3:atemp>
            <ns3:hr>102</ns3:hr>
          </ns3:TrackPointExtension>
        </extensions>
      </trkpt>
      <trkpt lat="47.71054563112556934356689453125" lon="-122.36513298936188220977783203125">
        <ele>54.200000762939453125</ele>
        <time>2026-07-07T23:03:01.000Z</time>
        <extensions>
          <ns3:TrackPointExtension>
            <ns3:atemp>26.0</ns3:atemp>
            <ns3:hr>101</ns3:hr>
          </ns3:TrackPointExtension>
        </extensions>
      </trkpt>
      <trkpt lat="47.7104888856410980224609375" lon="-122.365149669349193572998046875">
        <ele>54.59999847412109375</ele>
        <time>2026-07-07T23:03:03.000Z</time>
        <extensions>
          <ns3:TrackPointExtension>
            <ns3:atemp>26.0</ns3:atemp>
            <ns3:hr>103</ns3:hr>
          </ns3:TrackPointExtension>
        </extensions>
      </trkpt>
      <trkpt lat="47.71036843769252300262451171875" lon="-122.36520138569176197052001953125">
        <ele>55.40000152587890625</ele>
        <time>2026-07-07T23:03:08.000Z</time>
        <extensions>
          <ns3:TrackPointExtension>
            <ns3:atemp>25.0</ns3:atemp>
            <ns3:hr>102</ns3:hr>
          </ns3:TrackPointExtension>
        </extensions>
      </trkpt>
      <trkpt lat="47.71034681238234043121337890625" lon="-122.3652116954326629638671875">
        <ele>55.40000152587890625</ele>
        <time>2026-07-07T23:03:09.000Z</time>
        <extensions>
          <ns3:TrackPointExtension>
            <ns3:atemp>25.0</ns3:atemp>
            <ns3:hr>103</ns3:hr>
          </ns3:TrackPointExtension>
        </extensions>
      </trkpt>
      <trkpt lat="47.71027900278568267822265625" lon="-122.3652497492730617523193359375">
        <ele>55.59999847412109375</ele>
        <time>2026-07-07T23:03:13.000Z</time>
        <extensions>
          <ns3:TrackPointExtension>
            <ns3:atemp>25.0</ns3:atemp>
            <ns3:hr>106</ns3:hr>
          </ns3:TrackPointExtension>
        </extensions>
      </trkpt>
      <trkpt lat="47.7102439664304256439208984375" lon="-122.36526458524167537689208984375">
        <ele>55.799999237060546875</ele>
        <time>2026-07-07T23:03:15.000Z</time>
        <extensions>
          <ns3:TrackPointExtension>
            <ns3:atemp>25.0</ns3:atemp>
            <ns3:hr>107</ns3:hr>
          </ns3:TrackPointExtension>
        </extensions>
      </trkpt>
      <trkpt lat="47.7101973630487918853759765625" lon="-122.3652742244303226470947265625">
        <ele>56.40000152587890625</ele>
        <time>2026-07-07T23:03:18.000Z</time>
        <extensions>
          <ns3:TrackPointExtension>
            <ns3:atemp>25.0</ns3:atemp>
            <ns3:hr>107</ns3:hr>
          </ns3:TrackPointExtension>
        </extensions>
      </trkpt>
      <trkpt lat="47.7101531066000461578369140625" lon="-122.365278415381908416748046875">
        <ele>57</ele>
        <time>2026-07-07T23:03:21.000Z</time>
        <extensions>
          <ns3:TrackPointExtension>
            <ns3:atemp>25.0</ns3:atemp>
            <ns3:hr>108</ns3:hr>
          </ns3:TrackPointExtension>
        </extensions>
      </trkpt>
      <trkpt lat="47.710098959505558013916015625" lon="-122.3652805946767330169677734375">
        <ele>57.59999847412109375</ele>
        <time>2026-07-07T23:03:24.000Z</time>
        <extensions>
          <ns3:TrackPointExtension>
            <ns3:atemp>25.0</ns3:atemp>
            <ns3:hr>108</ns3:hr>
          </ns3:TrackPointExtension>
        </extensions>
      </trkpt>
      <trkpt lat="47.710062749683856964111328125" lon="-122.3652691952884197235107421875">
        <ele>58</ele>
        <time>2026-07-07T23:03:26.000Z</time>
        <extensions>
          <ns3:TrackPointExtension>
            <ns3:atemp>25.0</ns3:atemp>
            <ns3:hr>105</ns3:hr>
          </ns3:TrackPointExtension>
        </extensions>
      </trkpt>
      <trkpt lat="47.70999862812459468841552734375" lon="-122.365244217216968536376953125">
        <ele>58.40000152587890625</ele>
        <time>2026-07-07T23:03:29.000Z</time>
        <extensions>
          <ns3:TrackPointExtension>
            <ns3:atemp>25.0</ns3:atemp>
            <ns3:hr>107</ns3:hr>
          </ns3:TrackPointExtension>
        </extensions>
      </trkpt>
      <trkpt lat="47.7099274657666683197021484375" lon="-122.36523206345736980438232421875">
        <ele>58.59999847412109375</ele>
        <time>2026-07-07T23:03:32.000Z</time>
        <extensions>
          <ns3:TrackPointExtension>
            <ns3:atemp>25.0</ns3:atemp>
            <ns3:hr>108</ns3:hr>
          </ns3:TrackPointExtension>
        </extensions>
      </trkpt>
      <trkpt lat="47.70986334420740604400634765625" lon="-122.3651863820850849151611328125">
        <ele>58.799999237060546875</ele>
        <time>2026-07-07T23:03:36.000Z</time>
        <extensions>
          <ns3:TrackPointExtension>
            <ns3:atemp>25.0</ns3:atemp>
            <ns3:hr>108</ns3:hr>
          </ns3:TrackPointExtension>
        </extensions>
      </trkpt>
      <trkpt lat="47.70977868698537349700927734375" lon="-122.3651505075395107269287109375">
        <ele>59</ele>
        <time>2026-07-07T23:03:40.000Z</time>
        <extensions>
          <ns3:TrackPointExtension>
            <ns3:atemp>25.0</ns3:atemp>
            <ns3:hr>111</ns3:hr>
          </ns3:TrackPointExtension>
        </extensions>
      </trkpt>
      <trkpt lat="47.7097125537693500518798828125" lon="-122.365092001855373382568359375">
        <ele>59.59999847412109375</ele>
        <time>2026-07-07T23:03:44.000Z</time>
        <extensions>
          <ns3:TrackPointExtension>
            <ns3:atemp>25.0</ns3:atemp>
            <ns3:hr>109</ns3:hr>
          </ns3:TrackPointExtension>
        </extensions>
      </trkpt>
      <trkpt lat="47.709677182137966156005859375" lon="-122.3650646768510341644287109375">
        <ele>59.59999847412109375</ele>
        <time>2026-07-07T23:03:46.000Z</time>
        <extensions>
          <ns3:TrackPointExtension>
            <ns3:atemp>25.0</ns3:atemp>
            <ns3:hr>108</ns3:hr>
          </ns3:TrackPointExtension>
        </extensions>
      </trkpt>
      <trkpt lat="47.70957500673830509185791015625" lon="-122.36498747952282428741455078125">
        <ele>60.200000762939453125</ele>
        <time>2026-07-07T23:03:52.000Z</time>
        <extensions>
          <ns3:TrackPointExtension>
            <ns3:atemp>25.0</ns3:atemp>
            <ns3:hr>108</ns3:hr>
          </ns3:TrackPointExtension>
        </extensions>
      </trkpt>
      <trkpt lat="47.709502838551998138427734375" lon="-122.3649208433926105499267578125">
        <ele>60.799999237060546875</ele>
        <time>2026-07-07T23:03:56.000Z</time>
        <extensions>
          <ns3:TrackPointExtension>
            <ns3:atemp>25.0</ns3:atemp>
            <ns3:hr>107</ns3:hr>
          </ns3:TrackPointExtension>
        </extensions>
      </trkpt>
      <trkpt lat="47.7094615995883941650390625" lon="-122.364896200597286224365234375">
        <ele>61</ele>
        <time>2026-07-07T23:03:58.000Z</time>
        <extensions>
          <ns3:TrackPointExtension>
            <ns3:atemp>25.0</ns3:atemp>
            <ns3:hr>106</ns3:hr>
          </ns3:TrackPointExtension>
        </extensions>
      </trkpt>
      <trkpt lat="47.70937434397637844085693359375" lon="-122.36481581814587116241455078125">
        <ele>61.799999237060546875</ele>
        <time>2026-07-07T23:04:04.000Z</time>
        <extensions>
          <ns3:TrackPointExtension>
            <ns3:atemp>25.0</ns3:atemp>
            <ns3:hr>103</ns3:hr>
          </ns3:TrackPointExtension>
        </extensions>
      </trkpt>
      <trkpt lat="47.70934559404850006103515625" lon="-122.3646449111402034759521484375">
        <ele>63</ele>
        <time>2026-07-07T23:04:11.000Z</time>
        <extensions>
          <ns3:TrackPointExtension>
            <ns3:atemp>25.0</ns3:atemp>
            <ns3:hr>104</ns3:hr>
          </ns3:TrackPointExtension>
        </extensions>
      </trkpt>
      <trkpt lat="47.7093665488064289093017578125" lon="-122.3644752614200115203857421875">
        <ele>63.200000762939453125</ele>
        <time>2026-07-07T23:04:16.000Z</time>
        <extensions>
          <ns3:TrackPointExtension>
            <ns3:atemp>25.0</ns3:atemp>
            <ns3:hr>101</ns3:hr>
          </ns3:TrackPointExtension>
        </extensions>
      </trkpt>
      <trkpt lat="47.70937417633831501007080078125" lon="-122.36444684676826000213623046875">
        <ele>63.200000762939453125</ele>
        <time>2026-07-07T23:04:17.000Z</time>
        <extensions>
          <ns3:TrackPointExtension>
            <ns3:atemp>25.0</ns3:atemp>
            <ns3:hr>101</ns3:hr>
          </ns3:TrackPointExtension>
        </extensions>
      </trkpt>
      <trkpt lat="47.709389515221118927001953125" lon="-122.36441264860332012176513671875">
        <ele>63.200000762939453125</ele>
        <time>2026-07-07T23:04:18.000Z</time>
        <extensions>
          <ns3:TrackPointExtension>
            <ns3:atemp>25.0</ns3:atemp>
            <ns3:hr>102</ns3:hr>
          </ns3:TrackPointExtension>
        </extensions>
      </trkpt>
      <trkpt lat="47.70941759459674358367919921875" lon="-122.3643545620143413543701171875">
        <ele>63.40000152587890625</ele>
        <time>2026-07-07T23:04:20.000Z</time>
        <extensions>
          <ns3:TrackPointExtension>
            <ns3:atemp>25.0</ns3:atemp>
            <ns3:hr>101</ns3:hr>
          </ns3:TrackPointExtension>
        </extensions>
      </trkpt>
      <trkpt lat="47.7094513736665248870849609375" lon="-122.3642868362367153167724609375">
        <ele>63.799999237060546875</ele>
        <time>2026-07-07T23:04:23.000Z</time>
        <extensions>
          <ns3:TrackPointExtension>
            <ns3:atemp>25.0</ns3:atemp>
            <ns3:hr>100</ns3:hr>
          </ns3:TrackPointExtension>
        </extensions>
      </trkpt>
      <trkpt lat="47.70946025848388671875" lon="-122.36426244489848613739013671875">
        <ele>64</ele>
        <time>2026-07-07T23:04:24.000Z</time>
        <extensions>
          <ns3:TrackPointExtension>
            <ns3:atemp>25.0</ns3:atemp>
            <ns3:hr>100</ns3:hr>
          </ns3:TrackPointExtension>
        </extensions>
      </trkpt>
      <trkpt lat="47.70952655933797359466552734375" lon="-122.36415934748947620391845703125">
        <ele>64.59999847412109375</ele>
        <time>2026-07-07T23:04:29.000Z</time>
        <extensions>
          <ns3:TrackPointExtension>
            <ns3:atemp>25.0</ns3:atemp>
            <ns3:hr>99</ns3:hr>
          </ns3:TrackPointExtension>
        </extensions>
      </trkpt>
      <trkpt lat="47.7095948718488216400146484375" lon="-122.3640637099742889404296875">
        <ele>65</ele>
        <time>2026-07-07T23:04:33.000Z</time>
        <extensions>
          <ns3:TrackPointExtension>
            <ns3:atemp>25.0</ns3:atemp>
            <ns3:hr>99</ns3:hr>
          </ns3:TrackPointExtension>
        </extensions>
      </trkpt>
      <trkpt lat="47.70963485352694988250732421875" lon="-122.36401182599365711212158203125">
        <ele>65.59999847412109375</ele>
        <time>2026-07-07T23:04:36.000Z</time>
        <extensions>
          <ns3:TrackPointExtension>
            <ns3:atemp>25.0</ns3:atemp>
            <ns3:hr>100</ns3:hr>
          </ns3:TrackPointExtension>
        </extensions>
      </trkpt>
      <trkpt lat="47.70969470031559467315673828125" lon="-122.3638583533465862274169921875">
        <ele>66.1999969482421875</ele>
        <time>2026-07-07T23:04:41.000Z</time>
        <extensions>
          <ns3:TrackPointExtension>
            <ns3:atemp>25.0</ns3:atemp>
            <ns3:hr>102</ns3:hr>
          </ns3:TrackPointExtension>
        </extensions>
      </trkpt>
      <trkpt lat="47.70970425568521022796630859375" lon="-122.36380043439567089080810546875">
        <ele>66.8000030517578125</ele>
        <time>2026-07-07T23:04:42.000Z</time>
        <extensions>
          <ns3:TrackPointExtension>
            <ns3:atemp>25.0</ns3:atemp>
            <ns3:hr>103</ns3:hr>
          </ns3:TrackPointExtension>
        </extensions>
      </trkpt>
      <trkpt lat="47.70971615798771381378173828125" lon="-122.3637203872203826904296875">
        <ele>67.1999969482421875</ele>
        <time>2026-07-07T23:04:46.000Z</time>
        <extensions>
          <ns3:TrackPointExtension>
            <ns3:atemp>25.0</ns3:atemp>
            <ns3:hr>105</ns3:hr>
          </ns3:TrackPointExtension>
        </extensions>
      </trkpt>
      <trkpt lat="47.70972085185348987579345703125" lon="-122.36364327371120452880859375">
        <ele>67.59999847412109375</ele>
        <time>2026-07-07T23:04:49.000Z</time>
        <extensions>
          <ns3:TrackPointExtension>
            <ns3:atemp>25.0</ns3:atemp>
            <ns3:hr>108</ns3:hr>
          </ns3:TrackPointExtension>
        </extensions>
      </trkpt>
      <trkpt lat="47.70972152240574359893798828125" lon="-122.36361636780202388763427734375">
        <ele>67.8000030517578125</ele>
        <time>2026-07-07T23:04:50.000Z</time>
        <extensions>
          <ns3:TrackPointExtension>
            <ns3:atemp>25.0</ns3:atemp>
            <ns3:hr>110</ns3:hr>
          </ns3:TrackPointExtension>
        </extensions>
      </trkpt>
      <trkpt lat="47.70973325707018375396728515625" lon="-122.36349516548216342926025390625">
        <ele>68.40000152587890625</ele>
        <time>2026-07-07T23:04:54.000Z</time>
        <extensions>
          <ns3:TrackPointExtension>
            <ns3:atemp>25.0</ns3:atemp>
            <ns3:hr>112</ns3:hr>
          </ns3:TrackPointExtension>
        </extensions>
      </trkpt>
      <trkpt lat="47.70974080078303813934326171875" lon="-122.36344738863408565521240234375">
        <ele>68.59999847412109375</ele>
        <time>2026-07-07T23:04:56.000Z</time>
        <extensions>
          <ns3:TrackPointExtension>
            <ns3:atemp>25.0</ns3:atemp>
            <ns3:hr>112</ns3:hr>
          </ns3:TrackPointExtension>
        </extensions>
      </trkpt>
      <trkpt lat="47.70975655876100063323974609375" lon="-122.363409586250782012939453125">
        <ele>68.8000030517578125</ele>
        <time>2026-07-07T23:04:58.000Z</time>
        <extensions>
          <ns3:TrackPointExtension>
            <ns3:atemp>25.0</ns3:atemp>
            <ns3:hr>113</ns3:hr>
          </ns3:TrackPointExtension>
        </extensions>
      </trkpt>
      <trkpt lat="47.7097611688077449798583984375" lon="-122.363297939300537109375">
        <ele>69.1999969482421875</ele>
        <time>2026-07-07T23:05:02.000Z</time>
        <extensions>
          <ns3:TrackPointExtension>
            <ns3:atemp>25.0</ns3:atemp>
            <ns3:hr>113</ns3:hr>
          </ns3:TrackPointExtension>
        </extensions>
      </trkpt>
      <trkpt lat="47.70975957624614238739013671875" lon="-122.36325778998434543609619140625">
        <ele>69.40000152587890625</ele>
        <time>2026-07-07T23:05:03.000Z</time>
        <extensions>
          <ns3:TrackPointExtension>
            <ns3:atemp>25.0</ns3:atemp>
            <ns3:hr>112</ns3:hr>
          </ns3:TrackPointExtension>
        </extensions>
      </trkpt>
      <trkpt lat="47.70976427011191844940185546875" lon="-122.36321990378201007843017578125">
        <ele>69.40000152587890625</ele>
        <time>2026-07-07T23:05:04.000Z</time>
        <extensions>
          <ns3:TrackPointExtension>
            <ns3:atemp>25.0</ns3:atemp>
            <ns3:hr>111</ns3:hr>
          </ns3:TrackPointExtension>
        </extensions>
      </trkpt>
      <trkpt lat="47.7097846381366252899169921875" lon="-122.3631257750093936920166015625">
        <ele>69.40000152587890625</ele>
        <time>2026-07-07T23:05:07.000Z</time>
        <extensions>
          <ns3:TrackPointExtension>
            <ns3:atemp>25.0</ns3:atemp>
            <ns3:hr>111</ns3:hr>
          </ns3:TrackPointExtension>
        </extensions>
      </trkpt>
      <trkpt lat="47.709720097482204437255859375" lon="-122.36302544362843036651611328125">
        <ele>70.40000152587890625</ele>
        <time>2026-07-07T23:05:12.000Z</time>
        <extensions>
          <ns3:TrackPointExtension>
            <ns3:atemp>25.0</ns3:atemp>
            <ns3:hr>112</ns3:hr>
          </ns3:TrackPointExtension>
        </extensions>
      </trkpt>
      <trkpt lat="47.70970475859940052032470703125" lon="-122.36301471479237079620361328125">
        <ele>70.59999847412109375</ele>
        <time>2026-07-07T23:05:13.000Z</time>
        <extensions>
          <ns3:TrackPointExtension>
            <ns3:atemp>25.0</ns3:atemp>
            <ns3:hr>112</ns3:hr>
          </ns3:TrackPointExtension>
        </extensions>
      </trkpt>
      <trkpt lat="47.70963124930858612060546875" lon="-122.36301857046782970428466796875">
        <ele>70.40000152587890625</ele>
        <time>2026-07-07T23:05:16.000Z</time>
        <extensions>
          <ns3:TrackPointExtension>
            <ns3:atemp>25.0</ns3:atemp>
            <ns3:hr>113</ns3:hr>
          </ns3:TrackPointExtension>
        </extensions>
      </trkpt>
      <trkpt lat="47.7095254696905612945556640625" lon="-122.3631026409566402435302734375">
        <ele>70.8000030517578125</ele>
        <time>2026-07-07T23:05:22.000Z</time>
        <extensions>
          <ns3:TrackPointExtension>
            <ns3:atemp>25.0</ns3:atemp>
            <ns3:hr>115</ns3:hr>
          </ns3:TrackPointExtension>
        </extensions>
      </trkpt>
      <trkpt lat="47.709504850208759307861328125" lon="-122.36316408030688762664794921875">
        <ele>71</ele>
        <time>2026-07-07T23:05:25.000Z</time>
        <extensions>
          <ns3:TrackPointExtension>
            <ns3:atemp>25.0</ns3:atemp>
            <ns3:hr>115</ns3:hr>
          </ns3:TrackPointExtension>
        </extensions>
      </trkpt>
      <trkpt lat="47.70948900841176509857177734375" lon="-122.36320850439369678497314453125">
        <ele>71.40000152587890625</ele>
        <time>2026-07-07T23:05:27.000Z</time>
        <extensions>
          <ns3:TrackPointExtension>
            <ns3:atemp>25.0</ns3:atemp>
            <ns3:hr>115</ns3:hr>
          </ns3:TrackPointExtension>
        </extensions>
      </trkpt>
      <trkpt lat="47.7094426564872264862060546875" lon="-122.36327522434294223785400390625">
        <ele>71.8000030517578125</ele>
        <time>2026-07-07T23:05:30.000Z</time>
        <extensions>
          <ns3:TrackPointExtension>
            <ns3:atemp>25.0</ns3:atemp>
            <ns3:hr>116</ns3:hr>
          </ns3:TrackPointExtension>
        </extensions>
      </trkpt>
      <trkpt lat="47.7094258926808834075927734375" lon="-122.36329190433025360107421875">
        <ele>72</ele>
        <time>2026-07-07T23:05:31.000Z</time>
        <extensions>
          <ns3:TrackPointExtension>
            <ns3:atemp>25.0</ns3:atemp>
            <ns3:hr>115</ns3:hr>
          </ns3:TrackPointExtension>
        </extensions>
      </trkpt>
      <trkpt lat="47.70938524045050144195556640625" lon="-122.36335233785212039947509765625">
        <ele>72.59999847412109375</ele>
        <time>2026-07-07T23:05:34.000Z</time>
        <extensions>
          <ns3:TrackPointExtension>
            <ns3:atemp>25.0</ns3:atemp>
            <ns3:hr>117</ns3:hr>
          </ns3:TrackPointExtension>
        </extensions>
      </trkpt>
      <trkpt lat="47.70936763845384120941162109375" lon="-122.3633715324103832244873046875">
        <ele>72.59999847412109375</ele>
        <time>2026-07-07T23:05:35.000Z</time>
        <extensions>
          <ns3:TrackPointExtension>
            <ns3:atemp>25.0</ns3:atemp>
            <ns3:hr>119</ns3:hr>
          </ns3:TrackPointExtension>
        </extensions>
      </trkpt>
      <trkpt lat="47.70933913998305797576904296875" lon="-122.36340749077498912811279296875">
        <ele>72.8000030517578125</ele>
        <time>2026-07-07T23:05:37.000Z</time>
        <extensions>
          <ns3:TrackPointExtension>
            <ns3:atemp>25.0</ns3:atemp>
            <ns3:hr>121</ns3:hr>
          </ns3:TrackPointExtension>
        </extensions>
      </trkpt>
      <trkpt lat="47.70927459932863712310791015625" lon="-122.36349575221538543701171875">
        <ele>73.1999969482421875</ele>
        <time>2026-07-07T23:05:41.000Z</time>
        <extensions>
          <ns3:TrackPointExtension>
            <ns3:atemp>25.0</ns3:atemp>
            <ns3:hr>124</ns3:hr>
          </ns3:TrackPointExtension>
        </extensions>
      </trkpt>
      <trkpt lat="47.70926571451127529144287109375" lon="-122.36352450214326381683349609375">
        <ele>73.59999847412109375</ele>
        <time>2026-07-07T23:05:42.000Z</time>
        <extensions>
          <ns3:TrackPointExtension>
            <ns3:atemp>25.0</ns3:atemp>
            <ns3:hr>124</ns3:hr>
          </ns3:TrackPointExtension>
        </extensions>
      </trkpt>
      <trkpt lat="47.7092277444899082183837890625" lon="-122.36357864923775196075439453125">
        <ele>73.8000030517578125</ele>
        <time>2026-07-07T23:05:45.000Z</time>
        <extensions>
          <ns3:TrackPointExtension>
            <ns3:atemp>25.0</ns3:atemp>
            <ns3:hr>126</ns3:hr>
          </ns3:TrackPointExtension>
        </extensions>
      </trkpt>
      <trkpt lat="47.709124982357025146484375" lon="-122.36360832117497920989990234375">
        <ele>74.59999847412109375</ele>
        <time>2026-07-07T23:05:50.000Z</time>
        <extensions>
          <ns3:TrackPointExtension>
            <ns3:atemp>25.0</ns3:atemp>
            <ns3:hr>128</ns3:hr>
          </ns3:TrackPointExtension>
        </extensions>
      </trkpt>
      <trkpt lat="47.70900101400911808013916015625" lon="-122.36364872194826602935791015625">
        <ele>75.1999969482421875</ele>
        <time>2026-07-07T23:05:57.000Z</time>
        <extensions>
          <ns3:TrackPointExtension>
            <ns3:atemp>25.0</ns3:atemp>
            <ns3:hr>129</ns3:hr>
          </ns3:TrackPointExtension>
        </extensions>
      </trkpt>
      <trkpt lat="47.7089850045740604400634765625" lon="-122.363645620644092559814453125">
        <ele>75.59999847412109375</ele>
        <time>2026-07-07T23:05:59.000Z</time>
        <extensions>
          <ns3:TrackPointExtension>
            <ns3:atemp>25.0</ns3:atemp>
            <ns3:hr>128</ns3:hr>
          </ns3:TrackPointExtension>
        </extensions>
      </trkpt>
      <trkpt lat="47.7089353837072849273681640625" lon="-122.36363061703741550445556640625">
        <ele>75.8000030517578125</ele>
        <time>2026-07-07T23:06:02.000Z</time>
        <extensions>
          <ns3:TrackPointExtension>
            <ns3:atemp>25.0</ns3:atemp>
            <ns3:hr>127</ns3:hr>
          </ns3:TrackPointExtension>
        </extensions>
      </trkpt>
      <trkpt lat="47.70886371843516826629638671875" lon="-122.36359625123441219329833984375">
        <ele>76.40000152587890625</ele>
        <time>2026-07-07T23:06:06.000Z</time>
        <extensions>
          <ns3:TrackPointExtension>
            <ns3:atemp>25.0</ns3:atemp>
            <ns3:hr>124</ns3:hr>
          </ns3:TrackPointExtension>
        </extensions>
      </trkpt>
      <trkpt lat="47.7088384889066219329833984375" lon="-122.3635703511536121368408203125">
        <ele>76.8000030517578125</ele>
        <time>2026-07-07T23:06:08.000Z</time>
        <extensions>
          <ns3:TrackPointExtension>
            <ns3:atemp>25.0</ns3:atemp>
            <ns3:hr>123</ns3:hr>
          </ns3:TrackPointExtension>
        </extensions>
      </trkpt>
      <trkpt lat="47.70882650278508663177490234375" lon="-122.3635676689445972442626953125">
        <ele>77</ele>
        <time>2026-07-07T23:06:09.000Z</time>
        <extensions>
          <ns3:TrackPointExtension>
            <ns3:atemp>25.0</ns3:atemp>
            <ns3:hr>122</ns3:hr>
          </ns3:TrackPointExtension>
        </extensions>
      </trkpt>
      <trkpt lat="47.70880638621747493743896484375" lon="-122.3635629750788211822509765625">
        <ele>77.1999969482421875</ele>
        <time>2026-07-07T23:06:12.000Z</time>
        <extensions>
          <ns3:TrackPointExtension>
            <ns3:atemp>25.0</ns3:atemp>
            <ns3:hr>119</ns3:hr>
          </ns3:TrackPointExtension>
        </extensions>
      </trkpt>
      <trkpt lat="47.70880512893199920654296875" lon="-122.36354948021471500396728515625">
        <ele>77.1999969482421875</ele>
        <time>2026-07-07T23:06:13.000Z</time>
        <extensions>
          <ns3:TrackPointExtension>
            <ns3:atemp>25.0</ns3:atemp>
            <ns3:hr>119</ns3:hr>
          </ns3:TrackPointExtension>
        </extensions>
      </trkpt>
      <trkpt lat="47.70880403928458690643310546875" lon="-122.3635314591228961944580078125">
        <ele>77.40000152587890625</ele>
        <time>2026-07-07T23:06:14.000Z</time>
        <extensions>
          <ns3:TrackPointExtension>
            <ns3:atemp>25.0</ns3:atemp>
            <ns3:hr>119</ns3:hr>
          </ns3:TrackPointExtension>
        </extensions>
      </trkpt>
      <trkpt lat="47.708759196102619171142578125" lon="-122.3633457161486148834228515625">
        <ele>77.8000030517578125</ele>
        <time>2026-07-07T23:06:22.000Z</time>
        <extensions>
          <ns3:TrackPointExtension>
            <ns3:atemp>25.0</ns3:atemp>
            <ns3:hr>119</ns3:hr>
          </ns3:TrackPointExtension>
        </extensions>
      </trkpt>
      <trkpt lat="47.70875743590295314788818359375" lon="-122.36316760070621967315673828125">
        <ele>78.40000152587890625</ele>
        <time>2026-07-07T23:06:29.000Z</time>
        <extensions>
          <ns3:TrackPointExtension>
            <ns3:atemp>25.0</ns3:atemp>
            <ns3:hr>118</ns3:hr>
          </ns3:TrackPointExtension>
        </extensions>
      </trkpt>
      <trkpt lat="47.70875282585620880126953125" lon="-122.36303952522575855255126953125">
        <ele>78.8000030517578125</ele>
        <time>2026-07-07T23:06:34.000Z</time>
        <extensions>
          <ns3:TrackPointExtension>
            <ns3:atemp>25.0</ns3:atemp>
            <ns3:hr>119</ns3:hr>
          </ns3:TrackPointExtension>
        </extensions>
      </trkpt>
      <trkpt lat="47.708743102848529815673828125" lon="-122.36295168288052082061767578125">
        <ele>79.1999969482421875</ele>
        <time>2026-07-07T23:06:37.000Z</time>
        <extensions>
          <ns3:TrackPointExtension>
            <ns3:atemp>25.0</ns3:atemp>
            <ns3:hr>119</ns3:hr>
          </ns3:TrackPointExtension>
        </extensions>
      </trkpt>
      <trkpt lat="47.7087499760091304779052734375" lon="-122.3627331666648387908935546875">
        <ele>79.59999847412109375</ele>
        <time>2026-07-07T23:06:43.000Z</time>
        <extensions>
          <ns3:TrackPointExtension>
            <ns3:atemp>25.0</ns3:atemp>
            <ns3:hr>117</ns3:hr>
          </ns3:TrackPointExtension>
        </extensions>
      </trkpt>
      <trkpt lat="47.708748467266559600830078125" lon="-122.3626409657299518585205078125">
        <ele>79.8000030517578125</ele>
        <time>2026-07-07T23:06:46.000Z</time>
        <extensions>
          <ns3:TrackPointExtension>
            <ns3:atemp>25.0</ns3:atemp>
            <ns3:hr>117</ns3:hr>
          </ns3:TrackPointExtension>
        </extensions>
      </trkpt>
      <trkpt lat="47.7087422646582126617431640625" lon="-122.36255907453596591949462890625">
        <ele>80.1999969482421875</ele>
        <time>2026-07-07T23:06:49.000Z</time>
        <extensions>
          <ns3:TrackPointExtension>
            <ns3:atemp>25.0</ns3:atemp>
            <ns3:hr>117</ns3:hr>
          </ns3:TrackPointExtension>
        </extensions>
      </trkpt>
      <trkpt lat="47.708744443953037261962890625" lon="-122.36239244230091571807861328125">
        <ele>80.40000152587890625</ele>
        <time>2026-07-07T23:06:56.000Z</time>
        <extensions>
          <ns3:TrackPointExtension>
            <ns3:atemp>25.0</ns3:atemp>
            <ns3:hr>115</ns3:hr>
          </ns3:TrackPointExtension>
        </extensions>
      </trkpt>
      <trkpt lat="47.70874469541013240814208984375" lon="-122.3622949607670307159423828125">
        <ele>81</ele>
        <time>2026-07-07T23:06:59.000Z</time>
        <extensions>
          <ns3:TrackPointExtension>
            <ns3:atemp>25.0</ns3:atemp>
            <ns3:hr>113</ns3:hr>
          </ns3:TrackPointExtension>
        </extensions>
      </trkpt>
      <trkpt lat="47.708738408982753753662109375" lon="-122.3621511273086071014404296875">
        <ele>81.59999847412109375</ele>
        <time>2026-07-07T23:07:04.000Z</time>
        <extensions>
          <ns3:TrackPointExtension>
            <ns3:atemp>25.0</ns3:atemp>
            <ns3:hr>113</ns3:hr>
          </ns3:TrackPointExtension>
        </extensions>
      </trkpt>
      <trkpt lat="47.70873497240245342254638671875" lon="-122.36201651394367218017578125">
        <ele>82</ele>
        <time>2026-07-07T23:07:09.000Z</time>
        <extensions>
          <ns3:TrackPointExtension>
            <ns3:atemp>25.0</ns3:atemp>
            <ns3:hr>112</ns3:hr>
          </ns3:TrackPointExtension>
        </extensions>
      </trkpt>
      <trkpt lat="47.7087295241653919219970703125" lon="-122.3619114048779010772705078125">
        <ele>82.1999969482421875</ele>
        <time>2026-07-07T23:07:13.000Z</time>
        <extensions>
          <ns3:TrackPointExtension>
            <ns3:atemp>25.0</ns3:atemp>
            <ns3:hr>113</ns3:hr>
          </ns3:TrackPointExtension>
        </extensions>
      </trkpt>
      <trkpt lat="47.70873497240245342254638671875" lon="-122.36165307462215423583984375">
        <ele>82.8000030517578125</ele>
        <time>2026-07-07T23:07:19.000Z</time>
        <extensions>
          <ns3:TrackPointExtension>
            <ns3:atemp>26.0</ns3:atemp>
            <ns3:hr>113</ns3:hr>
          </ns3:TrackPointExtension>
        </extensions>
      </trkpt>
      <trkpt lat="47.70872692577540874481201171875" lon="-122.3615477979183197021484375">
        <ele>83.1999969482421875</ele>
        <time>2026-07-07T23:07:24.000Z</time>
        <extensions>
          <ns3:TrackPointExtension>
            <ns3:atemp>26.0</ns3:atemp>
            <ns3:hr>113</ns3:hr>
          </ns3:TrackPointExtension>
        </extensions>
      </trkpt>
      <trkpt lat="47.70872575230896472930908203125" lon="-122.36150530166923999786376953125">
        <ele>83.59999847412109375</ele>
        <time>2026-07-07T23:07:26.000Z</time>
        <extensions>
          <ns3:TrackPointExtension>
            <ns3:atemp>26.0</ns3:atemp>
            <ns3:hr>114</ns3:hr>
          </ns3:TrackPointExtension>
        </extensions>
      </trkpt>
      <trkpt lat="47.708716951310634613037109375" lon="-122.361301369965076446533203125">
        <ele>84.1999969482421875</ele>
        <time>2026-07-07T23:07:33.000Z</time>
        <extensions>
          <ns3:TrackPointExtension>
            <ns3:atemp>26.0</ns3:atemp>
            <ns3:hr>115</ns3:hr>
          </ns3:TrackPointExtension>
        </extensions>
      </trkpt>
      <trkpt lat="47.70871795713901519775390625" lon="-122.36127354204654693603515625">
        <ele>84.1999969482421875</ele>
        <time>2026-07-07T23:07:34.000Z</time>
        <extensions>
          <ns3:TrackPointExtension>
            <ns3:atemp>26.0</ns3:atemp>
            <ns3:hr>115</ns3:hr>
          </ns3:TrackPointExtension>
        </extensions>
      </trkpt>
      <trkpt lat="47.708716951310634613037109375" lon="-122.3611157946288585662841796875">
        <ele>85.59999847412109375</ele>
        <time>2026-07-07T23:07:40.000Z</time>
        <extensions>
          <ns3:TrackPointExtension>
            <ns3:atemp>26.0</ns3:atemp>
            <ns3:hr>117</ns3:hr>
          </ns3:TrackPointExtension>
        </extensions>
      </trkpt>
      <trkpt lat="47.70871502347290515899658203125" lon="-122.36109090037643909454345703125">
        <ele>85.8000030517578125</ele>
        <time>2026-07-07T23:07:41.000Z</time>
        <extensions>
          <ns3:TrackPointExtension>
            <ns3:atemp>26.0</ns3:atemp>
            <ns3:hr>118</ns3:hr>
          </ns3:TrackPointExtension>
        </extensions>
      </trkpt>
      <trkpt lat="47.70871586166322231292724609375" lon="-122.36099702306091785430908203125">
        <ele>86.59999847412109375</ele>
        <time>2026-07-07T23:07:45.000Z</time>
        <extensions>
          <ns3:TrackPointExtension>
            <ns3:atemp>26.0</ns3:atemp>
            <ns3:hr>119</ns3:hr>
          </ns3:TrackPointExtension>
        </extensions>
      </trkpt>
      <trkpt lat="47.70870898850262165069580078125" lon="-122.360963411629199981689453125">
        <ele>87.1999969482421875</ele>
        <time>2026-07-07T23:07:48.000Z</time>
        <extensions>
          <ns3:TrackPointExtension>
            <ns3:atemp>26.0</ns3:atemp>
            <ns3:hr>118</ns3:hr>
          </ns3:TrackPointExtension>
        </extensions>
      </trkpt>
      <trkpt lat="47.70870898850262165069580078125" lon="-122.360963411629199981689453125">
        <ele>87.59999847412109375</ele>
        <time>2026-07-07T23:07:52.000Z</time>
        <extensions>
          <ns3:TrackPointExtension>
            <ns3:atemp>26.0</ns3:atemp>
            <ns3:hr>119</ns3:hr>
          </ns3:TrackPointExtension>
        </extensions>
      </trkpt>
      <trkpt lat="47.708700187504291534423828125" lon="-122.360930554568767547607421875">
        <ele>87.59999847412109375</ele>
        <time>2026-07-07T23:08:04.000Z</time>
        <extensions>
          <ns3:TrackPointExtension>
            <ns3:atemp>26.0</ns3:atemp>
            <ns3:hr>117</ns3:hr>
          </ns3:TrackPointExtension>
        </extensions>
      </trkpt>
      <trkpt lat="47.7086929790675640106201171875" lon="-122.3609230108559131622314453125">
        <ele>87.59999847412109375</ele>
        <time>2026-07-07T23:08:05.000Z</time>
        <extensions>
          <ns3:TrackPointExtension>
            <ns3:atemp>26.0</ns3:atemp>
            <ns3:hr>116</ns3:hr>
          </ns3:TrackPointExtension>
        </extensions>
      </trkpt>
      <trkpt lat="47.708652578294277191162109375" lon="-122.36092108301818370819091796875">
        <ele>87.8000030517578125</ele>
        <time>2026-07-07T23:08:11.000Z</time>
        <extensions>
          <ns3:TrackPointExtension>
            <ns3:atemp>26.0</ns3:atemp>
            <ns3:hr>114</ns3:hr>
          </ns3:TrackPointExtension>
        </extensions>
      </trkpt>
      <trkpt lat="47.70861092023551464080810546875" lon="-122.36092359758913516998291015625">
        <ele>87.8000030517578125</ele>
        <time>2026-07-07T23:08:16.000Z</time>
        <extensions>
          <ns3:TrackPointExtension>
            <ns3:atemp>26.0</ns3:atemp>
            <ns3:hr>111</ns3:hr>
          </ns3:TrackPointExtension>
        </extensions>
      </trkpt>
      <trkpt lat="47.70856230519711971282958984375" lon="-122.36092611216008663177490234375">
        <ele>87.40000152587890625</ele>
        <time>2026-07-07T23:08:23.000Z</time>
        <extensions>
          <ns3:TrackPointExtension>
            <ns3:atemp>26.0</ns3:atemp>
            <ns3:hr>108</ns3:hr>
          </ns3:TrackPointExtension>
        </extensions>
      </trkpt>
      <trkpt lat="47.70855970680713653564453125" lon="-122.36092477105557918548583984375">
        <ele>87.59999847412109375</ele>
        <time>2026-07-07T23:08:27.000Z</time>
        <extensions>
          <ns3:TrackPointExtension>
            <ns3:atemp>26.0</ns3:atemp>
            <ns3:hr>105</ns3:hr>
          </ns3:TrackPointExtension>
        </extensions>
      </trkpt>
      <trkpt lat="47.70855970680713653564453125" lon="-122.36092477105557918548583984375">
        <ele>87.59999847412109375</ele>
        <time>2026-07-07T23:08:30.000Z</time>
        <extensions>
          <ns3:TrackPointExtension>
            <ns3:atemp>26.0</ns3:atemp>
            <ns3:hr>104</ns3:hr>
          </ns3:TrackPointExtension>
        </extensions>
      </trkpt>
      <trkpt lat="47.70850664936006069183349609375" lon="-122.3609139584004878997802734375">
        <ele>87.40000152587890625</ele>
        <time>2026-07-07T23:08:35.000Z</time>
        <extensions>
          <ns3:TrackPointExtension>
            <ns3:atemp>26.0</ns3:atemp>
            <ns3:hr>104</ns3:hr>
          </ns3:TrackPointExtension>
        </extensions>
      </trkpt>
      <trkpt lat="47.70849072374403476715087890625" lon="-122.360915802419185638427734375">
        <ele>87.59999847412109375</ele>
        <time>2026-07-07T23:08:36.000Z</time>
        <extensions>
          <ns3:TrackPointExtension>
            <ns3:atemp>26.0</ns3:atemp>
            <ns3:hr>105</ns3:hr>
          </ns3:TrackPointExtension>
        </extensions>
      </trkpt>
      <trkpt lat="47.70837924443185329437255859375" lon="-122.36092041246592998504638671875">
        <ele>87.40000152587890625</ele>
        <time>2026-07-07T23:08:41.000Z</time>
        <extensions>
          <ns3:TrackPointExtension>
            <ns3:atemp>26.0</ns3:atemp>
            <ns3:hr>107</ns3:hr>
          </ns3:TrackPointExtension>
        </extensions>
      </trkpt>
      <trkpt lat="47.70814522169530391693115234375" lon="-122.3609112761914730072021484375">
        <ele>86.8000030517578125</ele>
        <time>2026-07-07T23:08:49.000Z</time>
        <extensions>
          <ns3:TrackPointExtension>
            <ns3:atemp>26.0</ns3:atemp>
            <ns3:hr>108</ns3:hr>
          </ns3:TrackPointExtension>
        </extensions>
      </trkpt>
      <trkpt lat="47.70806022919714450836181640625" lon="-122.3608982004225254058837890625">
        <ele>86.59999847412109375</ele>
        <time>2026-07-07T23:08:52.000Z</time>
        <extensions>
          <ns3:TrackPointExtension>
            <ns3:atemp>26.0</ns3:atemp>
            <ns3:hr>110</ns3:hr>
          </ns3:TrackPointExtension>
        </extensions>
      </trkpt>
      <trkpt lat="47.70794690586626529693603515625" lon="-122.3608931712806224822998046875">
        <ele>86.1999969482421875</ele>
        <time>2026-07-07T23:08:56.000Z</time>
        <extensions>
          <ns3:TrackPointExtension>
            <ns3:atemp>26.0</ns3:atemp>
            <ns3:hr>112</ns3:hr>
          </ns3:TrackPointExtension>
        </extensions>
      </trkpt>
      <trkpt lat="47.70781246013939380645751953125" lon="-122.360897362232208251953125">
        <ele>86.1999969482421875</ele>
        <time>2026-07-07T23:09:01.000Z</time>
        <extensions>
          <ns3:TrackPointExtension>
            <ns3:atemp>26.0</ns3:atemp>
            <ns3:hr>115</ns3:hr>
          </ns3:TrackPointExtension>
        </extensions>
      </trkpt>
      <trkpt lat="47.707763426005840301513671875" lon="-122.3608951829373836517333984375">
        <ele>85.8000030517578125</ele>
        <time>2026-07-07T23:09:03.000Z</time>
        <extensions>
          <ns3:TrackPointExtension>
            <ns3:atemp>26.0</ns3:atemp>
            <ns3:hr>115</ns3:hr>
          </ns3:TrackPointExtension>
        </extensions>
      </trkpt>
      <trkpt lat="47.70760710351169109344482421875" lon="-122.36090473830699920654296875">
        <ele>85.40000152587890625</ele>
        <time>2026-07-07T23:09:08.000Z</time>
        <extensions>
          <ns3:TrackPointExtension>
            <ns3:atemp>26.0</ns3:atemp>
            <ns3:hr>114</ns3:hr>
          </ns3:TrackPointExtension>
        </extensions>
      </trkpt>
      <trkpt lat="47.70743410103023052215576171875" lon="-122.3609042353928089141845703125">
        <ele>85</ele>
        <time>2026-07-07T23:09:13.000Z</time>
        <extensions>
          <ns3:TrackPointExtension>
            <ns3:atemp>26.0</ns3:atemp>
            <ns3:hr>115</ns3:hr>
          </ns3:TrackPointExtension>
        </extensions>
      </trkpt>
      <trkpt lat="47.70722136832773685455322265625" lon="-122.36090448684990406036376953125">
        <ele>84.1999969482421875</ele>
        <time>2026-07-07T23:09:19.000Z</time>
        <extensions>
          <ns3:TrackPointExtension>
            <ns3:atemp>26.0</ns3:atemp>
            <ns3:hr>112</ns3:hr>
          </ns3:TrackPointExtension>
        </extensions>
      </trkpt>
      <trkpt lat="47.706873603165149688720703125" lon="-122.360894344747066497802734375">
        <ele>83.8000030517578125</ele>
        <time>2026-07-07T23:09:28.000Z</time>
        <extensions>
          <ns3:TrackPointExtension>
            <ns3:atemp>26.0</ns3:atemp>
            <ns3:hr>111</ns3:hr>
          </ns3:TrackPointExtension>
        </extensions>
      </trkpt>
      <trkpt lat="47.7067208848893642425537109375" lon="-122.3608918301761150360107421875">
        <ele>83.8000030517578125</ele>
        <time>2026-07-07T23:09:33.000Z</time>
        <extensions>
          <ns3:TrackPointExtension>
            <ns3:atemp>26.0</ns3:atemp>
            <ns3:hr>109</ns3:hr>
          </ns3:TrackPointExtension>
        </extensions>
      </trkpt>
      <trkpt lat="47.70661854185163974761962890625" lon="-122.36088537611067295074462890625">
        <ele>83.1999969482421875</ele>
        <time>2026-07-07T23:09:36.000Z</time>
        <extensions>
          <ns3:TrackPointExtension>
            <ns3:atemp>26.0</ns3:atemp>
            <ns3:hr>110</ns3:hr>
          </ns3:TrackPointExtension>
        </extensions>
      </trkpt>
      <trkpt lat="47.706491388380527496337890625" lon="-122.36087380908429622650146484375">
        <ele>83.1999969482421875</ele>
        <time>2026-07-07T23:09:40.000Z</time>
        <extensions>
          <ns3:TrackPointExtension>
            <ns3:atemp>26.0</ns3:atemp>
            <ns3:hr>110</ns3:hr>
          </ns3:TrackPointExtension>
        </extensions>
      </trkpt>
      <trkpt lat="47.70628058351576328277587890625" lon="-122.36085838638246059417724609375">
        <ele>83.40000152587890625</ele>
        <time>2026-07-07T23:09:46.000Z</time>
        <extensions>
          <ns3:TrackPointExtension>
            <ns3:atemp>26.0</ns3:atemp>
            <ns3:hr>109</ns3:hr>
          </ns3:TrackPointExtension>
        </extensions>
      </trkpt>
      <trkpt lat="47.7060999535024166107177734375" lon="-122.36087347380816936492919921875">
        <ele>83.40000152587890625</ele>
        <time>2026-07-07T23:09:51.000Z</time>
        <extensions>
          <ns3:TrackPointExtension>
            <ns3:atemp>26.0</ns3:atemp>
            <ns3:hr>106</ns3:hr>
          </ns3:TrackPointExtension>
        </extensions>
      </trkpt>
      <trkpt lat="47.706025354564189910888671875" lon="-122.36086986958980560302734375">
        <ele>83.40000152587890625</ele>
        <time>2026-07-07T23:09:53.000Z</time>
        <extensions>
          <ns3:TrackPointExtension>
            <ns3:atemp>26.0</ns3:atemp>
            <ns3:hr>103</ns3:hr>
          </ns3:TrackPointExtension>
        </extensions>
      </trkpt>
      <trkpt lat="47.70591027103364467620849609375" lon="-122.36087615601718425750732421875">
        <ele>83.40000152587890625</ele>
        <time>2026-07-07T23:09:56.000Z</time>
        <extensions>
          <ns3:TrackPointExtension>
            <ns3:atemp>26.0</ns3:atemp>
            <ns3:hr>101</ns3:hr>
          </ns3:TrackPointExtension>
        </extensions>
      </trkpt>
      <trkpt lat="47.7055755816400051116943359375" lon="-122.36087925732135772705078125">
        <ele>83.40000152587890625</ele>
        <time>2026-07-07T23:10:04.000Z</time>
        <extensions>
          <ns3:TrackPointExtension>
            <ns3:atemp>26.0</ns3:atemp>
            <ns3:hr>99</ns3:hr>
          </ns3:TrackPointExtension>
        </extensions>
      </trkpt>
      <trkpt lat="47.705224044620990753173828125" lon="-122.360893674194812774658203125">
        <ele>83.40000152587890625</ele>
        <time>2026-07-07T23:10:12.000Z</time>
        <extensions>
          <ns3:TrackPointExtension>
            <ns3:atemp>26.0</ns3:atemp>
            <ns3:hr>97</ns3:hr>
          </ns3:TrackPointExtension>
        </extensions>
      </trkpt>
      <trkpt lat="47.7051799558103084564208984375" lon="-122.360884957015514373779296875">
        <ele>83.40000152587890625</ele>
        <time>2026-07-07T23:10:13.000Z</time>
        <extensions>
          <ns3:TrackPointExtension>
            <ns3:atemp>26.0</ns3:atemp>
            <ns3:hr>97</ns3:hr>
          </ns3:TrackPointExtension>
        </extensions>
      </trkpt>
      <trkpt lat="47.7050118148326873779296875" lon="-122.36087934114038944244384765625">
        <ele>84.40000152587890625</ele>
        <time>2026-07-07T23:10:17.000Z</time>
        <extensions>
          <ns3:TrackPointExtension>
            <ns3:atemp>26.0</ns3:atemp>
            <ns3:hr>97</ns3:hr>
          </ns3:TrackPointExtension>
        </extensions>
      </trkpt>
      <trkpt lat="47.70493428222835063934326171875" lon="-122.36088654957711696624755859375">
        <ele>84.8000030517578125</ele>
        <time>2026-07-07T23:10:19.000Z</time>
        <extensions>
          <ns3:TrackPointExtension>
            <ns3:atemp>26.0</ns3:atemp>
            <ns3:hr>97</ns3:hr>
          </ns3:TrackPointExtension>
        </extensions>
      </trkpt>
      <trkpt lat="47.70475440658628940582275390625" lon="-122.36087967641651630401611328125">
        <ele>85.1999969482421875</ele>
        <time>2026-07-07T23:10:23.000Z</time>
        <extensions>
          <ns3:TrackPointExtension>
            <ns3:atemp>26.0</ns3:atemp>
            <ns3:hr>98</ns3:hr>
          </ns3:TrackPointExtension>
        </extensions>
      </trkpt>
      <trkpt lat="47.704604454338550567626953125" lon="-122.36086718738079071044921875">
        <ele>85.1999969482421875</ele>
        <time>2026-07-07T23:10:26.000Z</time>
        <extensions>
          <ns3:TrackPointExtension>
            <ns3:atemp>26.0</ns3:atemp>
            <ns3:hr>99</ns3:hr>
          </ns3:TrackPointExtension>
        </extensions>
      </trkpt>
      <trkpt lat="47.7045174501836299896240234375" lon="-122.3608703725039958953857421875">
        <ele>85.1999969482421875</ele>
        <time>2026-07-07T23:10:28.000Z</time>
        <extensions>
          <ns3:TrackPointExtension>
            <ns3:atemp>26.0</ns3:atemp>
            <ns3:hr>98</ns3:hr>
          </ns3:TrackPointExtension>
        </extensions>
      </trkpt>
      <trkpt lat="47.70443690009415149688720703125" lon="-122.36086190678179264068603515625">
        <ele>85.1999969482421875</ele>
        <time>2026-07-07T23:10:30.000Z</time>
        <extensions>
          <ns3:TrackPointExtension>
            <ns3:atemp>26.0</ns3:atemp>
            <ns3:hr>98</ns3:hr>
          </ns3:TrackPointExtension>
        </extensions>
      </trkpt>
      <trkpt lat="47.7042696811258792877197265625" lon="-122.36086743883788585662841796875">
        <ele>85</ele>
        <time>2026-07-07T23:10:34.000Z</time>
        <extensions>
          <ns3:TrackPointExtension>
            <ns3:atemp>26.0</ns3:atemp>
            <ns3:hr>99</ns3:hr>
          </ns3:TrackPointExtension>
        </extensions>
      </trkpt>
      <trkpt lat="47.7041590400040149688720703125" lon="-122.36083072610199451446533203125">
        <ele>84.59999847412109375</ele>
        <time>2026-07-07T23:10:37.000Z</time>
        <extensions>
          <ns3:TrackPointExtension>
            <ns3:atemp>26.0</ns3:atemp>
            <ns3:hr>99</ns3:hr>
          </ns3:TrackPointExtension>
        </extensions>
      </trkpt>
      <trkpt lat="47.7041178010404109954833984375" lon="-122.36082335002720355987548828125">
        <ele>84.59999847412109375</ele>
        <time>2026-07-07T23:10:38.000Z</time>
        <extensions>
          <ns3:TrackPointExtension>
            <ns3:atemp>26.0</ns3:atemp>
            <ns3:hr>99</ns3:hr>
          </ns3:TrackPointExtension>
        </extensions>
      </trkpt>
      <trkpt lat="47.70370398648083209991455078125" lon="-122.3608150519430637359619140625">
        <ele>84</ele>
        <time>2026-07-07T23:10:48.000Z</time>
        <extensions>
          <ns3:TrackPointExtension>
            <ns3:atemp>26.0</ns3:atemp>
            <ns3:hr>99</ns3:hr>
          </ns3:TrackPointExtension>
        </extensions>
      </trkpt>
      <trkpt lat="47.70357054658234119415283203125" lon="-122.36082267947494983673095703125">
        <ele>83.40000152587890625</ele>
        <time>2026-07-07T23:10:51.000Z</time>
        <extensions>
          <ns3:TrackPointExtension>
            <ns3:atemp>26.0</ns3:atemp>
            <ns3:hr>98</ns3:hr>
          </ns3:TrackPointExtension>
        </extensions>
      </trkpt>
      <trkpt lat="47.70338899455964565277099609375" lon="-122.36085603944957256317138671875">
        <ele>83</ele>
        <time>2026-07-07T23:10:55.000Z</time>
        <extensions>
          <ns3:TrackPointExtension>
            <ns3:atemp>26.0</ns3:atemp>
            <ns3:hr>98</ns3:hr>
          </ns3:TrackPointExtension>
        </extensions>
      </trkpt>
      <trkpt lat="47.7032051794230937957763671875" lon="-122.36085511744022369384765625">
        <ele>82</ele>
        <time>2026-07-07T23:10:59.000Z</time>
        <extensions>
          <ns3:TrackPointExtension>
            <ns3:atemp>26.0</ns3:atemp>
            <ns3:hr>96</ns3:hr>
          </ns3:TrackPointExtension>
        </extensions>
      </trkpt>
      <trkpt lat="47.7030350267887115478515625" lon="-122.36085419543087482452392578125">
        <ele>81.59999847412109375</ele>
        <time>2026-07-07T23:11:03.000Z</time>
        <extensions>
          <ns3:TrackPointExtension>
            <ns3:atemp>26.0</ns3:atemp>
            <ns3:hr>95</ns3:hr>
          </ns3:TrackPointExtension>
        </extensions>
      </trkpt>
      <trkpt lat="47.7029986493289470672607421875" lon="-122.36085671000182628631591796875">
        <ele>81.59999847412109375</ele>
        <time>2026-07-07T23:11:04.000Z</time>
        <extensions>
          <ns3:TrackPointExtension>
            <ns3:atemp>26.0</ns3:atemp>
            <ns3:hr>97</ns3:hr>
          </ns3:TrackPointExtension>
        </extensions>
      </trkpt>
      <trkpt lat="47.70278398878872394561767578125" lon="-122.360856123268604278564453125">
        <ele>81.59999847412109375</ele>
        <time>2026-07-07T23:11:11.000Z</time>
        <extensions>
          <ns3:TrackPointExtension>
            <ns3:atemp>26.0</ns3:atemp>
            <ns3:hr>95</ns3:hr>
          </ns3:TrackPointExtension>
        </extensions>
      </trkpt>
      <trkpt lat="47.7026553265750408172607421875" lon="-122.36084229312837123870849609375">
        <ele>81.8000030517578125</ele>
        <time>2026-07-07T23:11:14.000Z</time>
        <extensions>
          <ns3:TrackPointExtension>
            <ns3:atemp>26.0</ns3:atemp>
            <ns3:hr>98</ns3:hr>
          </ns3:TrackPointExtension>
        </extensions>
      </trkpt>
      <trkpt lat="47.7026031911373138427734375" lon="-122.3608365096151828765869140625">
        <ele>81.8000030517578125</ele>
        <time>2026-07-07T23:11:16.000Z</time>
        <extensions>
          <ns3:TrackPointExtension>
            <ns3:atemp>26.0</ns3:atemp>
            <ns3:hr>100</ns3:hr>
          </ns3:TrackPointExtension>
        </extensions>
      </trkpt>
      <trkpt lat="47.7025121636688709259033203125" lon="-122.36083609052002429962158203125">
        <ele>81.8000030517578125</ele>
        <time>2026-07-07T23:11:20.000Z</time>
        <extensions>
          <ns3:TrackPointExtension>
            <ns3:atemp>26.0</ns3:atemp>
            <ns3:hr>103</ns3:hr>
          </ns3:TrackPointExtension>
        </extensions>
      </trkpt>
      <trkpt lat="47.70249984227120876312255859375" lon="-122.3608455620706081390380859375">
        <ele>81.8000030517578125</ele>
        <time>2026-07-07T23:11:21.000Z</time>
        <extensions>
          <ns3:TrackPointExtension>
            <ns3:atemp>26.0</ns3:atemp>
            <ns3:hr>104</ns3:hr>
          </ns3:TrackPointExtension>
        </extensions>
      </trkpt>
      <trkpt lat="47.70244603045284748077392578125" lon="-122.36088193953037261962890625">
        <ele>81.40000152587890625</ele>
        <time>2026-07-07T23:11:27.000Z</time>
        <extensions>
          <ns3:TrackPointExtension>
            <ns3:atemp>26.0</ns3:atemp>
            <ns3:hr>102</ns3:hr>
          </ns3:TrackPointExtension>
        </extensions>
      </trkpt>
      <trkpt lat="47.702426500618457794189453125" lon="-122.360888980329036712646484375">
        <ele>81.1999969482421875</ele>
        <time>2026-07-07T23:11:29.000Z</time>
        <extensions>
          <ns3:TrackPointExtension>
            <ns3:atemp>26.0</ns3:atemp>
            <ns3:hr>102</ns3:hr>
          </ns3:TrackPointExtension>
        </extensions>
      </trkpt>
      <trkpt lat="47.702350057661533355712890625" lon="-122.3608945123851299285888671875">
        <ele>81.1999969482421875</ele>
        <time>2026-07-07T23:11:32.000Z</time>
        <extensions>
          <ns3:TrackPointExtension>
            <ns3:atemp>26.0</ns3:atemp>
            <ns3:hr>101</ns3:hr>
          </ns3:TrackPointExtension>
        </extensions>
      </trkpt>
      <trkpt lat="47.70212969742715358734130859375" lon="-122.36085520125925540924072265625">
        <ele>81.1999969482421875</ele>
        <time>2026-07-07T23:11:39.000Z</time>
        <extensions>
          <ns3:TrackPointExtension>
            <ns3:atemp>26.0</ns3:atemp>
            <ns3:hr>103</ns3:hr>
          </ns3:TrackPointExtension>
        </extensions>
      </trkpt>
      <trkpt lat="47.70198301412165164947509765625" lon="-122.3608450591564178466796875">
        <ele>81</ele>
        <time>2026-07-07T23:11:44.000Z</time>
        <extensions>
          <ns3:TrackPointExtension>
            <ns3:atemp>26.0</ns3:atemp>
            <ns3:hr>105</ns3:hr>
          </ns3:TrackPointExtension>
        </extensions>
      </trkpt>
      <trkpt lat="47.70191880874335765838623046875" lon="-122.36084531061351299285888671875">
        <ele>80.8000030517578125</ele>
        <time>2026-07-07T23:11:46.000Z</time>
        <extensions>
          <ns3:TrackPointExtension>
            <ns3:atemp>26.0</ns3:atemp>
            <ns3:hr>105</ns3:hr>
          </ns3:TrackPointExtension>
        </extensions>
      </trkpt>
      <trkpt lat="47.7016857080161571502685546875" lon="-122.3607922531664371490478515625">
        <ele>80.59999847412109375</ele>
        <time>2026-07-07T23:11:53.000Z</time>
        <extensions>
          <ns3:TrackPointExtension>
            <ns3:atemp>26.0</ns3:atemp>
            <ns3:hr>104</ns3:hr>
          </ns3:TrackPointExtension>
        </extensions>
      </trkpt>
      <trkpt lat="47.701403237879276275634765625" lon="-122.360780350863933563232421875">
        <ele>80.59999847412109375</ele>
        <time>2026-07-07T23:12:02.000Z</time>
        <extensions>
          <ns3:TrackPointExtension>
            <ns3:atemp>26.0</ns3:atemp>
            <ns3:hr>101</ns3:hr>
          </ns3:TrackPointExtension>
        </extensions>
      </trkpt>
      <trkpt lat="47.70130156539380550384521484375" lon="-122.3607624135911464691162109375">
        <ele>80</ele>
        <time>2026-07-07T23:12:05.000Z</time>
        <extensions>
          <ns3:TrackPointExtension>
            <ns3:atemp>26.0</ns3:atemp>
            <ns3:hr>100</ns3:hr>
          </ns3:TrackPointExtension>
        </extensions>
      </trkpt>
      <trkpt lat="47.70112571306526660919189453125" lon="-122.36076056957244873046875">
        <ele>79.59999847412109375</ele>
        <time>2026-07-07T23:12:10.000Z</time>
        <extensions>
          <ns3:TrackPointExtension>
            <ns3:atemp>26.0</ns3:atemp>
            <ns3:hr>101</ns3:hr>
          </ns3:TrackPointExtension>
        </extensions>
      </trkpt>
      <trkpt lat="47.700769565999507904052734375" lon="-122.3607887327671051025390625">
        <ele>79</ele>
        <time>2026-07-07T23:12:19.000Z</time>
        <extensions>
          <ns3:TrackPointExtension>
            <ns3:atemp>26.0</ns3:atemp>
            <ns3:hr>103</ns3:hr>
          </ns3:TrackPointExtension>
        </extensions>
      </trkpt>
      <trkpt lat="47.70073075778782367706298828125" lon="-122.36078948713839054107666015625">
        <ele>79</ele>
        <time>2026-07-07T23:12:20.000Z</time>
        <extensions>
          <ns3:TrackPointExtension>
            <ns3:atemp>26.0</ns3:atemp>
            <ns3:hr>103</ns3:hr>
          </ns3:TrackPointExtension>
        </extensions>
      </trkpt>
      <trkpt lat="47.70038508810102939605712890625" lon="-122.36079367808997631072998046875">
        <ele>79</ele>
        <time>2026-07-07T23:12:29.000Z</time>
        <extensions>
          <ns3:TrackPointExtension>
            <ns3:atemp>26.0</ns3:atemp>
            <ns3:hr>102</ns3:hr>
          </ns3:TrackPointExtension>
        </extensions>
      </trkpt>
      <trkpt lat="47.7002098225057125091552734375" lon="-122.3607887327671051025390625">
        <ele>78</ele>
        <time>2026-07-07T23:12:34.000Z</time>
        <extensions>
          <ns3:TrackPointExtension>
            <ns3:atemp>26.0</ns3:atemp>
            <ns3:hr>102</ns3:hr>
          </ns3:TrackPointExtension>
        </extensions>
      </trkpt>
      <trkpt lat="47.6997903920710086822509765625" lon="-122.36078311689198017120361328125">
        <ele>77.8000030517578125</ele>
        <time>2026-07-07T23:12:45.000Z</time>
        <extensions>
          <ns3:TrackPointExtension>
            <ns3:atemp>26.0</ns3:atemp>
            <ns3:hr>99</ns3:hr>
          </ns3:TrackPointExtension>
        </extensions>
      </trkpt>
      <trkpt lat="47.699749656021595001220703125" lon="-122.36078269779682159423828125">
        <ele>77.8000030517578125</ele>
        <time>2026-07-07T23:12:46.000Z</time>
        <extensions>
          <ns3:TrackPointExtension>
            <ns3:atemp>26.0</ns3:atemp>
            <ns3:hr>99</ns3:hr>
          </ns3:TrackPointExtension>
        </extensions>
      </trkpt>
      <trkpt lat="47.69935143180191516876220703125" lon="-122.36076450906693935394287109375">
        <ele>77.59999847412109375</ele>
        <time>2026-07-07T23:12:56.000Z</time>
        <extensions>
          <ns3:TrackPointExtension>
            <ns3:atemp>26.0</ns3:atemp>
            <ns3:hr>100</ns3:hr>
          </ns3:TrackPointExtension>
        </extensions>
      </trkpt>
      <trkpt lat="47.69918496720492839813232421875" lon="-122.36075595952570438385009765625">
        <ele>77.59999847412109375</ele>
        <time>2026-07-07T23:13:00.000Z</time>
        <extensions>
          <ns3:TrackPointExtension>
            <ns3:atemp>26.0</ns3:atemp>
            <ns3:hr>101</ns3:hr>
          </ns3:TrackPointExtension>
        </extensions>
      </trkpt>
      <trkpt lat="47.699011377990245819091796875" lon="-122.36076735891401767730712890625">
        <ele>77.59999847412109375</ele>
        <time>2026-07-07T23:13:04.000Z</time>
        <extensions>
          <ns3:TrackPointExtension>
            <ns3:atemp>26.0</ns3:atemp>
            <ns3:hr>101</ns3:hr>
          </ns3:TrackPointExtension>
        </extensions>
      </trkpt>
      <trkpt lat="47.69892655313014984130859375" lon="-122.36077255569398403167724609375">
        <ele>77.59999847412109375</ele>
        <time>2026-07-07T23:13:06.000Z</time>
        <extensions>
          <ns3:TrackPointExtension>
            <ns3:atemp>26.0</ns3:atemp>
            <ns3:hr>101</ns3:hr>
          </ns3:TrackPointExtension>
        </extensions>
      </trkpt>
      <trkpt lat="47.69872245378792285919189453125" lon="-122.3607895709574222564697265625">
        <ele>77.59999847412109375</ele>
        <time>2026-07-07T23:13:11.000Z</time>
        <extensions>
          <ns3:TrackPointExtension>
            <ns3:atemp>26.0</ns3:atemp>
            <ns3:hr>101</ns3:hr>
          </ns3:TrackPointExtension>
        </extensions>
      </trkpt>
      <trkpt lat="47.69833269529044628143310546875" lon="-122.360777668654918670654296875">
        <ele>77</ele>
        <time>2026-07-07T23:13:20.000Z</time>
        <extensions>
          <ns3:TrackPointExtension>
            <ns3:atemp>26.0</ns3:atemp>
            <ns3:hr>101</ns3:hr>
          </ns3:TrackPointExtension>
        </extensions>
      </trkpt>
      <trkpt lat="47.69805357791483402252197265625" lon="-122.36076870001852512359619140625">
        <ele>77</ele>
        <time>2026-07-07T23:13:27.000Z</time>
        <extensions>
          <ns3:TrackPointExtension>
            <ns3:atemp>26.0</ns3:atemp>
            <ns3:hr>101</ns3:hr>
          </ns3:TrackPointExtension>
        </extensions>
      </trkpt>
      <trkpt lat="47.69797679968178272247314453125" lon="-122.3607637546956539154052734375">
        <ele>76.8000030517578125</ele>
        <time>2026-07-07T23:13:29.000Z</time>
        <extensions>
          <ns3:TrackPointExtension>
            <ns3:atemp>26.0</ns3:atemp>
            <ns3:hr>101</ns3:hr>
          </ns3:TrackPointExtension>
        </extensions>
      </trkpt>
      <trkpt lat="47.69779172725975513458251953125" lon="-122.3607577197253704071044921875">
        <ele>76.8000030517578125</ele>
        <time>2026-07-07T23:13:34.000Z</time>
        <extensions>
          <ns3:TrackPointExtension>
            <ns3:atemp>26.0</ns3:atemp>
            <ns3:hr>98</ns3:hr>
          </ns3:TrackPointExtension>
        </extensions>
      </trkpt>
      <trkpt lat="47.6976895518600940704345703125" lon="-122.3607657663524150848388671875">
        <ele>76.8000030517578125</ele>
        <time>2026-07-07T23:13:37.000Z</time>
        <extensions>
          <ns3:TrackPointExtension>
            <ns3:atemp>26.0</ns3:atemp>
            <ns3:hr>97</ns3:hr>
          </ns3:TrackPointExtension>
        </extensions>
      </trkpt>
      <trkpt lat="47.6973418705165386199951171875" lon="-122.36075512133538722991943359375">
        <ele>76.1999969482421875</ele>
        <time>2026-07-07T23:13:46.000Z</time>
        <extensions>
          <ns3:TrackPointExtension>
            <ns3:atemp>26.0</ns3:atemp>
            <ns3:hr>97</ns3:hr>
          </ns3:TrackPointExtension>
        </extensions>
      </trkpt>
      <trkpt lat="47.69725344143807888031005859375" lon="-122.36075059510767459869384765625">
        <ele>76</ele>
        <time>2026-07-07T23:13:48.000Z</time>
        <extensions>
          <ns3:TrackPointExtension>
            <ns3:atemp>26.0</ns3:atemp>
            <ns3:hr>96</ns3:hr>
          </ns3:TrackPointExtension>
        </extensions>
      </trkpt>
      <trkpt lat="47.6969920098781585693359375" lon="-122.3607426322996616363525390625">
        <ele>75</ele>
        <time>2026-07-07T23:13:53.000Z</time>
        <extensions>
          <ns3:TrackPointExtension>
            <ns3:atemp>26.0</ns3:atemp>
            <ns3:hr>97</ns3:hr>
          </ns3:TrackPointExtension>
        </extensions>
      </trkpt>
      <trkpt lat="47.69688866101205348968505859375" lon="-122.36073718406260013580322265625">
        <ele>74.8000030517578125</ele>
        <time>2026-07-07T23:13:55.000Z</time>
        <extensions>
          <ns3:TrackPointExtension>
            <ns3:atemp>26.0</ns3:atemp>
            <ns3:hr>97</ns3:hr>
          </ns3:TrackPointExtension>
        </extensions>
      </trkpt>
      <trkpt lat="47.69649722613394260406494140625" lon="-122.36074020154774188995361328125">
        <ele>73.59999847412109375</ele>
        <time>2026-07-07T23:14:01.000Z</time>
        <extensions>
          <ns3:TrackPointExtension>
            <ns3:atemp>26.0</ns3:atemp>
            <ns3:hr>96</ns3:hr>
          </ns3:TrackPointExtension>
        </extensions>
      </trkpt>
      <trkpt lat="47.69636210985481739044189453125" lon="-122.36074372194707393646240234375">
        <ele>72.1999969482421875</ele>
        <time>2026-07-07T23:14:03.000Z</time>
        <extensions>
          <ns3:TrackPointExtension>
            <ns3:atemp>26.0</ns3:atemp>
            <ns3:hr>95</ns3:hr>
          </ns3:TrackPointExtension>
        </extensions>
      </trkpt>
      <trkpt lat="47.6961606927216053009033203125" lon="-122.3607416264712810516357421875">
        <ele>71.1999969482421875</ele>
        <time>2026-07-07T23:14:06.000Z</time>
        <extensions>
          <ns3:TrackPointExtension>
            <ns3:atemp>26.0</ns3:atemp>
            <ns3:hr>94</ns3:hr>
          </ns3:TrackPointExtension>
        </extensions>
      </trkpt>
      <trkpt lat="47.69597939215600490570068359375" lon="-122.36073332838714122772216796875">
        <ele>70.8000030517578125</ele>
        <time>2026-07-07T23:14:09.000Z</time>
        <extensions>
          <ns3:TrackPointExtension>
            <ns3:atemp>26.0</ns3:atemp>
            <ns3:hr>92</ns3:hr>
          </ns3:TrackPointExtension>
        </extensions>
      </trkpt>
      <trkpt lat="47.6957689225673675537109375" lon="-122.360737435519695281982421875">
        <ele>70</ele>
        <time>2026-07-07T23:14:12.000Z</time>
        <extensions>
          <ns3:TrackPointExtension>
            <ns3:atemp>26.0</ns3:atemp>
            <ns3:hr>90</ns3:hr>
          </ns3:TrackPointExtension>
        </extensions>
      </trkpt>
      <trkpt lat="47.695456445217132568359375" lon="-122.3607362620532512664794921875">
        <ele>69.40000152587890625</ele>
        <time>2026-07-07T23:14:17.000Z</time>
        <extensions>
          <ns3:TrackPointExtension>
            <ns3:atemp>26.0</ns3:atemp>
            <ns3:hr>89</ns3:hr>
          </ns3:TrackPointExtension>
        </extensions>
      </trkpt>
      <trkpt lat="47.69534253515303134918212890625" lon="-122.3607262037694454193115234375">
        <ele>69.40000152587890625</ele>
        <time>2026-07-07T23:14:19.000Z</time>
        <extensions>
          <ns3:TrackPointExtension>
            <ns3:atemp>26.0</ns3:atemp>
            <ns3:hr>89</ns3:hr>
          </ns3:TrackPointExtension>
        </extensions>
      </trkpt>
      <trkpt lat="47.6952380128204822540283203125" lon="-122.3607404530048370361328125">
        <ele>69.8000030517578125</ele>
        <time>2026-07-07T23:14:21.000Z</time>
        <extensions>
          <ns3:TrackPointExtension>
            <ns3:atemp>26.0</ns3:atemp>
            <ns3:hr>88</ns3:hr>
          </ns3:TrackPointExtension>
        </extensions>
      </trkpt>
      <trkpt lat="47.69496786408126354217529296875" lon="-122.360738106071949005126953125">
        <ele>69.8000030517578125</ele>
        <time>2026-07-07T23:14:27.000Z</time>
        <extensions>
          <ns3:TrackPointExtension>
            <ns3:atemp>26.0</ns3:atemp>
            <ns3:hr>89</ns3:hr>
          </ns3:TrackPointExtension>
        </extensions>
      </trkpt>
      <trkpt lat="47.69479016773402690887451171875" lon="-122.3607339151203632354736328125">
        <ele>70.1999969482421875</ele>
        <time>2026-07-07T23:14:31.000Z</time>
        <extensions>
          <ns3:TrackPointExtension>
            <ns3:atemp>26.0</ns3:atemp>
            <ns3:hr>92</ns3:hr>
          </ns3:TrackPointExtension>
        </extensions>
      </trkpt>
      <trkpt lat="47.6946584880352020263671875" lon="-122.36073031090199947357177734375">
        <ele>70.1999969482421875</ele>
        <time>2026-07-07T23:14:33.000Z</time>
        <extensions>
          <ns3:TrackPointExtension>
            <ns3:atemp>26.0</ns3:atemp>
            <ns3:hr>95</ns3:hr>
          </ns3:TrackPointExtension>
        </extensions>
      </trkpt>
      <trkpt lat="47.694617919623851776123046875" lon="-122.36072913743555545806884765625">
        <ele>70.1999969482421875</ele>
        <time>2026-07-07T23:14:35.000Z</time>
        <extensions>
          <ns3:TrackPointExtension>
            <ns3:atemp>26.0</ns3:atemp>
            <ns3:hr>95</ns3:hr>
          </ns3:TrackPointExtension>
        </extensions>
      </trkpt>
      <trkpt lat="47.69445665180683135986328125" lon="-122.36072813160717487335205078125">
        <ele>70.8000030517578125</ele>
        <time>2026-07-07T23:14:39.000Z</time>
        <extensions>
          <ns3:TrackPointExtension>
            <ns3:atemp>26.0</ns3:atemp>
            <ns3:hr>98</ns3:hr>
          </ns3:TrackPointExtension>
        </extensions>
      </trkpt>
      <trkpt lat="47.69434508867561817169189453125" lon="-122.36072964034974575042724609375">
        <ele>71.1999969482421875</ele>
        <time>2026-07-07T23:14:42.000Z</time>
        <extensions>
          <ns3:TrackPointExtension>
            <ns3:atemp>26.0</ns3:atemp>
            <ns3:hr>100</ns3:hr>
          </ns3:TrackPointExtension>
        </extensions>
      </trkpt>
      <trkpt lat="47.69430083222687244415283203125" lon="-122.36072964034974575042724609375">
        <ele>71.1999969482421875</ele>
        <time>2026-07-07T23:14:43.000Z</time>
        <extensions>
          <ns3:TrackPointExtension>
            <ns3:atemp>26.0</ns3:atemp>
            <ns3:hr>100</ns3:hr>
          </ns3:TrackPointExtension>
        </extensions>
      </trkpt>
      <trkpt lat="47.69410922192037105560302734375" lon="-122.36074573360383510589599609375">
        <ele>71</ele>
        <time>2026-07-07T23:14:48.000Z</time>
        <extensions>
          <ns3:TrackPointExtension>
            <ns3:atemp>26.0</ns3:atemp>
            <ns3:hr>104</ns3:hr>
          </ns3:TrackPointExtension>
        </extensions>
      </trkpt>
      <trkpt lat="47.6940383948385715484619140625" lon="-122.3607516847550868988037109375">
        <ele>70.8000030517578125</ele>
        <time>2026-07-07T23:14:50.000Z</time>
        <extensions>
          <ns3:TrackPointExtension>
            <ns3:atemp>26.0</ns3:atemp>
            <ns3:hr>105</ns3:hr>
          </ns3:TrackPointExtension>
        </extensions>
      </trkpt>
      <trkpt lat="47.6937393285334110260009765625" lon="-122.36074053682386875152587890625">
        <ele>71.1999969482421875</ele>
        <time>2026-07-07T23:14:58.000Z</time>
        <extensions>
          <ns3:TrackPointExtension>
            <ns3:atemp>26.0</ns3:atemp>
            <ns3:hr>107</ns3:hr>
          </ns3:TrackPointExtension>
        </extensions>
      </trkpt>
      <trkpt lat="47.69348359666764736175537109375" lon="-122.36072511412203311920166015625">
        <ele>72</ele>
        <time>2026-07-07T23:15:06.000Z</time>
        <extensions>
          <ns3:TrackPointExtension>
            <ns3:atemp>26.0</ns3:atemp>
            <ns3:hr>107</ns3:hr>
          </ns3:TrackPointExtension>
        </extensions>
      </trkpt>
      <trkpt lat="47.69322551786899566650390625" lon="-122.36072192899882793426513671875">
        <ele>72.1999969482421875</ele>
        <time>2026-07-07T23:15:14.000Z</time>
        <extensions>
          <ns3:TrackPointExtension>
            <ns3:atemp>26.0</ns3:atemp>
            <ns3:hr>107</ns3:hr>
          </ns3:TrackPointExtension>
        </extensions>
      </trkpt>
      <trkpt lat="47.692999541759490966796875" lon="-122.36073031090199947357177734375">
        <ele>73.40000152587890625</ele>
        <time>2026-07-07T23:15:21.000Z</time>
        <extensions>
          <ns3:TrackPointExtension>
            <ns3:atemp>26.0</ns3:atemp>
            <ns3:hr>109</ns3:hr>
          </ns3:TrackPointExtension>
        </extensions>
      </trkpt>
      <trkpt lat="47.692935168743133544921875" lon="-122.36073383130133152008056640625">
        <ele>73.8000030517578125</ele>
        <time>2026-07-07T23:15:23.000Z</time>
        <extensions>
          <ns3:TrackPointExtension>
            <ns3:atemp>26.0</ns3:atemp>
            <ns3:hr>111</ns3:hr>
          </ns3:TrackPointExtension>
        </extensions>
      </trkpt>
      <trkpt lat="47.69282243214547634124755859375" lon="-122.36073751933872699737548828125">
        <ele>74.59999847412109375</ele>
        <time>2026-07-07T23:15:27.000Z</time>
        <extensions>
          <ns3:TrackPointExtension>
            <ns3:atemp>26.0</ns3:atemp>
            <ns3:hr>114</ns3:hr>
          </ns3:TrackPointExtension>
        </extensions>
      </trkpt>
      <trkpt lat="47.69277197308838367462158203125" lon="-122.36073978245258331298828125">
        <ele>74.8000030517578125</ele>
        <time>2026-07-07T23:15:29.000Z</time>
        <extensions>
          <ns3:TrackPointExtension>
            <ns3:atemp>26.0</ns3:atemp>
            <ns3:hr>114</ns3:hr>
          </ns3:TrackPointExtension>
        </extensions>
      </trkpt>
      <trkpt lat="47.6926003955304622650146484375" lon="-122.3607211746275424957275390625">
        <ele>75.40000152587890625</ele>
        <time>2026-07-07T23:15:35.000Z</time>
        <extensions>
          <ns3:TrackPointExtension>
            <ns3:atemp>26.0</ns3:atemp>
            <ns3:hr>116</ns3:hr>
          </ns3:TrackPointExtension>
        </extensions>
      </trkpt>
      <trkpt lat="47.69254012964665889739990234375" lon="-122.36072729341685771942138671875">
        <ele>75.59999847412109375</ele>
        <time>2026-07-07T23:15:37.000Z</time>
        <extensions>
          <ns3:TrackPointExtension>
            <ns3:atemp>26.0</ns3:atemp>
            <ns3:hr>116</ns3:hr>
          </ns3:TrackPointExtension>
        </extensions>
      </trkpt>
      <trkpt lat="47.6923888362944126129150390625" lon="-122.36072503030300140380859375">
        <ele>76</ele>
        <time>2026-07-07T23:15:42.000Z</time>
        <extensions>
          <ns3:TrackPointExtension>
            <ns3:atemp>27.0</ns3:atemp>
            <ns3:hr>114</ns3:hr>
          </ns3:TrackPointExtension>
        </extensions>
      </trkpt>
      <trkpt lat="47.692263610661029815673828125" lon="-122.36073844134807586669921875">
        <ele>76.59999847412109375</ele>
        <time>2026-07-07T23:15:46.000Z</time>
        <extensions>
          <ns3:TrackPointExtension>
            <ns3:atemp>27.0</ns3:atemp>
            <ns3:hr>114</ns3:hr>
          </ns3:TrackPointExtension>
        </extensions>
      </trkpt>
      <trkpt lat="47.6921628601849079132080078125" lon="-122.36073215492069721221923828125">
        <ele>76.40000152587890625</ele>
        <time>2026-07-07T23:15:49.000Z</time>
        <extensions>
          <ns3:TrackPointExtension>
            <ns3:atemp>27.0</ns3:atemp>
            <ns3:hr>115</ns3:hr>
          </ns3:TrackPointExtension>
        </extensions>
      </trkpt>
      <trkpt lat="47.6918510533869266510009765625" lon="-122.360709272325038909912109375">
        <ele>76.59999847412109375</ele>
        <time>2026-07-07T23:15:58.000Z</time>
        <extensions>
          <ns3:TrackPointExtension>
            <ns3:atemp>27.0</ns3:atemp>
            <ns3:hr>117</ns3:hr>
          </ns3:TrackPointExtension>
        </extensions>
      </trkpt>
      <trkpt lat="47.69169799983501434326171875" lon="-122.36070550046861171722412109375">
        <ele>76.8000030517578125</ele>
        <time>2026-07-07T23:16:03.000Z</time>
        <extensions>
          <ns3:TrackPointExtension>
            <ns3:atemp>27.0</ns3:atemp>
            <ns3:hr>120</ns3:hr>
          </ns3:TrackPointExtension>
        </extensions>
      </trkpt>
      <trkpt lat="47.69149775616824626922607421875" lon="-122.3606990464031696319580078125">
        <ele>77.1999969482421875</ele>
        <time>2026-07-07T23:16:09.000Z</time>
        <extensions>
          <ns3:TrackPointExtension>
            <ns3:atemp>27.0</ns3:atemp>
            <ns3:hr>121</ns3:hr>
          </ns3:TrackPointExtension>
        </extensions>
      </trkpt>
      <trkpt lat="47.6912797428667545318603515625" lon="-122.3607490025460720062255859375">
        <ele>77.40000152587890625</ele>
        <time>2026-07-07T23:16:16.000Z</time>
        <extensions>
          <ns3:TrackPointExtension>
            <ns3:atemp>27.0</ns3:atemp>
            <ns3:hr>118</ns3:hr>
          </ns3:TrackPointExtension>
        </extensions>
      </trkpt>
      <trkpt lat="47.6911647431552410125732421875" lon="-122.36076098866760730743408203125">
        <ele>77.59999847412109375</ele>
        <time>2026-07-07T23:16:20.000Z</time>
        <extensions>
          <ns3:TrackPointExtension>
            <ns3:atemp>27.0</ns3:atemp>
            <ns3:hr>115</ns3:hr>
          </ns3:TrackPointExtension>
        </extensions>
      </trkpt>
      <trkpt lat="47.69111135043203830718994140625" lon="-122.360763587057590484619140625">
        <ele>77.59999847412109375</ele>
        <time>2026-07-07T23:16:22.000Z</time>
        <extensions>
          <ns3:TrackPointExtension>
            <ns3:atemp>27.0</ns3:atemp>
            <ns3:hr>114</ns3:hr>
          </ns3:TrackPointExtension>
        </extensions>
      </trkpt>
      <trkpt lat="47.6910884678363800048828125" lon="-122.36076585017144680023193359375">
        <ele>77.8000030517578125</ele>
        <time>2026-07-07T23:16:23.000Z</time>
        <extensions>
          <ns3:TrackPointExtension>
            <ns3:atemp>27.0</ns3:atemp>
            <ns3:hr>113</ns3:hr>
          </ns3:TrackPointExtension>
        </extensions>
      </trkpt>
      <trkpt lat="47.6907992921769618988037109375" lon="-122.36074757762253284454345703125">
        <ele>78.1999969482421875</ele>
        <time>2026-07-07T23:16:33.000Z</time>
        <extensions>
          <ns3:TrackPointExtension>
            <ns3:atemp>27.0</ns3:atemp>
            <ns3:hr>112</ns3:hr>
          </ns3:TrackPointExtension>
        </extensions>
      </trkpt>
      <trkpt lat="47.69064632244408130645751953125" lon="-122.36073332838714122772216796875">
        <ele>78.40000152587890625</ele>
        <time>2026-07-07T23:16:38.000Z</time>
        <extensions>
          <ns3:TrackPointExtension>
            <ns3:atemp>27.0</ns3:atemp>
            <ns3:hr>115</ns3:hr>
          </ns3:TrackPointExtension>
        </extensions>
      </trkpt>
      <trkpt lat="47.6906179077923297882080078125" lon="-122.36073316074907779693603515625">
        <ele>78.40000152587890625</ele>
        <time>2026-07-07T23:16:39.000Z</time>
        <extensions>
          <ns3:TrackPointExtension>
            <ns3:atemp>27.0</ns3:atemp>
            <ns3:hr>115</ns3:hr>
          </ns3:TrackPointExtension>
        </extensions>
      </trkpt>
      <trkpt lat="47.6904100365936756134033203125" lon="-122.3607533611357212066650390625">
        <ele>78.8000030517578125</ele>
        <time>2026-07-07T23:16:47.000Z</time>
        <extensions>
          <ns3:TrackPointExtension>
            <ns3:atemp>27.0</ns3:atemp>
            <ns3:hr>116</ns3:hr>
          </ns3:TrackPointExtension>
        </extensions>
      </trkpt>
      <trkpt lat="47.6902033388614654541015625" lon="-122.3607583902776241302490234375">
        <ele>78.40000152587890625</ele>
        <time>2026-07-07T23:16:54.000Z</time>
        <extensions>
          <ns3:TrackPointExtension>
            <ns3:atemp>27.0</ns3:atemp>
            <ns3:hr>115</ns3:hr>
          </ns3:TrackPointExtension>
        </extensions>
      </trkpt>
      <trkpt lat="47.68992816098034381866455078125" lon="-122.3607647605240345001220703125">
        <ele>78</ele>
        <time>2026-07-07T23:17:03.000Z</time>
        <extensions>
          <ns3:TrackPointExtension>
            <ns3:atemp>27.0</ns3:atemp>
            <ns3:hr>113</ns3:hr>
          </ns3:TrackPointExtension>
        </extensions>
      </trkpt>
      <trkpt lat="47.68984551541507244110107421875" lon="-122.36073148436844348907470703125">
        <ele>78</ele>
        <time>2026-07-07T23:17:07.000Z</time>
        <extensions>
          <ns3:TrackPointExtension>
            <ns3:atemp>27.0</ns3:atemp>
            <ns3:hr>112</ns3:hr>
          </ns3:TrackPointExtension>
        </extensions>
      </trkpt>
      <trkpt lat="47.689794637262821197509765625" lon="-122.3605729825794696807861328125">
        <ele>78.40000152587890625</ele>
        <time>2026-07-07T23:17:12.000Z</time>
        <extensions>
          <ns3:TrackPointExtension>
            <ns3:atemp>27.0</ns3:atemp>
            <ns3:hr>113</ns3:hr>
          </ns3:TrackPointExtension>
        </extensions>
      </trkpt>
      <trkpt lat="47.6897676475346088409423828125" lon="-122.3605334199965000152587890625">
        <ele>78.59999847412109375</ele>
        <time>2026-07-07T23:17:14.000Z</time>
        <extensions>
          <ns3:TrackPointExtension>
            <ns3:atemp>27.0</ns3:atemp>
            <ns3:hr>113</ns3:hr>
          </ns3:TrackPointExtension>
        </extensions>
      </trkpt>
      <trkpt lat="47.68973018042743206024169921875" lon="-122.36053903587162494659423828125">
        <ele>78.8000030517578125</ele>
        <time>2026-07-07T23:17:16.000Z</time>
        <extensions>
          <ns3:TrackPointExtension>
            <ns3:atemp>27.0</ns3:atemp>
            <ns3:hr>112</ns3:hr>
          </ns3:TrackPointExtension>
        </extensions>
      </trkpt>
      <trkpt lat="47.6895622909069061279296875" lon="-122.3605511896312236785888671875">
        <ele>78.8000030517578125</ele>
        <time>2026-07-07T23:17:23.000Z</time>
        <extensions>
          <ns3:TrackPointExtension>
            <ns3:atemp>27.0</ns3:atemp>
            <ns3:hr>113</ns3:hr>
          </ns3:TrackPointExtension>
        </extensions>
      </trkpt>
      <trkpt lat="47.68929968588054180145263671875" lon="-122.36057708971202373504638671875">
        <ele>79.1999969482421875</ele>
        <time>2026-07-07T23:17:32.000Z</time>
        <extensions>
          <ns3:TrackPointExtension>
            <ns3:atemp>27.0</ns3:atemp>
            <ns3:hr>111</ns3:hr>
          </ns3:TrackPointExtension>
        </extensions>
      </trkpt>
      <trkpt lat="47.6891349814832210540771484375" lon="-122.3605391196906566619873046875">
        <ele>79.40000152587890625</ele>
        <time>2026-07-07T23:17:39.000Z</time>
        <extensions>
          <ns3:TrackPointExtension>
            <ns3:atemp>27.0</ns3:atemp>
            <ns3:hr>111</ns3:hr>
          </ns3:TrackPointExtension>
        </extensions>
      </trkpt>
      <trkpt lat="47.68911813385784626007080078125" lon="-122.36051640473306179046630859375">
        <ele>79.59999847412109375</ele>
        <time>2026-07-07T23:17:40.000Z</time>
        <extensions>
          <ns3:TrackPointExtension>
            <ns3:atemp>27.0</ns3:atemp>
            <ns3:hr>110</ns3:hr>
          </ns3:TrackPointExtension>
        </extensions>
      </trkpt>
      <trkpt lat="47.6891078241169452667236328125" lon="-122.36039201728999614715576171875">
        <ele>79.8000030517578125</ele>
        <time>2026-07-07T23:17:44.000Z</time>
        <extensions>
          <ns3:TrackPointExtension>
            <ns3:atemp>27.0</ns3:atemp>
            <ns3:hr>110</ns3:hr>
          </ns3:TrackPointExtension>
        </extensions>
      </trkpt>
      <trkpt lat="47.68911276943981647491455078125" lon="-122.3602098785340785980224609375">
        <ele>80</ele>
        <time>2026-07-07T23:17:49.000Z</time>
        <extensions>
          <ns3:TrackPointExtension>
            <ns3:atemp>27.0</ns3:atemp>
            <ns3:hr>107</ns3:hr>
          </ns3:TrackPointExtension>
        </extensions>
      </trkpt>
      <trkpt lat="47.68911327235400676727294921875" lon="-122.360133938491344451904296875">
        <ele>81</ele>
        <time>2026-07-07T23:17:51.000Z</time>
        <extensions>
          <ns3:TrackPointExtension>
            <ns3:atemp>27.0</ns3:atemp>
            <ns3:hr>110</ns3:hr>
          </ns3:TrackPointExtension>
        </extensions>
      </trkpt>
      <trkpt lat="47.68911343999207019805908203125" lon="-122.3600566573441028594970703125">
        <ele>81.40000152587890625</ele>
        <time>2026-07-07T23:17:53.000Z</time>
        <extensions>
          <ns3:TrackPointExtension>
            <ns3:atemp>27.0</ns3:atemp>
            <ns3:hr>111</ns3:hr>
          </ns3:TrackPointExtension>
        </extensions>
      </trkpt>
      <trkpt lat="47.68911302089691162109375" lon="-122.3599827289581298828125">
        <ele>81.40000152587890625</ele>
        <time>2026-07-07T23:17:55.000Z</time>
        <extensions>
          <ns3:TrackPointExtension>
            <ns3:atemp>27.0</ns3:atemp>
            <ns3:hr>108</ns3:hr>
          </ns3:TrackPointExtension>
        </extensions>
      </trkpt>
      <trkpt lat="47.68911059014499187469482421875" lon="-122.35994827933609485626220703125">
        <ele>81.59999847412109375</ele>
        <time>2026-07-07T23:17:56.000Z</time>
        <extensions>
          <ns3:TrackPointExtension>
            <ns3:atemp>27.0</ns3:atemp>
            <ns3:hr>111</ns3:hr>
          </ns3:TrackPointExtension>
        </extensions>
      </trkpt>
      <trkpt lat="47.6891084946691989898681640625" lon="-122.35988172702491283416748046875">
        <ele>81.59999847412109375</ele>
        <time>2026-07-07T23:17:58.000Z</time>
        <extensions>
          <ns3:TrackPointExtension>
            <ns3:atemp>27.0</ns3:atemp>
            <ns3:hr>108</ns3:hr>
          </ns3:TrackPointExtension>
        </extensions>
      </trkpt>
      <trkpt lat="47.68911545164883136749267578125" lon="-122.3598119057714939117431640625">
        <ele>81.8000030517578125</ele>
        <time>2026-07-07T23:18:00.000Z</time>
        <extensions>
          <ns3:TrackPointExtension>
            <ns3:atemp>27.0</ns3:atemp>
            <ns3:hr>109</ns3:hr>
          </ns3:TrackPointExtension>
        </extensions>
      </trkpt>
      <trkpt lat="47.68911645747721195220947265625" lon="-122.35970553942024707794189453125">
        <ele>82.1999969482421875</ele>
        <time>2026-07-07T23:18:02.000Z</time>
        <extensions>
          <ns3:TrackPointExtension>
            <ns3:atemp>27.0</ns3:atemp>
            <ns3:hr>111</ns3:hr>
          </ns3:TrackPointExtension>
        </extensions>
      </trkpt>
      <trkpt lat="47.68911327235400676727294921875" lon="-122.35961417667567729949951171875">
        <ele>83.1999969482421875</ele>
        <time>2026-07-07T23:18:06.000Z</time>
        <extensions>
          <ns3:TrackPointExtension>
            <ns3:atemp>27.0</ns3:atemp>
            <ns3:hr>110</ns3:hr>
          </ns3:TrackPointExtension>
        </extensions>
      </trkpt>
      <trkpt lat="47.6891172118484973907470703125" lon="-122.3595889471471309661865234375">
        <ele>83.59999847412109375</ele>
        <time>2026-07-07T23:18:07.000Z</time>
        <extensions>
          <ns3:TrackPointExtension>
            <ns3:atemp>27.0</ns3:atemp>
            <ns3:hr>109</ns3:hr>
          </ns3:TrackPointExtension>
        </extensions>
      </trkpt>
      <trkpt lat="47.6891198940575122833251953125" lon="-122.3594166152179241180419921875">
        <ele>84.8000030517578125</ele>
        <time>2026-07-07T23:18:13.000Z</time>
        <extensions>
          <ns3:TrackPointExtension>
            <ns3:atemp>27.0</ns3:atemp>
            <ns3:hr>108</ns3:hr>
          </ns3:TrackPointExtension>
        </extensions>
      </trkpt>
      <trkpt lat="47.68912031315267086029052734375" lon="-122.35939188860356807708740234375">
        <ele>84.8000030517578125</ele>
        <time>2026-07-07T23:18:14.000Z</time>
        <extensions>
          <ns3:TrackPointExtension>
            <ns3:atemp>27.0</ns3:atemp>
            <ns3:hr>107</ns3:hr>
          </ns3:TrackPointExtension>
        </extensions>
      </trkpt>
      <trkpt lat="47.68912249244749546051025390625" lon="-122.3592429421842098236083984375">
        <ele>85</ele>
        <time>2026-07-07T23:18:19.000Z</time>
        <extensions>
          <ns3:TrackPointExtension>
            <ns3:atemp>27.0</ns3:atemp>
            <ns3:hr>104</ns3:hr>
          </ns3:TrackPointExtension>
        </extensions>
      </trkpt>
      <trkpt lat="47.6891265995800495147705078125" lon="-122.35907488502562046051025390625">
        <ele>85.1999969482421875</ele>
        <time>2026-07-07T23:18:24.000Z</time>
        <extensions>
          <ns3:TrackPointExtension>
            <ns3:atemp>27.0</ns3:atemp>
            <ns3:hr>103</ns3:hr>
          </ns3:TrackPointExtension>
        </extensions>
      </trkpt>
      <trkpt lat="47.68911997787654399871826171875" lon="-122.35874153673648834228515625">
        <ele>85.59999847412109375</ele>
        <time>2026-07-07T23:18:33.000Z</time>
        <extensions>
          <ns3:TrackPointExtension>
            <ns3:atemp>27.0</ns3:atemp>
            <ns3:hr>106</ns3:hr>
          </ns3:TrackPointExtension>
        </extensions>
      </trkpt>
      <trkpt lat="47.68912031315267086029052734375" lon="-122.3587019741535186767578125">
        <ele>85.59999847412109375</ele>
        <time>2026-07-07T23:18:34.000Z</time>
        <extensions>
          <ns3:TrackPointExtension>
            <ns3:atemp>27.0</ns3:atemp>
            <ns3:hr>110</ns3:hr>
          </ns3:TrackPointExtension>
        </extensions>
      </trkpt>
      <trkpt lat="47.68911503255367279052734375" lon="-122.35850340686738491058349609375">
        <ele>85.59999847412109375</ele>
        <time>2026-07-07T23:18:39.000Z</time>
        <extensions>
          <ns3:TrackPointExtension>
            <ns3:atemp>27.0</ns3:atemp>
            <ns3:hr>105</ns3:hr>
          </ns3:TrackPointExtension>
        </extensions>
      </trkpt>
      <trkpt lat="47.68911444582045078277587890625" lon="-122.35846661031246185302734375">
        <ele>85.59999847412109375</ele>
        <time>2026-07-07T23:18:40.000Z</time>
        <extensions>
          <ns3:TrackPointExtension>
            <ns3:atemp>27.0</ns3:atemp>
            <ns3:hr>105</ns3:hr>
          </ns3:TrackPointExtension>
        </extensions>
      </trkpt>
      <trkpt lat="47.6891128532588481903076171875" lon="-122.358359992504119873046875">
        <ele>85.59999847412109375</ele>
        <time>2026-07-07T23:18:43.000Z</time>
        <extensions>
          <ns3:TrackPointExtension>
            <ns3:atemp>27.0</ns3:atemp>
            <ns3:hr>106</ns3:hr>
          </ns3:TrackPointExtension>
        </extensions>
      </trkpt>
      <trkpt lat="47.68910505808889865875244140625" lon="-122.35812504775822162628173828125">
        <ele>85.8000030517578125</ele>
        <time>2026-07-07T23:18:50.000Z</time>
        <extensions>
          <ns3:TrackPointExtension>
            <ns3:atemp>27.0</ns3:atemp>
            <ns3:hr>107</ns3:hr>
          </ns3:TrackPointExtension>
        </extensions>
      </trkpt>
      <trkpt lat="47.68910505808889865875244140625" lon="-122.35812504775822162628173828125">
        <ele>85.8000030517578125</ele>
        <time>2026-07-07T23:18:51.000Z</time>
        <extensions>
          <ns3:TrackPointExtension>
            <ns3:atemp>27.0</ns3:atemp>
            <ns3:hr>107</ns3:hr>
          </ns3:TrackPointExtension>
        </extensions>
      </trkpt>
      <trkpt lat="47.68908980302512645721435546875" lon="-122.35798490233719348907470703125">
        <ele>85.8000030517578125</ele>
        <time>2026-07-07T23:18:55.000Z</time>
        <extensions>
          <ns3:TrackPointExtension>
            <ns3:atemp>27.0</ns3:atemp>
            <ns3:hr>106</ns3:hr>
          </ns3:TrackPointExtension>
        </extensions>
      </trkpt>
      <trkpt lat="47.68909667618572711944580078125" lon="-122.35789588652551174163818359375">
        <ele>85.8000030517578125</ele>
        <time>2026-07-07T23:18:58.000Z</time>
        <extensions>
          <ns3:TrackPointExtension>
            <ns3:atemp>27.0</ns3:atemp>
            <ns3:hr>107</ns3:hr>
          </ns3:TrackPointExtension>
        </extensions>
      </trkpt>
      <trkpt lat="47.68911235034465789794921875" lon="-122.3577375523746013641357421875">
        <ele>86</ele>
        <time>2026-07-07T23:19:02.000Z</time>
        <extensions>
          <ns3:TrackPointExtension>
            <ns3:atemp>27.0</ns3:atemp>
            <ns3:hr>110</ns3:hr>
          </ns3:TrackPointExtension>
        </extensions>
      </trkpt>
      <trkpt lat="47.68911763094365596771240234375" lon="-122.3576135002076625823974609375">
        <ele>86.40000152587890625</ele>
        <time>2026-07-07T23:19:05.000Z</time>
        <extensions>
          <ns3:TrackPointExtension>
            <ns3:atemp>27.0</ns3:atemp>
            <ns3:hr>114</ns3:hr>
          </ns3:TrackPointExtension>
        </extensions>
      </trkpt>
      <trkpt lat="47.68911846913397312164306640625" lon="-122.35757251270115375518798828125">
        <ele>86.8000030517578125</ele>
        <time>2026-07-07T23:19:06.000Z</time>
        <extensions>
          <ns3:TrackPointExtension>
            <ns3:atemp>27.0</ns3:atemp>
            <ns3:hr>115</ns3:hr>
          </ns3:TrackPointExtension>
        </extensions>
      </trkpt>
      <trkpt lat="47.689119391143321990966796875" lon="-122.35753118991851806640625">
        <ele>87</ele>
        <time>2026-07-07T23:19:07.000Z</time>
        <extensions>
          <ns3:TrackPointExtension>
            <ns3:atemp>27.0</ns3:atemp>
            <ns3:hr>116</ns3:hr>
          </ns3:TrackPointExtension>
        </extensions>
      </trkpt>
      <trkpt lat="47.6891152001917362213134765625" lon="-122.35733279027044773101806640625">
        <ele>87.40000152587890625</ele>
        <time>2026-07-07T23:19:12.000Z</time>
        <extensions>
          <ns3:TrackPointExtension>
            <ns3:atemp>27.0</ns3:atemp>
            <ns3:hr>119</ns3:hr>
          </ns3:TrackPointExtension>
        </extensions>
      </trkpt>
      <trkpt lat="47.68911427818238735198974609375" lon="-122.357081584632396697998046875">
        <ele>87.8000030517578125</ele>
        <time>2026-07-07T23:19:18.000Z</time>
        <extensions>
          <ns3:TrackPointExtension>
            <ns3:atemp>27.0</ns3:atemp>
            <ns3:hr>117</ns3:hr>
          </ns3:TrackPointExtension>
        </extensions>
      </trkpt>
      <trkpt lat="47.68912483938038349151611328125" lon="-122.35680825076997280120849609375">
        <ele>88</ele>
        <time>2026-07-07T23:19:24.000Z</time>
        <extensions>
          <ns3:TrackPointExtension>
            <ns3:atemp>27.0</ns3:atemp>
            <ns3:hr>119</ns3:hr>
          </ns3:TrackPointExtension>
        </extensions>
      </trkpt>
      <trkpt lat="47.68912115134298801422119140625" lon="-122.35662586055696010589599609375">
        <ele>88</ele>
        <time>2026-07-07T23:19:28.000Z</time>
        <extensions>
          <ns3:TrackPointExtension>
            <ns3:atemp>27.0</ns3:atemp>
            <ns3:hr>120</ns3:hr>
          </ns3:TrackPointExtension>
        </extensions>
      </trkpt>
      <trkpt lat="47.68911427818238735198974609375" lon="-122.35627113841474056243896484375">
        <ele>87.8000030517578125</ele>
        <time>2026-07-07T23:19:35.000Z</time>
        <extensions>
          <ns3:TrackPointExtension>
            <ns3:atemp>27.0</ns3:atemp>
            <ns3:hr>117</ns3:hr>
          </ns3:TrackPointExtension>
        </extensions>
      </trkpt>
      <trkpt lat="47.68911394290626049041748046875" lon="-122.3562274686992168426513671875">
        <ele>87.59999847412109375</ele>
        <time>2026-07-07T23:19:36.000Z</time>
        <extensions>
          <ns3:TrackPointExtension>
            <ns3:atemp>27.0</ns3:atemp>
            <ns3:hr>117</ns3:hr>
          </ns3:TrackPointExtension>
        </extensions>
      </trkpt>
      <trkpt lat="47.6891118474304676055908203125" lon="-122.35602982342243194580078125">
        <ele>87.1999969482421875</ele>
        <time>2026-07-07T23:19:39.000Z</time>
        <extensions>
          <ns3:TrackPointExtension>
            <ns3:atemp>27.0</ns3:atemp>
            <ns3:hr>114</ns3:hr>
          </ns3:TrackPointExtension>
        </extensions>
      </trkpt>
      <trkpt lat="47.68911369144916534423828125" lon="-122.3558341898024082183837890625">
        <ele>86.8000030517578125</ele>
        <time>2026-07-07T23:19:42.000Z</time>
        <extensions>
          <ns3:TrackPointExtension>
            <ns3:atemp>27.0</ns3:atemp>
            <ns3:hr>114</ns3:hr>
          </ns3:TrackPointExtension>
        </extensions>
      </trkpt>
      <trkpt lat="47.689110673964023590087890625" lon="-122.355566136538982391357421875">
        <ele>86</ele>
        <time>2026-07-07T23:19:47.000Z</time>
        <extensions>
          <ns3:TrackPointExtension>
            <ns3:atemp>27.0</ns3:atemp>
            <ns3:hr>111</ns3:hr>
          </ns3:TrackPointExtension>
        </extensions>
      </trkpt>
      <trkpt lat="47.68910673446953296661376953125" lon="-122.3554915376007556915283203125">
        <ele>86</ele>
        <time>2026-07-07T23:19:49.000Z</time>
        <extensions>
          <ns3:TrackPointExtension>
            <ns3:atemp>26.0</ns3:atemp>
            <ns3:hr>109</ns3:hr>
          </ns3:TrackPointExtension>
        </extensions>
      </trkpt>
      <trkpt lat="47.68910606391727924346923828125" lon="-122.355428002774715423583984375">
        <ele>85.8000030517578125</ele>
        <time>2026-07-07T23:19:51.000Z</time>
        <extensions>
          <ns3:TrackPointExtension>
            <ns3:atemp>26.0</ns3:atemp>
            <ns3:hr>107</ns3:hr>
          </ns3:TrackPointExtension>
        </extensions>
      </trkpt>
      <trkpt lat="47.68910371698439121246337890625" lon="-122.35539908520877361297607421875">
        <ele>85.8000030517578125</ele>
        <time>2026-07-07T23:19:52.000Z</time>
        <extensions>
          <ns3:TrackPointExtension>
            <ns3:atemp>26.0</ns3:atemp>
            <ns3:hr>107</ns3:hr>
          </ns3:TrackPointExtension>
        </extensions>
      </trkpt>
      <trkpt lat="47.6890970952808856964111328125" lon="-122.3553423397243022918701171875">
        <ele>85.8000030517578125</ele>
        <time>2026-07-07T23:19:54.000Z</time>
        <extensions>
          <ns3:TrackPointExtension>
            <ns3:atemp>26.0</ns3:atemp>
            <ns3:hr>107</ns3:hr>
          </ns3:TrackPointExtension>
        </extensions>
      </trkpt>
      <trkpt lat="47.68909818492829799652099609375" lon="-122.355118207633495330810546875">
        <ele>84.8000030517578125</ele>
        <time>2026-07-07T23:20:00.000Z</time>
        <extensions>
          <ns3:TrackPointExtension>
            <ns3:atemp>26.0</ns3:atemp>
            <ns3:hr>107</ns3:hr>
          </ns3:TrackPointExtension>
        </extensions>
      </trkpt>
      <trkpt lat="47.68909893929958343505859375" lon="-122.35506816767156124114990234375">
        <ele>84.59999847412109375</ele>
        <time>2026-07-07T23:20:01.000Z</time>
        <extensions>
          <ns3:TrackPointExtension>
            <ns3:atemp>26.0</ns3:atemp>
            <ns3:hr>107</ns3:hr>
          </ns3:TrackPointExtension>
        </extensions>
      </trkpt>
      <trkpt lat="47.68911930732429027557373046875" lon="-122.3547468893229961395263671875">
        <ele>84</ele>
        <time>2026-07-07T23:20:06.000Z</time>
        <extensions>
          <ns3:TrackPointExtension>
            <ns3:atemp>26.0</ns3:atemp>
            <ns3:hr>108</ns3:hr>
          </ns3:TrackPointExtension>
        </extensions>
      </trkpt>
      <trkpt lat="47.6891299523413181304931640625" lon="-122.35426803119480609893798828125">
        <ele>83.8000030517578125</ele>
        <time>2026-07-07T23:20:12.000Z</time>
        <extensions>
          <ns3:TrackPointExtension>
            <ns3:atemp>26.0</ns3:atemp>
            <ns3:hr>107</ns3:hr>
          </ns3:TrackPointExtension>
        </extensions>
      </trkpt>
      <trkpt lat="47.6891289465129375457763671875" lon="-122.35415764153003692626953125">
        <ele>83.8000030517578125</ele>
        <time>2026-07-07T23:20:13.000Z</time>
        <extensions>
          <ns3:TrackPointExtension>
            <ns3:atemp>26.0</ns3:atemp>
            <ns3:hr>107</ns3:hr>
          </ns3:TrackPointExtension>
        </extensions>
      </trkpt>
      <trkpt lat="47.68912869505584239959716796875" lon="-122.35356244258582592010498046875">
        <ele>82.59999847412109375</ele>
        <time>2026-07-07T23:20:19.000Z</time>
        <extensions>
          <ns3:TrackPointExtension>
            <ns3:atemp>26.0</ns3:atemp>
            <ns3:hr>107</ns3:hr>
          </ns3:TrackPointExtension>
        </extensions>
      </trkpt>
      <trkpt lat="47.6891279406845569610595703125" lon="-122.3533890210092067718505859375">
        <ele>82.1999969482421875</ele>
        <time>2026-07-07T23:20:21.000Z</time>
        <extensions>
          <ns3:TrackPointExtension>
            <ns3:atemp>26.0</ns3:atemp>
            <ns3:hr>107</ns3:hr>
          </ns3:TrackPointExtension>
        </extensions>
      </trkpt>
      <trkpt lat="47.68911369144916534423828125" lon="-122.35302750952541828155517578125">
        <ele>81.59999847412109375</ele>
        <time>2026-07-07T23:20:25.000Z</time>
        <extensions>
          <ns3:TrackPointExtension>
            <ns3:atemp>26.0</ns3:atemp>
            <ns3:hr>106</ns3:hr>
          </ns3:TrackPointExtension>
        </extensions>
      </trkpt>
      <trkpt lat="47.68908309750258922576904296875" lon="-122.35269541852176189422607421875">
        <ele>81.59999847412109375</ele>
        <time>2026-07-07T23:20:29.000Z</time>
        <extensions>
          <ns3:TrackPointExtension>
            <ns3:atemp>26.0</ns3:atemp>
            <ns3:hr>105</ns3:hr>
          </ns3:TrackPointExtension>
        </extensions>
      </trkpt>
      <trkpt lat="47.68907924182713031768798828125" lon="-122.352639175951480865478515625">
        <ele>81.59999847412109375</ele>
        <time>2026-07-07T23:20:30.000Z</time>
        <extensions>
          <ns3:TrackPointExtension>
            <ns3:atemp>26.0</ns3:atemp>
            <ns3:hr>104</ns3:hr>
          </ns3:TrackPointExtension>
        </extensions>
      </trkpt>
      <trkpt lat="47.68907991237938404083251953125" lon="-122.352556698024272918701171875">
        <ele>81.59999847412109375</ele>
        <time>2026-07-07T23:20:31.000Z</time>
        <extensions>
          <ns3:TrackPointExtension>
            <ns3:atemp>26.0</ns3:atemp>
            <ns3:hr>103</ns3:hr>
          </ns3:TrackPointExtension>
        </extensions>
      </trkpt>
      <trkpt lat="47.689098604023456573486328125" lon="-122.35238294117152690887451171875">
        <ele>81.1999969482421875</ele>
        <time>2026-07-07T23:20:34.000Z</time>
        <extensions>
          <ns3:TrackPointExtension>
            <ns3:atemp>26.0</ns3:atemp>
            <ns3:hr>102</ns3:hr>
          </ns3:TrackPointExtension>
        </extensions>
      </trkpt>
      <trkpt lat="47.68909969367086887359619140625" lon="-122.35231152735650539398193359375">
        <ele>81.1999969482421875</ele>
        <time>2026-07-07T23:20:35.000Z</time>
        <extensions>
          <ns3:TrackPointExtension>
            <ns3:atemp>26.0</ns3:atemp>
            <ns3:hr>103</ns3:hr>
          </ns3:TrackPointExtension>
        </extensions>
      </trkpt>
      <trkpt lat="47.68908024765551090240478515625" lon="-122.3519964516162872314453125">
        <ele>81</ele>
        <time>2026-07-07T23:20:41.000Z</time>
        <extensions>
          <ns3:TrackPointExtension>
            <ns3:atemp>26.0</ns3:atemp>
            <ns3:hr>105</ns3:hr>
          </ns3:TrackPointExtension>
        </extensions>
      </trkpt>
      <trkpt lat="47.6890970952808856964111328125" lon="-122.35167852602899074554443359375">
        <ele>81.1999969482421875</ele>
        <time>2026-07-07T23:20:48.000Z</time>
        <extensions>
          <ns3:TrackPointExtension>
            <ns3:atemp>26.0</ns3:atemp>
            <ns3:hr>105</ns3:hr>
          </ns3:TrackPointExtension>
        </extensions>
      </trkpt>
      <trkpt lat="47.68909499980509281158447265625" lon="-122.351381219923496246337890625">
        <ele>82.59999847412109375</ele>
        <time>2026-07-07T23:20:55.000Z</time>
        <extensions>
          <ns3:TrackPointExtension>
            <ns3:atemp>26.0</ns3:atemp>
            <ns3:hr>104</ns3:hr>
          </ns3:TrackPointExtension>
        </extensions>
      </trkpt>
      <trkpt lat="47.68909416161477565765380859375" lon="-122.35134392045438289642333984375">
        <ele>82.59999847412109375</ele>
        <time>2026-07-07T23:20:56.000Z</time>
        <extensions>
          <ns3:TrackPointExtension>
            <ns3:atemp>26.0</ns3:atemp>
            <ns3:hr>103</ns3:hr>
          </ns3:TrackPointExtension>
        </extensions>
      </trkpt>
      <trkpt lat="47.689097262918949127197265625" lon="-122.3512285016477108001708984375">
        <ele>83</ele>
        <time>2026-07-07T23:20:59.000Z</time>
        <extensions>
          <ns3:TrackPointExtension>
            <ns3:atemp>26.0</ns3:atemp>
            <ns3:hr>100</ns3:hr>
          </ns3:TrackPointExtension>
        </extensions>
      </trkpt>
      <trkpt lat="47.6890924014151096343994140625" lon="-122.35109967179596424102783203125">
        <ele>83.1999969482421875</ele>
        <time>2026-07-07T23:21:02.000Z</time>
        <extensions>
          <ns3:TrackPointExtension>
            <ns3:atemp>26.0</ns3:atemp>
            <ns3:hr>97</ns3:hr>
          </ns3:TrackPointExtension>
        </extensions>
      </trkpt>
      <trkpt lat="47.6890940777957439422607421875" lon="-122.35105910338461399078369140625">
        <ele>83.1999969482421875</ele>
        <time>2026-07-07T23:21:03.000Z</time>
        <extensions>
          <ns3:TrackPointExtension>
            <ns3:atemp>26.0</ns3:atemp>
            <ns3:hr>97</ns3:hr>
          </ns3:TrackPointExtension>
        </extensions>
      </trkpt>
      <trkpt lat="47.68909365870058536529541015625" lon="-122.35074444673955440521240234375">
        <ele>83.40000152587890625</ele>
        <time>2026-07-07T23:21:12.000Z</time>
        <extensions>
          <ns3:TrackPointExtension>
            <ns3:atemp>26.0</ns3:atemp>
            <ns3:hr>96</ns3:hr>
          </ns3:TrackPointExtension>
        </extensions>
      </trkpt>
      <trkpt lat="47.68909181468188762664794921875" lon="-122.35070966184139251708984375">
        <ele>84</ele>
        <time>2026-07-07T23:21:13.000Z</time>
        <extensions>
          <ns3:TrackPointExtension>
            <ns3:atemp>26.0</ns3:atemp>
            <ns3:hr>96</ns3:hr>
          </ns3:TrackPointExtension>
        </extensions>
      </trkpt>
      <trkpt lat="47.68908058293163776397705078125" lon="-122.35053204931318759918212890625">
        <ele>84</ele>
        <time>2026-07-07T23:21:18.000Z</time>
        <extensions>
          <ns3:TrackPointExtension>
            <ns3:atemp>26.0</ns3:atemp>
            <ns3:hr>98</ns3:hr>
          </ns3:TrackPointExtension>
        </extensions>
      </trkpt>
      <trkpt lat="47.68909634090960025787353515625" lon="-122.3504714481532573699951171875">
        <ele>84.1999969482421875</ele>
        <time>2026-07-07T23:21:20.000Z</time>
        <extensions>
          <ns3:TrackPointExtension>
            <ns3:atemp>26.0</ns3:atemp>
            <ns3:hr>99</ns3:hr>
          </ns3:TrackPointExtension>
        </extensions>
      </trkpt>
      <trkpt lat="47.68909868784248828887939453125" lon="-122.350447475910186767578125">
        <ele>84.1999969482421875</ele>
        <time>2026-07-07T23:21:21.000Z</time>
        <extensions>
          <ns3:TrackPointExtension>
            <ns3:atemp>26.0</ns3:atemp>
            <ns3:hr>102</ns3:hr>
          </ns3:TrackPointExtension>
        </extensions>
      </trkpt>
      <trkpt lat="47.689101286232471466064453125" lon="-122.350349240005016326904296875">
        <ele>84.1999969482421875</ele>
        <time>2026-07-07T23:21:24.000Z</time>
        <extensions>
          <ns3:TrackPointExtension>
            <ns3:atemp>26.0</ns3:atemp>
            <ns3:hr>105</ns3:hr>
          </ns3:TrackPointExtension>
        </extensions>
      </trkpt>
      <trkpt lat="47.68909634090960025787353515625" lon="-122.3502505011856555938720703125">
        <ele>84.59999847412109375</ele>
        <time>2026-07-07T23:21:27.000Z</time>
        <extensions>
          <ns3:TrackPointExtension>
            <ns3:atemp>26.0</ns3:atemp>
            <ns3:hr>107</ns3:hr>
          </ns3:TrackPointExtension>
        </extensions>
      </trkpt>
      <trkpt lat="47.68909625709056854248046875" lon="-122.35021068714559078216552734375">
        <ele>85</ele>
        <time>2026-07-07T23:21:28.000Z</time>
        <extensions>
          <ns3:TrackPointExtension>
            <ns3:atemp>26.0</ns3:atemp>
            <ns3:hr>107</ns3:hr>
          </ns3:TrackPointExtension>
        </extensions>
      </trkpt>
      <trkpt lat="47.6890853606164455413818359375" lon="-122.35003785230219364166259765625">
        <ele>86</ele>
        <time>2026-07-07T23:21:34.000Z</time>
        <extensions>
          <ns3:TrackPointExtension>
            <ns3:atemp>26.0</ns3:atemp>
            <ns3:hr>104</ns3:hr>
          </ns3:TrackPointExtension>
        </extensions>
      </trkpt>
      <trkpt lat="47.68908326514065265655517578125" lon="-122.35001337714493274688720703125">
        <ele>86</ele>
        <time>2026-07-07T23:21:35.000Z</time>
        <extensions>
          <ns3:TrackPointExtension>
            <ns3:atemp>26.0</ns3:atemp>
            <ns3:hr>104</ns3:hr>
          </ns3:TrackPointExtension>
        </extensions>
      </trkpt>
      <trkpt lat="47.68903045915067195892333984375" lon="-122.3499205894768238067626953125">
        <ele>86.1999969482421875</ele>
        <time>2026-07-07T23:21:40.000Z</time>
        <extensions>
          <ns3:TrackPointExtension>
            <ns3:atemp>26.0</ns3:atemp>
            <ns3:hr>104</ns3:hr>
          </ns3:TrackPointExtension>
        </extensions>
      </trkpt>
      <trkpt lat="47.688973210752010345458984375" lon="-122.34991170465946197509765625">
        <ele>86.1999969482421875</ele>
        <time>2026-07-07T23:21:43.000Z</time>
        <extensions>
          <ns3:TrackPointExtension>
            <ns3:atemp>26.0</ns3:atemp>
            <ns3:hr>107</ns3:hr>
          </ns3:TrackPointExtension>
        </extensions>
      </trkpt>
      <trkpt lat="47.6889170520007610321044921875" lon="-122.3499018140137195587158203125">
        <ele>86</ele>
        <time>2026-07-07T23:21:45.000Z</time>
        <extensions>
          <ns3:TrackPointExtension>
            <ns3:atemp>26.0</ns3:atemp>
            <ns3:hr>109</ns3:hr>
          </ns3:TrackPointExtension>
        </extensions>
      </trkpt>
      <trkpt lat="47.68880062736570835113525390625" lon="-122.34989955089986324310302734375">
        <ele>85.40000152587890625</ele>
        <time>2026-07-07T23:21:49.000Z</time>
        <extensions>
          <ns3:TrackPointExtension>
            <ns3:atemp>26.0</ns3:atemp>
            <ns3:hr>112</ns3:hr>
          </ns3:TrackPointExtension>
        </extensions>
      </trkpt>
      <trkpt lat="47.6887480728328227996826171875" lon="-122.34989871270954608917236328125">
        <ele>85.1999969482421875</ele>
        <time>2026-07-07T23:21:51.000Z</time>
        <extensions>
          <ns3:TrackPointExtension>
            <ns3:atemp>26.0</ns3:atemp>
            <ns3:hr>113</ns3:hr>
          </ns3:TrackPointExtension>
        </extensions>
      </trkpt>
      <trkpt lat="47.688692919909954071044921875" lon="-122.34990307129919528961181640625">
        <ele>84.8000030517578125</ele>
        <time>2026-07-07T23:21:53.000Z</time>
        <extensions>
          <ns3:TrackPointExtension>
            <ns3:atemp>26.0</ns3:atemp>
            <ns3:hr>113</ns3:hr>
          </ns3:TrackPointExtension>
        </extensions>
      </trkpt>
      <trkpt lat="47.68854749388992786407470703125" lon="-122.34992033801972866058349609375">
        <ele>84.59999847412109375</ele>
        <time>2026-07-07T23:21:58.000Z</time>
        <extensions>
          <ns3:TrackPointExtension>
            <ns3:atemp>26.0</ns3:atemp>
            <ns3:hr>113</ns3:hr>
          </ns3:TrackPointExtension>
        </extensions>
      </trkpt>
      <trkpt lat="47.68841095268726348876953125" lon="-122.3499487526714801788330078125">
        <ele>84.1999969482421875</ele>
        <time>2026-07-07T23:22:02.000Z</time>
        <extensions>
          <ns3:TrackPointExtension>
            <ns3:atemp>26.0</ns3:atemp>
            <ns3:hr>110</ns3:hr>
          </ns3:TrackPointExtension>
        </extensions>
      </trkpt>
      <trkpt lat="47.6883350126445293426513671875" lon="-122.34993307851254940032958984375">
        <ele>84.1999969482421875</ele>
        <time>2026-07-07T23:22:04.000Z</time>
        <extensions>
          <ns3:TrackPointExtension>
            <ns3:atemp>26.0</ns3:atemp>
            <ns3:hr>109</ns3:hr>
          </ns3:TrackPointExtension>
        </extensions>
      </trkpt>
      <trkpt lat="47.68825194798409938812255859375" lon="-122.349911034107208251953125">
        <ele>84</ele>
        <time>2026-07-07T23:22:06.000Z</time>
        <extensions>
          <ns3:TrackPointExtension>
            <ns3:atemp>26.0</ns3:atemp>
            <ns3:hr>106</ns3:hr>
          </ns3:TrackPointExtension>
        </extensions>
      </trkpt>
      <trkpt lat="47.688209451735019683837890625" lon="-122.34991061501204967498779296875">
        <ele>83.8000030517578125</ele>
        <time>2026-07-07T23:22:07.000Z</time>
        <extensions>
          <ns3:TrackPointExtension>
            <ns3:atemp>26.0</ns3:atemp>
            <ns3:hr>105</ns3:hr>
          </ns3:TrackPointExtension>
        </extensions>
      </trkpt>
      <trkpt lat="47.6881268061697483062744140625" lon="-122.349911369383335113525390625">
        <ele>83.40000152587890625</ele>
        <time>2026-07-07T23:22:09.000Z</time>
        <extensions>
          <ns3:TrackPointExtension>
            <ns3:atemp>26.0</ns3:atemp>
            <ns3:hr>104</ns3:hr>
          </ns3:TrackPointExtension>
        </extensions>
      </trkpt>
      <trkpt lat="47.68788314424455165863037109375" lon="-122.34991547651588916778564453125">
        <ele>82.8000030517578125</ele>
        <time>2026-07-07T23:22:14.000Z</time>
        <extensions>
          <ns3:TrackPointExtension>
            <ns3:atemp>26.0</ns3:atemp>
            <ns3:hr>104</ns3:hr>
          </ns3:TrackPointExtension>
        </extensions>
      </trkpt>
      <trkpt lat="47.68777954392135143280029296875" lon="-122.3499105311930179595947265625">
        <ele>82.40000152587890625</ele>
        <time>2026-07-07T23:22:16.000Z</time>
        <extensions>
          <ns3:TrackPointExtension>
            <ns3:atemp>26.0</ns3:atemp>
            <ns3:hr>104</ns3:hr>
          </ns3:TrackPointExtension>
        </extensions>
      </trkpt>
      <trkpt lat="47.68769270740449428558349609375" lon="-122.349915392696857452392578125">
        <ele>81.59999847412109375</ele>
        <time>2026-07-07T23:22:18.000Z</time>
        <extensions>
          <ns3:TrackPointExtension>
            <ns3:atemp>26.0</ns3:atemp>
            <ns3:hr>104</ns3:hr>
          </ns3:TrackPointExtension>
        </extensions>
      </trkpt>
      <trkpt lat="47.6875809766352176666259765625" lon="-122.3499212600290775299072265625">
        <ele>81.40000152587890625</ele>
        <time>2026-07-07T23:22:20.000Z</time>
        <extensions>
          <ns3:TrackPointExtension>
            <ns3:atemp>26.0</ns3:atemp>
            <ns3:hr>103</ns3:hr>
          </ns3:TrackPointExtension>
        </extensions>
      </trkpt>
      <trkpt lat="47.68738341517746448516845703125" lon="-122.349922768771648406982421875">
        <ele>81.1999969482421875</ele>
        <time>2026-07-07T23:22:24.000Z</time>
        <extensions>
          <ns3:TrackPointExtension>
            <ns3:atemp>26.0</ns3:atemp>
            <ns3:hr>102</ns3:hr>
          </ns3:TrackPointExtension>
        </extensions>
      </trkpt>
      <trkpt lat="47.687227763235569000244140625" lon="-122.349906004965305328369140625">
        <ele>80.40000152587890625</ele>
        <time>2026-07-07T23:22:27.000Z</time>
        <extensions>
          <ns3:TrackPointExtension>
            <ns3:atemp>26.0</ns3:atemp>
            <ns3:hr>102</ns3:hr>
          </ns3:TrackPointExtension>
        </extensions>
      </trkpt>
      <trkpt lat="47.6870576106011867523193359375" lon="-122.349903993308544158935546875">
        <ele>79.59999847412109375</ele>
        <time>2026-07-07T23:22:30.000Z</time>
        <extensions>
          <ns3:TrackPointExtension>
            <ns3:atemp>26.0</ns3:atemp>
            <ns3:hr>99</ns3:hr>
          </ns3:TrackPointExtension>
        </extensions>
      </trkpt>
      <trkpt lat="47.68700438551604747772216796875" lon="-122.349901981651782989501953125">
        <ele>79.40000152587890625</ele>
        <time>2026-07-07T23:22:31.000Z</time>
        <extensions>
          <ns3:TrackPointExtension>
            <ns3:atemp>26.0</ns3:atemp>
            <ns3:hr>97</ns3:hr>
          </ns3:TrackPointExtension>
        </extensions>
      </trkpt>
      <trkpt lat="47.6868306286633014678955078125" lon="-122.34991061501204967498779296875">
        <ele>78.8000030517578125</ele>
        <time>2026-07-07T23:22:34.000Z</time>
        <extensions>
          <ns3:TrackPointExtension>
            <ns3:atemp>26.0</ns3:atemp>
            <ns3:hr>94</ns3:hr>
          </ns3:TrackPointExtension>
        </extensions>
      </trkpt>
      <trkpt lat="47.68676985986530780792236328125" lon="-122.34991111792623996734619140625">
        <ele>78.40000152587890625</ele>
        <time>2026-07-07T23:22:35.000Z</time>
        <extensions>
          <ns3:TrackPointExtension>
            <ns3:atemp>26.0</ns3:atemp>
            <ns3:hr>94</ns3:hr>
          </ns3:TrackPointExtension>
        </extensions>
      </trkpt>
      <trkpt lat="47.68652678467333316802978515625" lon="-122.34990541823208332061767578125">
        <ele>78</ele>
        <time>2026-07-07T23:22:39.000Z</time>
        <extensions>
          <ns3:TrackPointExtension>
            <ns3:atemp>26.0</ns3:atemp>
            <ns3:hr>93</ns3:hr>
          </ns3:TrackPointExtension>
        </extensions>
      </trkpt>
      <trkpt lat="47.68641480244696140289306640625" lon="-122.34991036355495452880859375">
        <ele>77.59999847412109375</ele>
        <time>2026-07-07T23:22:40.000Z</time>
        <extensions>
          <ns3:TrackPointExtension>
            <ns3:atemp>26.0</ns3:atemp>
            <ns3:hr>92</ns3:hr>
          </ns3:TrackPointExtension>
        </extensions>
      </trkpt>
      <trkpt lat="47.68623593263328075408935546875" lon="-122.349938862025737762451171875">
        <ele>77.40000152587890625</ele>
        <time>2026-07-07T23:22:44.000Z</time>
        <extensions>
          <ns3:TrackPointExtension>
            <ns3:atemp>26.0</ns3:atemp>
            <ns3:hr>93</ns3:hr>
          </ns3:TrackPointExtension>
        </extensions>
      </trkpt>
      <trkpt lat="47.686187066137790679931640625" lon="-122.34993777237832546234130859375">
        <ele>77.1999969482421875</ele>
        <time>2026-07-07T23:22:45.000Z</time>
        <extensions>
          <ns3:TrackPointExtension>
            <ns3:atemp>26.0</ns3:atemp>
            <ns3:hr>93</ns3:hr>
          </ns3:TrackPointExtension>
        </extensions>
      </trkpt>
      <trkpt lat="47.68608639948070049285888671875" lon="-122.34991966746747493743896484375">
        <ele>76.8000030517578125</ele>
        <time>2026-07-07T23:22:47.000Z</time>
        <extensions>
          <ns3:TrackPointExtension>
            <ns3:atemp>26.0</ns3:atemp>
            <ns3:hr>94</ns3:hr>
          </ns3:TrackPointExtension>
        </extensions>
      </trkpt>
      <trkpt lat="47.68594868481159210205078125" lon="-122.34991212375462055206298828125">
        <ele>76.1999969482421875</ele>
        <time>2026-07-07T23:22:50.000Z</time>
        <extensions>
          <ns3:TrackPointExtension>
            <ns3:atemp>26.0</ns3:atemp>
            <ns3:hr>96</ns3:hr>
          </ns3:TrackPointExtension>
        </extensions>
      </trkpt>
      <trkpt lat="47.68590769730508327484130859375" lon="-122.34989829361438751220703125">
        <ele>76</ele>
        <time>2026-07-07T23:22:51.000Z</time>
        <extensions>
          <ns3:TrackPointExtension>
            <ns3:atemp>26.0</ns3:atemp>
            <ns3:hr>96</ns3:hr>
          </ns3:TrackPointExtension>
        </extensions>
      </trkpt>
      <trkpt lat="47.68587534315884113311767578125" lon="-122.34986434690654277801513671875">
        <ele>75.8000030517578125</ele>
        <time>2026-07-07T23:22:52.000Z</time>
        <extensions>
          <ns3:TrackPointExtension>
            <ns3:atemp>26.0</ns3:atemp>
            <ns3:hr>95</ns3:hr>
          </ns3:TrackPointExtension>
        </extensions>
      </trkpt>
      <trkpt lat="47.685841061174869537353515625" lon="-122.34975605271756649017333984375">
        <ele>75.8000030517578125</ele>
        <time>2026-07-07T23:22:54.000Z</time>
        <extensions>
          <ns3:TrackPointExtension>
            <ns3:atemp>26.0</ns3:atemp>
            <ns3:hr>96</ns3:hr>
          </ns3:TrackPointExtension>
        </extensions>
      </trkpt>
      <trkpt lat="47.685853801667690277099609375" lon="-122.34957416541874408721923828125">
        <ele>77</ele>
        <time>2026-07-07T23:22:58.000Z</time>
        <extensions>
          <ns3:TrackPointExtension>
            <ns3:atemp>26.0</ns3:atemp>
            <ns3:hr>96</ns3:hr>
          </ns3:TrackPointExtension>
        </extensions>
      </trkpt>
      <trkpt lat="47.68586042337119579315185546875" lon="-122.34950057230889797210693359375">
        <ele>77.59999847412109375</ele>
        <time>2026-07-07T23:23:00.000Z</time>
        <extensions>
          <ns3:TrackPointExtension>
            <ns3:atemp>26.0</ns3:atemp>
            <ns3:hr>96</ns3:hr>
          </ns3:TrackPointExtension>
        </extensions>
      </trkpt>
      <trkpt lat="47.6858657039701938629150390625" lon="-122.3493147455155849456787109375">
        <ele>77.8000030517578125</ele>
        <time>2026-07-07T23:23:05.000Z</time>
        <extensions>
          <ns3:TrackPointExtension>
            <ns3:atemp>26.0</ns3:atemp>
            <ns3:hr>98</ns3:hr>
          </ns3:TrackPointExtension>
        </extensions>
      </trkpt>
      <trkpt lat="47.6858663745224475860595703125" lon="-122.34917853958904743194580078125">
        <ele>77.8000030517578125</ele>
        <time>2026-07-07T23:23:09.000Z</time>
        <extensions>
          <ns3:TrackPointExtension>
            <ns3:atemp>26.0</ns3:atemp>
            <ns3:hr>102</ns3:hr>
          </ns3:TrackPointExtension>
        </extensions>
      </trkpt>
      <trkpt lat="47.68587215803563594818115234375" lon="-122.34910544939339160919189453125">
        <ele>77.8000030517578125</ele>
        <time>2026-07-07T23:23:11.000Z</time>
        <extensions>
          <ns3:TrackPointExtension>
            <ns3:atemp>26.0</ns3:atemp>
            <ns3:hr>101</ns3:hr>
          </ns3:TrackPointExtension>
        </extensions>
      </trkpt>
      <trkpt lat="47.6858737505972385406494140625" lon="-122.3490057885646820068359375">
        <ele>78.8000030517578125</ele>
        <time>2026-07-07T23:23:14.000Z</time>
        <extensions>
          <ns3:TrackPointExtension>
            <ns3:atemp>26.0</ns3:atemp>
            <ns3:hr>102</ns3:hr>
          </ns3:TrackPointExtension>
        </extensions>
      </trkpt>
      <trkpt lat="47.6858767680823802947998046875" lon="-122.34886564314365386962890625">
        <ele>79</ele>
        <time>2026-07-07T23:23:18.000Z</time>
        <extensions>
          <ns3:TrackPointExtension>
            <ns3:atemp>26.0</ns3:atemp>
            <ns3:hr>102</ns3:hr>
          </ns3:TrackPointExtension>
        </extensions>
      </trkpt>
      <trkpt lat="47.68586511723697185516357421875" lon="-122.3486839234828948974609375">
        <ele>79</ele>
        <time>2026-07-07T23:23:23.000Z</time>
        <extensions>
          <ns3:TrackPointExtension>
            <ns3:atemp>26.0</ns3:atemp>
            <ns3:hr>102</ns3:hr>
          </ns3:TrackPointExtension>
        </extensions>
      </trkpt>
      <trkpt lat="47.68588976003229618072509765625" lon="-122.3485137708485126495361328125">
        <ele>79</ele>
        <time>2026-07-07T23:23:28.000Z</time>
        <extensions>
          <ns3:TrackPointExtension>
            <ns3:atemp>26.0</ns3:atemp>
            <ns3:hr>105</ns3:hr>
          </ns3:TrackPointExtension>
        </extensions>
      </trkpt>
      <trkpt lat="47.68589328043162822723388671875" lon="-122.34849323518574237823486328125">
        <ele>79</ele>
        <time>2026-07-07T23:23:29.000Z</time>
        <extensions>
          <ns3:TrackPointExtension>
            <ns3:atemp>26.0</ns3:atemp>
            <ns3:hr>105</ns3:hr>
          </ns3:TrackPointExtension>
        </extensions>
      </trkpt>
      <trkpt lat="47.68590618856251239776611328125" lon="-122.34842500649392604827880859375">
        <ele>79</ele>
        <time>2026-07-07T23:23:33.000Z</time>
        <extensions>
          <ns3:TrackPointExtension>
            <ns3:atemp>26.0</ns3:atemp>
            <ns3:hr>108</ns3:hr>
          </ns3:TrackPointExtension>
        </extensions>
      </trkpt>
      <trkpt lat="47.68590618856251239776611328125" lon="-122.34842500649392604827880859375">
        <ele>79.8000030517578125</ele>
        <time>2026-07-07T23:23:35.000Z</time>
        <extensions>
          <ns3:TrackPointExtension>
            <ns3:atemp>26.0</ns3:atemp>
            <ns3:hr>108</ns3:hr>
          </ns3:TrackPointExtension>
        </extensions>
      </trkpt>
      <trkpt lat="47.68590618856251239776611328125" lon="-122.34842500649392604827880859375">
        <ele>80.59999847412109375</ele>
        <time>2026-07-07T23:23:36.000Z</time>
        <extensions>
          <ns3:TrackPointExtension>
            <ns3:atemp>26.0</ns3:atemp>
            <ns3:hr>108</ns3:hr>
          </ns3:TrackPointExtension>
        </extensions>
      </trkpt>
      <trkpt lat="47.68590618856251239776611328125" lon="-122.34842500649392604827880859375">
        <ele>80.59999847412109375</ele>
        <time>2026-07-07T23:23:43.000Z</time>
        <extensions>
          <ns3:TrackPointExtension>
            <ns3:atemp>26.0</ns3:atemp>
            <ns3:hr>111</ns3:hr>
          </ns3:TrackPointExtension>
        </extensions>
      </trkpt>
      <trkpt lat="47.68590618856251239776611328125" lon="-122.34842500649392604827880859375">
        <ele>80.59999847412109375</ele>
        <time>2026-07-07T23:23:47.000Z</time>
        <extensions>
          <ns3:TrackPointExtension>
            <ns3:atemp>26.0</ns3:atemp>
            <ns3:hr>110</ns3:hr>
          </ns3:TrackPointExtension>
        </extensions>
      </trkpt>
      <trkpt lat="47.68590618856251239776611328125" lon="-122.34842500649392604827880859375">
        <ele>80.59999847412109375</ele>
        <time>2026-07-07T23:23:59.000Z</time>
        <extensions>
          <ns3:TrackPointExtension>
            <ns3:atemp>26.0</ns3:atemp>
            <ns3:hr>107</ns3:hr>
          </ns3:TrackPointExtension>
        </extensions>
      </trkpt>
      <trkpt lat="47.68590618856251239776611328125" lon="-122.34842500649392604827880859375">
        <ele>80.59999847412109375</ele>
        <time>2026-07-07T23:24:03.000Z</time>
        <extensions>
          <ns3:TrackPointExtension>
            <ns3:atemp>26.0</ns3:atemp>
            <ns3:hr>104</ns3:hr>
          </ns3:TrackPointExtension>
        </extensions>
      </trkpt>
      <trkpt lat="47.6859072782099246978759765625" lon="-122.3484255932271480560302734375">
        <ele>80.59999847412109375</ele>
        <time>2026-07-07T23:24:04.000Z</time>
        <extensions>
          <ns3:TrackPointExtension>
            <ns3:atemp>26.0</ns3:atemp>
            <ns3:hr>104</ns3:hr>
          </ns3:TrackPointExtension>
        </extensions>
      </trkpt>
      <trkpt lat="47.6859149895608425140380859375" lon="-122.34843338839709758758544921875">
        <ele>80.59999847412109375</ele>
        <time>2026-07-07T23:24:07.000Z</time>
        <extensions>
          <ns3:TrackPointExtension>
            <ns3:atemp>26.0</ns3:atemp>
            <ns3:hr>101</ns3:hr>
          </ns3:TrackPointExtension>
        </extensions>
      </trkpt>
      <trkpt lat="47.6859149895608425140380859375" lon="-122.34843338839709758758544921875">
        <ele>80.1999969482421875</ele>
        <time>2026-07-07T23:24:13.000Z</time>
        <extensions>
          <ns3:TrackPointExtension>
            <ns3:atemp>26.0</ns3:atemp>
            <ns3:hr>98</ns3:hr>
          </ns3:TrackPointExtension>
        </extensions>
      </trkpt>
      <trkpt lat="47.6859149895608425140380859375" lon="-122.34843338839709758758544921875">
        <ele>80</ele>
        <time>2026-07-07T23:24:15.000Z</time>
        <extensions>
          <ns3:TrackPointExtension>
            <ns3:atemp>26.0</ns3:atemp>
            <ns3:hr>102</ns3:hr>
          </ns3:TrackPointExtension>
        </extensions>
      </trkpt>
      <trkpt lat="47.68591515719890594482421875" lon="-122.3484344780445098876953125">
        <ele>79.8000030517578125</ele>
        <time>2026-07-07T23:24:22.000Z</time>
        <extensions>
          <ns3:TrackPointExtension>
            <ns3:atemp>26.0</ns3:atemp>
            <ns3:hr>103</ns3:hr>
          </ns3:TrackPointExtension>
        </extensions>
      </trkpt>
      <trkpt lat="47.68591037951409816741943359375" lon="-122.348433472216129302978515625">
        <ele>80</ele>
        <time>2026-07-07T23:24:25.000Z</time>
        <extensions>
          <ns3:TrackPointExtension>
            <ns3:atemp>26.0</ns3:atemp>
            <ns3:hr>103</ns3:hr>
          </ns3:TrackPointExtension>
        </extensions>
      </trkpt>
    </trkseg>
  </trk>
</gpx>
