<gpx xmlns:ns3="http://www.garmin.com/xmlschemas/TrackPointExtension/v1" xmlns="http://www.topografix.com/GPX/1/1" xmlns:xsi="http://www.w3.org/2001/XMLSchema-instance" xmlns:ns2="http://www.garmin.com/xmlschemas/GpxExtensions/v3" creator="Garmin Connect" version="1.1" xsi:schemaLocation="http://www.topografix.com/GPX/1/1 http://www.topografix.com/GPX/11.xsd">
  <extensions>
<distance>1724.61</distance>
<average_hr>77.0</average_hr>
<average_speed>0.800000011920929</average_speed>
<start_time>2026-07-18T20:48:09+00:00</start_time>
<end_time>2026-07-18T21:24:04.720000+00:00</end_time>
<moving_time>1232.0</moving_time>
<elapsed_time>2257.083</elapsed_time>
</extensions>
<metadata>
    <link href="connect.garmin.com">
      <text>Garmin Connect</text>
    </link>
    <time>2026-07-18T20:48:09.000Z</time>
  </metadata>
  <trk>
    <name>Thurston County Walking</name>
    <type>walking</type>
    <trkseg>
      <trkpt lat="46.8053313530981540679931640625" lon="-122.415035068988800048828125">
        <ele>290.20001220703125</ele>
        <time>2026-07-18T20:49:00.000Z</time>
        <extensions>
          <ns3:TrackPointExtension>
            <ns3:atemp>30.0</ns3:atemp>
            <ns3:hr>85</ns3:hr>
          </ns3:TrackPointExtension>
        </extensions>
      </trkpt>
      <trkpt lat="46.80530176497995853424072265625" lon="-122.4150198139250278472900390625">
        <ele>290.20001220703125</ele>
        <time>2026-07-18T20:49:02.000Z</time>
        <extensions>
          <ns3:TrackPointExtension>
            <ns3:atemp>30.0</ns3:atemp>
            <ns3:hr>82</ns3:hr>
          </ns3:TrackPointExtension>
        </extensions>
      </trkpt>
      <trkpt lat="46.80529355071485042572021484375" lon="-122.4150090850889682769775390625">
        <ele>290.20001220703125</ele>
        <time>2026-07-18T20:49:03.000Z</time>
        <extensions>
          <ns3:TrackPointExtension>
            <ns3:atemp>30.0</ns3:atemp>
            <ns3:hr>85</ns3:hr>
          </ns3:TrackPointExtension>
        </extensions>
      </trkpt>
      <trkpt lat="46.80528282187879085540771484375" lon="-122.4150053970515727996826171875">
        <ele>290.20001220703125</ele>
        <time>2026-07-18T20:49:04.000Z</time>
        <extensions>
          <ns3:TrackPointExtension>
            <ns3:atemp>30.0</ns3:atemp>
            <ns3:hr>83</ns3:hr>
          </ns3:TrackPointExtension>
        </extensions>
      </trkpt>
      <trkpt lat="46.80527125485241413116455078125" lon="-122.4149990268051624298095703125">
        <ele>290.20001220703125</ele>
        <time>2026-07-18T20:49:05.000Z</time>
        <extensions>
          <ns3:TrackPointExtension>
            <ns3:atemp>30.0</ns3:atemp>
            <ns3:hr>84</ns3:hr>
          </ns3:TrackPointExtension>
        </extensions>
      </trkpt>
      <trkpt lat="46.80513228289783000946044921875" lon="-122.4148991145193576812744140625">
        <ele>290</ele>
        <time>2026-07-18T20:49:15.000Z</time>
        <extensions>
          <ns3:TrackPointExtension>
            <ns3:atemp>30.0</ns3:atemp>
            <ns3:hr>87</ns3:hr>
          </ns3:TrackPointExtension>
        </extensions>
      </trkpt>
      <trkpt lat="46.805014349520206451416015625" lon="-122.4148414470255374908447265625">
        <ele>289.399993896484375</ele>
        <time>2026-07-18T20:49:24.000Z</time>
        <extensions>
          <ns3:TrackPointExtension>
            <ns3:atemp>30.0</ns3:atemp>
            <ns3:hr>84</ns3:hr>
          </ns3:TrackPointExtension>
        </extensions>
      </trkpt>
      <trkpt lat="46.8049813248217105865478515625" lon="-122.4148320592939853668212890625">
        <ele>289.399993896484375</ele>
        <time>2026-07-18T20:49:27.000Z</time>
        <extensions>
          <ns3:TrackPointExtension>
            <ns3:atemp>30.0</ns3:atemp>
            <ns3:hr>80</ns3:hr>
          </ns3:TrackPointExtension>
        </extensions>
      </trkpt>
      <trkpt lat="46.80493866093456745147705078125" lon="-122.41481839679181575775146484375">
        <ele>289.20001220703125</ele>
        <time>2026-07-18T20:49:31.000Z</time>
        <extensions>
          <ns3:TrackPointExtension>
            <ns3:atemp>30.0</ns3:atemp>
            <ns3:hr>84</ns3:hr>
          </ns3:TrackPointExtension>
        </extensions>
      </trkpt>
      <trkpt lat="46.80490999482572078704833984375" lon="-122.4148186482489109039306640625">
        <ele>289</ele>
        <time>2026-07-18T20:49:34.000Z</time>
        <extensions>
          <ns3:TrackPointExtension>
            <ns3:atemp>30.0</ns3:atemp>
            <ns3:hr>83</ns3:hr>
          </ns3:TrackPointExtension>
        </extensions>
      </trkpt>
      <trkpt lat="46.80489004589617252349853515625" lon="-122.41482225246727466583251953125">
        <ele>288.79998779296875</ele>
        <time>2026-07-18T20:49:36.000Z</time>
        <extensions>
          <ns3:TrackPointExtension>
            <ns3:atemp>30.0</ns3:atemp>
            <ns3:hr>83</ns3:hr>
          </ns3:TrackPointExtension>
        </extensions>
      </trkpt>
      <trkpt lat="46.8048475496470928192138671875" lon="-122.41484387777745723724365234375">
        <ele>288</ele>
        <time>2026-07-18T20:49:42.000Z</time>
        <extensions>
          <ns3:TrackPointExtension>
            <ns3:atemp>30.0</ns3:atemp>
            <ns3:hr>84</ns3:hr>
          </ns3:TrackPointExtension>
        </extensions>
      </trkpt>
      <trkpt lat="46.80483472533524036407470703125" lon="-122.414861731231212615966796875">
        <ele>287.79998779296875</ele>
        <time>2026-07-18T20:49:45.000Z</time>
        <extensions>
          <ns3:TrackPointExtension>
            <ns3:atemp>30.0</ns3:atemp>
            <ns3:hr>83</ns3:hr>
          </ns3:TrackPointExtension>
        </extensions>
      </trkpt>
      <trkpt lat="46.804823912680149078369140625" lon="-122.4148655869066715240478515625">
        <ele>287.79998779296875</ele>
        <time>2026-07-18T20:49:46.000Z</time>
        <extensions>
          <ns3:TrackPointExtension>
            <ns3:atemp>30.0</ns3:atemp>
            <ns3:hr>86</ns3:hr>
          </ns3:TrackPointExtension>
        </extensions>
      </trkpt>
      <trkpt lat="46.80481125600636005401611328125" lon="-122.41487153805792331695556640625">
        <ele>287.79998779296875</ele>
        <time>2026-07-18T20:49:47.000Z</time>
        <extensions>
          <ns3:TrackPointExtension>
            <ns3:atemp>30.0</ns3:atemp>
            <ns3:hr>83</ns3:hr>
          </ns3:TrackPointExtension>
        </extensions>
      </trkpt>
      <trkpt lat="46.8047952465713024139404296875" lon="-122.41488293744623661041259765625">
        <ele>287.600006103515625</ele>
        <time>2026-07-18T20:49:49.000Z</time>
        <extensions>
          <ns3:TrackPointExtension>
            <ns3:atemp>30.0</ns3:atemp>
            <ns3:hr>85</ns3:hr>
          </ns3:TrackPointExtension>
        </extensions>
      </trkpt>
      <trkpt lat="46.8047637306153774261474609375" lon="-122.41489048115909099578857421875">
        <ele>287.20001220703125</ele>
        <time>2026-07-18T20:49:53.000Z</time>
        <extensions>
          <ns3:TrackPointExtension>
            <ns3:atemp>30.0</ns3:atemp>
            <ns3:hr>84</ns3:hr>
          </ns3:TrackPointExtension>
        </extensions>
      </trkpt>
      <trkpt lat="46.80471486411988735198974609375" lon="-122.414900623261928558349609375">
        <ele>287</ele>
        <time>2026-07-18T20:49:58.000Z</time>
        <extensions>
          <ns3:TrackPointExtension>
            <ns3:atemp>30.0</ns3:atemp>
            <ns3:hr>80</ns3:hr>
          </ns3:TrackPointExtension>
        </extensions>
      </trkpt>
      <trkpt lat="46.80468938313424587249755859375" lon="-122.414916045963764190673828125">
        <ele>287</ele>
        <time>2026-07-18T20:50:00.000Z</time>
        <extensions>
          <ns3:TrackPointExtension>
            <ns3:atemp>30.0</ns3:atemp>
            <ns3:hr>81</ns3:hr>
          </ns3:TrackPointExtension>
        </extensions>
      </trkpt>
      <trkpt lat="46.804680414497852325439453125" lon="-122.41491478867828845977783203125">
        <ele>287</ele>
        <time>2026-07-18T20:50:01.000Z</time>
        <extensions>
          <ns3:TrackPointExtension>
            <ns3:atemp>30.0</ns3:atemp>
            <ns3:hr>81</ns3:hr>
          </ns3:TrackPointExtension>
        </extensions>
      </trkpt>
      <trkpt lat="46.8046752177178859710693359375" lon="-122.41491369903087615966796875">
        <ele>287</ele>
        <time>2026-07-18T20:50:02.000Z</time>
        <extensions>
          <ns3:TrackPointExtension>
            <ns3:atemp>30.0</ns3:atemp>
            <ns3:hr>81</ns3:hr>
          </ns3:TrackPointExtension>
        </extensions>
      </trkpt>
      <trkpt lat="46.80465820245444774627685546875" lon="-122.41490967571735382080078125">
        <ele>286.79998779296875</ele>
        <time>2026-07-18T20:50:04.000Z</time>
        <extensions>
          <ns3:TrackPointExtension>
            <ns3:atemp>30.0</ns3:atemp>
            <ns3:hr>81</ns3:hr>
          </ns3:TrackPointExtension>
        </extensions>
      </trkpt>
      <trkpt lat="46.80462316609919071197509765625" lon="-122.4149188958108425140380859375">
        <ele>286.79998779296875</ele>
        <time>2026-07-18T20:50:06.000Z</time>
        <extensions>
          <ns3:TrackPointExtension>
            <ns3:atemp>30.0</ns3:atemp>
            <ns3:hr>80</ns3:hr>
          </ns3:TrackPointExtension>
        </extensions>
      </trkpt>
      <trkpt lat="46.804593242704868316650390625" lon="-122.41492333821952342987060546875">
        <ele>286.79998779296875</ele>
        <time>2026-07-18T20:50:08.000Z</time>
        <extensions>
          <ns3:TrackPointExtension>
            <ns3:atemp>30.0</ns3:atemp>
            <ns3:hr>77</ns3:hr>
          </ns3:TrackPointExtension>
        </extensions>
      </trkpt>
      <trkpt lat="46.8045350722968578338623046875" lon="-122.4149276129901409149169921875">
        <ele>286</ele>
        <time>2026-07-18T20:50:13.000Z</time>
        <extensions>
          <ns3:TrackPointExtension>
            <ns3:atemp>30.0</ns3:atemp>
            <ns3:hr>77</ns3:hr>
          </ns3:TrackPointExtension>
        </extensions>
      </trkpt>
      <trkpt lat="46.80451034568250179290771484375" lon="-122.41493339650332927703857421875">
        <ele>286</ele>
        <time>2026-07-18T20:50:15.000Z</time>
        <extensions>
          <ns3:TrackPointExtension>
            <ns3:atemp>30.0</ns3:atemp>
            <ns3:hr>77</ns3:hr>
          </ns3:TrackPointExtension>
        </extensions>
      </trkpt>
      <trkpt lat="46.80447765626013278961181640625" lon="-122.4149433709681034088134765625">
        <ele>286</ele>
        <time>2026-07-18T20:50:17.000Z</time>
        <extensions>
          <ns3:TrackPointExtension>
            <ns3:atemp>30.0</ns3:atemp>
            <ns3:hr>77</ns3:hr>
          </ns3:TrackPointExtension>
        </extensions>
      </trkpt>
      <trkpt lat="46.8044596351683139801025390625" lon="-122.4149443767964839935302734375">
        <ele>285.79998779296875</ele>
        <time>2026-07-18T20:50:19.000Z</time>
        <extensions>
          <ns3:TrackPointExtension>
            <ns3:atemp>30.0</ns3:atemp>
            <ns3:hr>75</ns3:hr>
          </ns3:TrackPointExtension>
        </extensions>
      </trkpt>
      <trkpt lat="46.80440037511289119720458984375" lon="-122.4149742163717746734619140625">
        <ele>285</ele>
        <time>2026-07-18T20:50:25.000Z</time>
        <extensions>
          <ns3:TrackPointExtension>
            <ns3:atemp>30.0</ns3:atemp>
            <ns3:hr>73</ns3:hr>
          </ns3:TrackPointExtension>
        </extensions>
      </trkpt>
      <trkpt lat="46.804380677640438079833984375" lon="-122.414984442293643951416015625">
        <ele>284.600006103515625</ele>
        <time>2026-07-18T20:50:27.000Z</time>
        <extensions>
          <ns3:TrackPointExtension>
            <ns3:atemp>30.0</ns3:atemp>
            <ns3:hr>75</ns3:hr>
          </ns3:TrackPointExtension>
        </extensions>
      </trkpt>
      <trkpt lat="46.80432535707950592041015625" lon="-122.41502073593437671661376953125">
        <ele>284</ele>
        <time>2026-07-18T20:50:31.000Z</time>
        <extensions>
          <ns3:TrackPointExtension>
            <ns3:atemp>30.0</ns3:atemp>
            <ns3:hr>79</ns3:hr>
          </ns3:TrackPointExtension>
        </extensions>
      </trkpt>
      <trkpt lat="46.8043070845305919647216796875" lon="-122.4150382541120052337646484375">
        <ele>284</ele>
        <time>2026-07-18T20:50:33.000Z</time>
        <extensions>
          <ns3:TrackPointExtension>
            <ns3:atemp>30.0</ns3:atemp>
            <ns3:hr>77</ns3:hr>
          </ns3:TrackPointExtension>
        </extensions>
      </trkpt>
      <trkpt lat="46.80428219027817249298095703125" lon="-122.41505409590899944305419921875">
        <ele>283.600006103515625</ele>
        <time>2026-07-18T20:50:35.000Z</time>
        <extensions>
          <ns3:TrackPointExtension>
            <ns3:atemp>30.0</ns3:atemp>
            <ns3:hr>74</ns3:hr>
          </ns3:TrackPointExtension>
        </extensions>
      </trkpt>
      <trkpt lat="46.80427464656531810760498046875" lon="-122.415055520832538604736328125">
        <ele>283.600006103515625</ele>
        <time>2026-07-18T20:50:36.000Z</time>
        <extensions>
          <ns3:TrackPointExtension>
            <ns3:atemp>30.0</ns3:atemp>
            <ns3:hr>75</ns3:hr>
          </ns3:TrackPointExtension>
        </extensions>
      </trkpt>
      <trkpt lat="46.804267354309558868408203125" lon="-122.41505661047995090484619140625">
        <ele>283.399993896484375</ele>
        <time>2026-07-18T20:50:37.000Z</time>
        <extensions>
          <ns3:TrackPointExtension>
            <ns3:atemp>30.0</ns3:atemp>
            <ns3:hr>74</ns3:hr>
          </ns3:TrackPointExtension>
        </extensions>
      </trkpt>
      <trkpt lat="46.80425704456865787506103515625" lon="-122.41506096906960010528564453125">
        <ele>283.399993896484375</ele>
        <time>2026-07-18T20:50:38.000Z</time>
        <extensions>
          <ns3:TrackPointExtension>
            <ns3:atemp>30.0</ns3:atemp>
            <ns3:hr>75</ns3:hr>
          </ns3:TrackPointExtension>
        </extensions>
      </trkpt>
      <trkpt lat="46.80424547754228115081787109375" lon="-122.4150632321834564208984375">
        <ele>283.20001220703125</ele>
        <time>2026-07-18T20:50:39.000Z</time>
        <extensions>
          <ns3:TrackPointExtension>
            <ns3:atemp>30.0</ns3:atemp>
            <ns3:hr>75</ns3:hr>
          </ns3:TrackPointExtension>
        </extensions>
      </trkpt>
      <trkpt lat="46.804228462278842926025390625" lon="-122.4150463007390499114990234375">
        <ele>282.399993896484375</ele>
        <time>2026-07-18T20:50:43.000Z</time>
        <extensions>
          <ns3:TrackPointExtension>
            <ns3:atemp>30.0</ns3:atemp>
            <ns3:hr>77</ns3:hr>
          </ns3:TrackPointExtension>
        </extensions>
      </trkpt>
      <trkpt lat="46.80418278090655803680419921875" lon="-122.415062226355075836181640625">
        <ele>283</ele>
        <time>2026-07-18T20:50:46.000Z</time>
        <extensions>
          <ns3:TrackPointExtension>
            <ns3:atemp>30.0</ns3:atemp>
            <ns3:hr>78</ns3:hr>
          </ns3:TrackPointExtension>
        </extensions>
      </trkpt>
      <trkpt lat="46.8041404522955417633056640625" lon="-122.41508133709430694580078125">
        <ele>282.79998779296875</ele>
        <time>2026-07-18T20:50:49.000Z</time>
        <extensions>
          <ns3:TrackPointExtension>
            <ns3:atemp>30.0</ns3:atemp>
            <ns3:hr>79</ns3:hr>
          </ns3:TrackPointExtension>
        </extensions>
      </trkpt>
      <trkpt lat="46.8041337467730045318603515625" lon="-122.41508879698812961578369140625">
        <ele>282.600006103515625</ele>
        <time>2026-07-18T20:50:50.000Z</time>
        <extensions>
          <ns3:TrackPointExtension>
            <ns3:atemp>30.0</ns3:atemp>
            <ns3:hr>79</ns3:hr>
          </ns3:TrackPointExtension>
        </extensions>
      </trkpt>
      <trkpt lat="46.80412553250789642333984375" lon="-122.41509432904422283172607421875">
        <ele>282.399993896484375</ele>
        <time>2026-07-18T20:50:51.000Z</time>
        <extensions>
          <ns3:TrackPointExtension>
            <ns3:atemp>30.0</ns3:atemp>
            <ns3:hr>83</ns3:hr>
          </ns3:TrackPointExtension>
        </extensions>
      </trkpt>
      <trkpt lat="46.80411471985280513763427734375" lon="-122.4150982685387134552001953125">
        <ele>282.20001220703125</ele>
        <time>2026-07-18T20:50:52.000Z</time>
        <extensions>
          <ns3:TrackPointExtension>
            <ns3:atemp>30.0</ns3:atemp>
            <ns3:hr>82</ns3:hr>
          </ns3:TrackPointExtension>
        </extensions>
      </trkpt>
      <trkpt lat="46.804088987410068511962890625" lon="-122.41510086692869663238525390625">
        <ele>282</ele>
        <time>2026-07-18T20:50:54.000Z</time>
        <extensions>
          <ns3:TrackPointExtension>
            <ns3:atemp>30.0</ns3:atemp>
            <ns3:hr>81</ns3:hr>
          </ns3:TrackPointExtension>
        </extensions>
      </trkpt>
      <trkpt lat="46.8040576390922069549560546875" lon="-122.41512768901884555816650390625">
        <ele>281.600006103515625</ele>
        <time>2026-07-18T20:50:56.000Z</time>
        <extensions>
          <ns3:TrackPointExtension>
            <ns3:atemp>30.0</ns3:atemp>
            <ns3:hr>81</ns3:hr>
          </ns3:TrackPointExtension>
        </extensions>
      </trkpt>
      <trkpt lat="46.80404582060873508453369140625" lon="-122.41513255052268505096435546875">
        <ele>281.399993896484375</ele>
        <time>2026-07-18T20:50:57.000Z</time>
        <extensions>
          <ns3:TrackPointExtension>
            <ns3:atemp>30.0</ns3:atemp>
            <ns3:hr>82</ns3:hr>
          </ns3:TrackPointExtension>
        </extensions>
      </trkpt>
      <trkpt lat="46.80403157137334346771240234375" lon="-122.4151385016739368438720703125">
        <ele>281</ele>
        <time>2026-07-18T20:50:59.000Z</time>
        <extensions>
          <ns3:TrackPointExtension>
            <ns3:atemp>30.0</ns3:atemp>
            <ns3:hr>85</ns3:hr>
          </ns3:TrackPointExtension>
        </extensions>
      </trkpt>
      <trkpt lat="46.80402738042175769805908203125" lon="-122.4151257611811161041259765625">
        <ele>280.600006103515625</ele>
        <time>2026-07-18T20:51:01.000Z</time>
        <extensions>
          <ns3:TrackPointExtension>
            <ns3:atemp>30.0</ns3:atemp>
            <ns3:hr>86</ns3:hr>
          </ns3:TrackPointExtension>
        </extensions>
      </trkpt>
      <trkpt lat="46.80399737320840358734130859375" lon="-122.4151203967630863189697265625">
        <ele>280.20001220703125</ele>
        <time>2026-07-18T20:51:03.000Z</time>
        <extensions>
          <ns3:TrackPointExtension>
            <ns3:atemp>30.0</ns3:atemp>
            <ns3:hr>86</ns3:hr>
          </ns3:TrackPointExtension>
        </extensions>
      </trkpt>
      <trkpt lat="46.80393199436366558074951171875" lon="-122.41512986831367015838623046875">
        <ele>279.79998779296875</ele>
        <time>2026-07-18T20:51:07.000Z</time>
        <extensions>
          <ns3:TrackPointExtension>
            <ns3:atemp>30.0</ns3:atemp>
            <ns3:hr>86</ns3:hr>
          </ns3:TrackPointExtension>
        </extensions>
      </trkpt>
      <trkpt lat="46.80391472764313220977783203125" lon="-122.4151317961513996124267578125">
        <ele>279.79998779296875</ele>
        <time>2026-07-18T20:51:08.000Z</time>
        <extensions>
          <ns3:TrackPointExtension>
            <ns3:atemp>30.0</ns3:atemp>
            <ns3:hr>86</ns3:hr>
          </ns3:TrackPointExtension>
        </extensions>
      </trkpt>
      <trkpt lat="46.80389662273228168487548828125" lon="-122.41513389162719249725341796875">
        <ele>279.79998779296875</ele>
        <time>2026-07-18T20:51:09.000Z</time>
        <extensions>
          <ns3:TrackPointExtension>
            <ns3:atemp>30.0</ns3:atemp>
            <ns3:hr>82</ns3:hr>
          </ns3:TrackPointExtension>
        </extensions>
      </trkpt>
      <trkpt lat="46.803876422345638275146484375" lon="-122.415140010416507720947265625">
        <ele>279.79998779296875</ele>
        <time>2026-07-18T20:51:10.000Z</time>
        <extensions>
          <ns3:TrackPointExtension>
            <ns3:atemp>30.0</ns3:atemp>
            <ns3:hr>86</ns3:hr>
          </ns3:TrackPointExtension>
        </extensions>
      </trkpt>
      <trkpt lat="46.80383979342877864837646484375" lon="-122.41513766348361968994140625">
        <ele>279.20001220703125</ele>
        <time>2026-07-18T20:51:13.000Z</time>
        <extensions>
          <ns3:TrackPointExtension>
            <ns3:atemp>30.0</ns3:atemp>
            <ns3:hr>85</ns3:hr>
          </ns3:TrackPointExtension>
        </extensions>
      </trkpt>
      <trkpt lat="46.80383174680173397064208984375" lon="-122.41513187997043132781982421875">
        <ele>279.20001220703125</ele>
        <time>2026-07-18T20:51:14.000Z</time>
        <extensions>
          <ns3:TrackPointExtension>
            <ns3:atemp>30.0</ns3:atemp>
            <ns3:hr>86</ns3:hr>
          </ns3:TrackPointExtension>
        </extensions>
      </trkpt>
      <trkpt lat="46.80380173958837985992431640625" lon="-122.4151220731437206268310546875">
        <ele>279</ele>
        <time>2026-07-18T20:51:17.000Z</time>
        <extensions>
          <ns3:TrackPointExtension>
            <ns3:atemp>30.0</ns3:atemp>
            <ns3:hr>83</ns3:hr>
          </ns3:TrackPointExtension>
        </extensions>
      </trkpt>
      <trkpt lat="46.8037225306034088134765625" lon="-122.415135987102985382080078125">
        <ele>278.600006103515625</ele>
        <time>2026-07-18T20:51:21.000Z</time>
        <extensions>
          <ns3:TrackPointExtension>
            <ns3:atemp>30.0</ns3:atemp>
            <ns3:hr>85</ns3:hr>
          </ns3:TrackPointExtension>
        </extensions>
      </trkpt>
      <trkpt lat="46.8036606721580028533935546875" lon="-122.41513741202652454376220703125">
        <ele>278.399993896484375</ele>
        <time>2026-07-18T20:51:26.000Z</time>
        <extensions>
          <ns3:TrackPointExtension>
            <ns3:atemp>30.0</ns3:atemp>
            <ns3:hr>85</ns3:hr>
          </ns3:TrackPointExtension>
        </extensions>
      </trkpt>
      <trkpt lat="46.80360610596835613250732421875" lon="-122.4151237495243549346923828125">
        <ele>278.20001220703125</ele>
        <time>2026-07-18T20:51:29.000Z</time>
        <extensions>
          <ns3:TrackPointExtension>
            <ns3:atemp>30.0</ns3:atemp>
            <ns3:hr>83</ns3:hr>
          </ns3:TrackPointExtension>
        </extensions>
      </trkpt>
      <trkpt lat="46.80359101854264736175537109375" lon="-122.41512383334338665008544921875">
        <ele>278</ele>
        <time>2026-07-18T20:51:30.000Z</time>
        <extensions>
          <ns3:TrackPointExtension>
            <ns3:atemp>30.0</ns3:atemp>
            <ns3:hr>83</ns3:hr>
          </ns3:TrackPointExtension>
        </extensions>
      </trkpt>
      <trkpt lat="46.80352270603179931640625" lon="-122.41513229906558990478515625">
        <ele>277.79998779296875</ele>
        <time>2026-07-18T20:51:36.000Z</time>
        <extensions>
          <ns3:TrackPointExtension>
            <ns3:atemp>30.0</ns3:atemp>
            <ns3:hr>81</ns3:hr>
          </ns3:TrackPointExtension>
        </extensions>
      </trkpt>
      <trkpt lat="46.80347937159240245819091796875" lon="-122.4151475541293621063232421875">
        <ele>277.79998779296875</ele>
        <time>2026-07-18T20:51:38.000Z</time>
        <extensions>
          <ns3:TrackPointExtension>
            <ns3:atemp>30.0</ns3:atemp>
            <ns3:hr>85</ns3:hr>
          </ns3:TrackPointExtension>
        </extensions>
      </trkpt>
      <trkpt lat="46.803469397127628326416015625" lon="-122.415158115327358245849609375">
        <ele>277.79998779296875</ele>
        <time>2026-07-18T20:51:39.000Z</time>
        <extensions>
          <ns3:TrackPointExtension>
            <ns3:atemp>30.0</ns3:atemp>
            <ns3:hr>85</ns3:hr>
          </ns3:TrackPointExtension>
        </extensions>
      </trkpt>
      <trkpt lat="46.80344433523714542388916015625" lon="-122.41517647169530391693115234375">
        <ele>277.600006103515625</ele>
        <time>2026-07-18T20:51:42.000Z</time>
        <extensions>
          <ns3:TrackPointExtension>
            <ns3:atemp>30.0</ns3:atemp>
            <ns3:hr>85</ns3:hr>
          </ns3:TrackPointExtension>
        </extensions>
      </trkpt>
      <trkpt lat="46.80341583676636219024658203125" lon="-122.4151737056672573089599609375">
        <ele>277.600006103515625</ele>
        <time>2026-07-18T20:51:44.000Z</time>
        <extensions>
          <ns3:TrackPointExtension>
            <ns3:atemp>30.0</ns3:atemp>
            <ns3:hr>85</ns3:hr>
          </ns3:TrackPointExtension>
        </extensions>
      </trkpt>
      <trkpt lat="46.8033502064645290374755859375" lon="-122.41518585942685604095458984375">
        <ele>277.600006103515625</ele>
        <time>2026-07-18T20:51:49.000Z</time>
        <extensions>
          <ns3:TrackPointExtension>
            <ns3:atemp>30.0</ns3:atemp>
            <ns3:hr>86</ns3:hr>
          </ns3:TrackPointExtension>
        </extensions>
      </trkpt>
      <trkpt lat="46.80334442295134067535400390625" lon="-122.41519491188228130340576171875">
        <ele>277.600006103515625</ele>
        <time>2026-07-18T20:51:50.000Z</time>
        <extensions>
          <ns3:TrackPointExtension>
            <ns3:atemp>30.0</ns3:atemp>
            <ns3:hr>84</ns3:hr>
          </ns3:TrackPointExtension>
        </extensions>
      </trkpt>
      <trkpt lat="46.80333402939140796661376953125" lon="-122.4152469635009765625">
        <ele>277.600006103515625</ele>
        <time>2026-07-18T20:51:53.000Z</time>
        <extensions>
          <ns3:TrackPointExtension>
            <ns3:atemp>30.0</ns3:atemp>
            <ns3:hr>87</ns3:hr>
          </ns3:TrackPointExtension>
        </extensions>
      </trkpt>
      <trkpt lat="46.8033284135162830352783203125" lon="-122.41525811143219470977783203125">
        <ele>277.600006103515625</ele>
        <time>2026-07-18T20:51:54.000Z</time>
        <extensions>
          <ns3:TrackPointExtension>
            <ns3:atemp>30.0</ns3:atemp>
            <ns3:hr>87</ns3:hr>
          </ns3:TrackPointExtension>
        </extensions>
      </trkpt>
      <trkpt lat="46.80331760086119174957275390625" lon="-122.41528728045523166656494140625">
        <ele>277.399993896484375</ele>
        <time>2026-07-18T20:51:56.000Z</time>
        <extensions>
          <ns3:TrackPointExtension>
            <ns3:atemp>29.0</ns3:atemp>
            <ns3:hr>86</ns3:hr>
          </ns3:TrackPointExtension>
        </extensions>
      </trkpt>
      <trkpt lat="46.8032985739409923553466796875" lon="-122.415308989584445953369140625">
        <ele>277.20001220703125</ele>
        <time>2026-07-18T20:51:58.000Z</time>
        <extensions>
          <ns3:TrackPointExtension>
            <ns3:atemp>29.0</ns3:atemp>
            <ns3:hr>85</ns3:hr>
          </ns3:TrackPointExtension>
        </extensions>
      </trkpt>
      <trkpt lat="46.803283654153347015380859375" lon="-122.41533773951232433319091796875">
        <ele>277.20001220703125</ele>
        <time>2026-07-18T20:52:00.000Z</time>
        <extensions>
          <ns3:TrackPointExtension>
            <ns3:atemp>29.0</ns3:atemp>
            <ns3:hr>85</ns3:hr>
          </ns3:TrackPointExtension>
        </extensions>
      </trkpt>
      <trkpt lat="46.80327124893665313720703125" lon="-122.41535249166190624237060546875">
        <ele>277</ele>
        <time>2026-07-18T20:52:02.000Z</time>
        <extensions>
          <ns3:TrackPointExtension>
            <ns3:atemp>29.0</ns3:atemp>
            <ns3:hr>83</ns3:hr>
          </ns3:TrackPointExtension>
        </extensions>
      </trkpt>
      <trkpt lat="46.80325674824416637420654296875" lon="-122.41536456160247325897216796875">
        <ele>277.20001220703125</ele>
        <time>2026-07-18T20:52:04.000Z</time>
        <extensions>
          <ns3:TrackPointExtension>
            <ns3:atemp>29.0</ns3:atemp>
            <ns3:hr>85</ns3:hr>
          </ns3:TrackPointExtension>
        </extensions>
      </trkpt>
      <trkpt lat="46.80323981679975986480712890625" lon="-122.41536623798310756683349609375">
        <ele>277</ele>
        <time>2026-07-18T20:52:05.000Z</time>
        <extensions>
          <ns3:TrackPointExtension>
            <ns3:atemp>29.0</ns3:atemp>
            <ns3:hr>85</ns3:hr>
          </ns3:TrackPointExtension>
        </extensions>
      </trkpt>
      <trkpt lat="46.80321332998573780059814453125" lon="-122.41537830792367458343505859375">
        <ele>276.600006103515625</ele>
        <time>2026-07-18T20:52:07.000Z</time>
        <extensions>
          <ns3:TrackPointExtension>
            <ns3:atemp>29.0</ns3:atemp>
            <ns3:hr>85</ns3:hr>
          </ns3:TrackPointExtension>
        </extensions>
      </trkpt>
      <trkpt lat="46.80319338105618953704833984375" lon="-122.4153715185821056365966796875">
        <ele>276</ele>
        <time>2026-07-18T20:52:10.000Z</time>
        <extensions>
          <ns3:TrackPointExtension>
            <ns3:atemp>29.0</ns3:atemp>
            <ns3:hr>85</ns3:hr>
          </ns3:TrackPointExtension>
        </extensions>
      </trkpt>
      <trkpt lat="46.80319203995168209075927734375" lon="-122.4153651483356952667236328125">
        <ele>275.79998779296875</ele>
        <time>2026-07-18T20:52:11.000Z</time>
        <extensions>
          <ns3:TrackPointExtension>
            <ns3:atemp>29.0</ns3:atemp>
            <ns3:hr>84</ns3:hr>
          </ns3:TrackPointExtension>
        </extensions>
      </trkpt>
      <trkpt lat="46.80313303135335445404052734375" lon="-122.4153664894402027130126953125">
        <ele>275</ele>
        <time>2026-07-18T20:52:15.000Z</time>
        <extensions>
          <ns3:TrackPointExtension>
            <ns3:atemp>29.0</ns3:atemp>
            <ns3:hr>84</ns3:hr>
          </ns3:TrackPointExtension>
        </extensions>
      </trkpt>
      <trkpt lat="46.8031192012131214141845703125" lon="-122.4153638072311878204345703125">
        <ele>274.79998779296875</ele>
        <time>2026-07-18T20:52:16.000Z</time>
        <extensions>
          <ns3:TrackPointExtension>
            <ns3:atemp>29.0</ns3:atemp>
            <ns3:hr>87</ns3:hr>
          </ns3:TrackPointExtension>
        </extensions>
      </trkpt>
      <trkpt lat="46.8031108193099498748779296875" lon="-122.4153617955744266510009765625">
        <ele>274.600006103515625</ele>
        <time>2026-07-18T20:52:17.000Z</time>
        <extensions>
          <ns3:TrackPointExtension>
            <ns3:atemp>29.0</ns3:atemp>
            <ns3:hr>91</ns3:hr>
          </ns3:TrackPointExtension>
        </extensions>
      </trkpt>
      <trkpt lat="46.80309816263616085052490234375" lon="-122.41535668261349201202392578125">
        <ele>274.20001220703125</ele>
        <time>2026-07-18T20:52:18.000Z</time>
        <extensions>
          <ns3:TrackPointExtension>
            <ns3:atemp>29.0</ns3:atemp>
            <ns3:hr>94</ns3:hr>
          </ns3:TrackPointExtension>
        </extensions>
      </trkpt>
      <trkpt lat="46.80307586677372455596923828125" lon="-122.41535316221415996551513671875">
        <ele>273.79998779296875</ele>
        <time>2026-07-18T20:52:20.000Z</time>
        <extensions>
          <ns3:TrackPointExtension>
            <ns3:atemp>29.0</ns3:atemp>
            <ns3:hr>100</ns3:hr>
          </ns3:TrackPointExtension>
        </extensions>
      </trkpt>
      <trkpt lat="46.8030652217566967010498046875" lon="-122.41535617969930171966552734375">
        <ele>273.600006103515625</ele>
        <time>2026-07-18T20:52:21.000Z</time>
        <extensions>
          <ns3:TrackPointExtension>
            <ns3:atemp>29.0</ns3:atemp>
            <ns3:hr>102</ns3:hr>
          </ns3:TrackPointExtension>
        </extensions>
      </trkpt>
      <trkpt lat="46.8030501343309879302978515625" lon="-122.41535869427025318145751953125">
        <ele>273.399993896484375</ele>
        <time>2026-07-18T20:52:22.000Z</time>
        <extensions>
          <ns3:TrackPointExtension>
            <ns3:atemp>29.0</ns3:atemp>
            <ns3:hr>104</ns3:hr>
          </ns3:TrackPointExtension>
        </extensions>
      </trkpt>
      <trkpt lat="46.80302121676504611968994140625" lon="-122.41536556743085384368896484375">
        <ele>272.600006103515625</ele>
        <time>2026-07-18T20:52:25.000Z</time>
        <extensions>
          <ns3:TrackPointExtension>
            <ns3:atemp>29.0</ns3:atemp>
            <ns3:hr>107</ns3:hr>
          </ns3:TrackPointExtension>
        </extensions>
      </trkpt>
      <trkpt lat="46.8029978312551975250244140625" lon="-122.41538484580814838409423828125">
        <ele>271.79998779296875</ele>
        <time>2026-07-18T20:52:29.000Z</time>
        <extensions>
          <ns3:TrackPointExtension>
            <ns3:atemp>29.0</ns3:atemp>
            <ns3:hr>110</ns3:hr>
          </ns3:TrackPointExtension>
        </extensions>
      </trkpt>
      <trkpt lat="46.80299489758908748626708984375" lon="-122.4153936468064785003662109375">
        <ele>271.79998779296875</ele>
        <time>2026-07-18T20:52:30.000Z</time>
        <extensions>
          <ns3:TrackPointExtension>
            <ns3:atemp>29.0</ns3:atemp>
            <ns3:hr>110</ns3:hr>
          </ns3:TrackPointExtension>
        </extensions>
      </trkpt>
      <trkpt lat="46.8029916286468505859375" lon="-122.41541124880313873291015625">
        <ele>271.600006103515625</ele>
        <time>2026-07-18T20:52:32.000Z</time>
        <extensions>
          <ns3:TrackPointExtension>
            <ns3:atemp>29.0</ns3:atemp>
            <ns3:hr>108</ns3:hr>
          </ns3:TrackPointExtension>
        </extensions>
      </trkpt>
      <trkpt lat="46.80300160311162471771240234375" lon="-122.41542331874370574951171875">
        <ele>271.399993896484375</ele>
        <time>2026-07-18T20:52:34.000Z</time>
        <extensions>
          <ns3:TrackPointExtension>
            <ns3:atemp>29.0</ns3:atemp>
            <ns3:hr>106</ns3:hr>
          </ns3:TrackPointExtension>
        </extensions>
      </trkpt>
      <trkpt lat="46.8029931373894214630126953125" lon="-122.41547972895205020904541015625">
        <ele>270.79998779296875</ele>
        <time>2026-07-18T20:52:40.000Z</time>
        <extensions>
          <ns3:TrackPointExtension>
            <ns3:atemp>29.0</ns3:atemp>
            <ns3:hr>105</ns3:hr>
          </ns3:TrackPointExtension>
        </extensions>
      </trkpt>
      <trkpt lat="46.80299623869359493255615234375" lon="-122.4154875241219997406005859375">
        <ele>270.79998779296875</ele>
        <time>2026-07-18T20:52:41.000Z</time>
        <extensions>
          <ns3:TrackPointExtension>
            <ns3:atemp>29.0</ns3:atemp>
            <ns3:hr>104</ns3:hr>
          </ns3:TrackPointExtension>
        </extensions>
      </trkpt>
      <trkpt lat="46.80299640633165836334228515625" lon="-122.415519542992115020751953125">
        <ele>270.399993896484375</ele>
        <time>2026-07-18T20:52:43.000Z</time>
        <extensions>
          <ns3:TrackPointExtension>
            <ns3:atemp>29.0</ns3:atemp>
            <ns3:hr>104</ns3:hr>
          </ns3:TrackPointExtension>
        </extensions>
      </trkpt>
      <trkpt lat="46.80299523286521434783935546875" lon="-122.41554410196840763092041015625">
        <ele>270</ele>
        <time>2026-07-18T20:52:46.000Z</time>
        <extensions>
          <ns3:TrackPointExtension>
            <ns3:atemp>29.0</ns3:atemp>
            <ns3:hr>103</ns3:hr>
          </ns3:TrackPointExtension>
        </extensions>
      </trkpt>
      <trkpt lat="46.8029723502695560455322265625" lon="-122.41557008586823940277099609375">
        <ele>269.600006103515625</ele>
        <time>2026-07-18T20:52:48.000Z</time>
        <extensions>
          <ns3:TrackPointExtension>
            <ns3:atemp>29.0</ns3:atemp>
            <ns3:hr>103</ns3:hr>
          </ns3:TrackPointExtension>
        </extensions>
      </trkpt>
      <trkpt lat="46.80296740494668483734130859375" lon="-122.41557209752500057220458984375">
        <ele>269.600006103515625</ele>
        <time>2026-07-18T20:52:49.000Z</time>
        <extensions>
          <ns3:TrackPointExtension>
            <ns3:atemp>29.0</ns3:atemp>
            <ns3:hr>102</ns3:hr>
          </ns3:TrackPointExtension>
        </extensions>
      </trkpt>
      <trkpt lat="46.8029659800231456756591796875" lon="-122.41557578556239604949951171875">
        <ele>269.399993896484375</ele>
        <time>2026-07-18T20:52:50.000Z</time>
        <extensions>
          <ns3:TrackPointExtension>
            <ns3:atemp>29.0</ns3:atemp>
            <ns3:hr>102</ns3:hr>
          </ns3:TrackPointExtension>
        </extensions>
      </trkpt>
      <trkpt lat="46.80296354927122592926025390625" lon="-122.41561031900346279144287109375">
        <ele>269.20001220703125</ele>
        <time>2026-07-18T20:52:54.000Z</time>
        <extensions>
          <ns3:TrackPointExtension>
            <ns3:atemp>29.0</ns3:atemp>
            <ns3:hr>98</ns3:hr>
          </ns3:TrackPointExtension>
        </extensions>
      </trkpt>
      <trkpt lat="46.80296237580478191375732421875" lon="-122.41562783718109130859375">
        <ele>268.79998779296875</ele>
        <time>2026-07-18T20:52:56.000Z</time>
        <extensions>
          <ns3:TrackPointExtension>
            <ns3:atemp>29.0</ns3:atemp>
            <ns3:hr>97</ns3:hr>
          </ns3:TrackPointExtension>
        </extensions>
      </trkpt>
      <trkpt lat="46.80296388454735279083251953125" lon="-122.41565742529928684234619140625">
        <ele>268.600006103515625</ele>
        <time>2026-07-18T20:52:59.000Z</time>
        <extensions>
          <ns3:TrackPointExtension>
            <ns3:atemp>29.0</ns3:atemp>
            <ns3:hr>100</ns3:hr>
          </ns3:TrackPointExtension>
        </extensions>
      </trkpt>
      <trkpt lat="46.80297209881246089935302734375" lon="-122.415657006204128265380859375">
        <ele>268.399993896484375</ele>
        <time>2026-07-18T20:53:01.000Z</time>
        <extensions>
          <ns3:TrackPointExtension>
            <ns3:atemp>29.0</ns3:atemp>
            <ns3:hr>99</ns3:hr>
          </ns3:TrackPointExtension>
        </extensions>
      </trkpt>
      <trkpt lat="46.8029616214334964752197265625" lon="-122.415683828294277191162109375">
        <ele>268.399993896484375</ele>
        <time>2026-07-18T20:53:04.000Z</time>
        <extensions>
          <ns3:TrackPointExtension>
            <ns3:atemp>29.0</ns3:atemp>
            <ns3:hr>100</ns3:hr>
          </ns3:TrackPointExtension>
        </extensions>
      </trkpt>
      <trkpt lat="46.80294728837907314300537109375" lon="-122.41569095291197299957275390625">
        <ele>267.399993896484375</ele>
        <time>2026-07-18T20:53:08.000Z</time>
        <extensions>
          <ns3:TrackPointExtension>
            <ns3:atemp>29.0</ns3:atemp>
            <ns3:hr>97</ns3:hr>
          </ns3:TrackPointExtension>
        </extensions>
      </trkpt>
      <trkpt lat="46.80293924175202846527099609375" lon="-122.41569497622549533843994140625">
        <ele>267.399993896484375</ele>
        <time>2026-07-18T20:53:09.000Z</time>
        <extensions>
          <ns3:TrackPointExtension>
            <ns3:atemp>29.0</ns3:atemp>
            <ns3:hr>97</ns3:hr>
          </ns3:TrackPointExtension>
        </extensions>
      </trkpt>
      <trkpt lat="46.802919544279575347900390625" lon="-122.41570000536739826202392578125">
        <ele>266.399993896484375</ele>
        <time>2026-07-18T20:53:13.000Z</time>
        <extensions>
          <ns3:TrackPointExtension>
            <ns3:atemp>29.0</ns3:atemp>
            <ns3:hr>96</ns3:hr>
          </ns3:TrackPointExtension>
        </extensions>
      </trkpt>
      <trkpt lat="46.80292298085987567901611328125" lon="-122.41569019854068756103515625">
        <ele>266.399993896484375</ele>
        <time>2026-07-18T20:53:15.000Z</time>
        <extensions>
          <ns3:TrackPointExtension>
            <ns3:atemp>29.0</ns3:atemp>
            <ns3:hr>94</ns3:hr>
          </ns3:TrackPointExtension>
        </extensions>
      </trkpt>
      <trkpt lat="46.80294930003583431243896484375" lon="-122.415673099458217620849609375">
        <ele>267.600006103515625</ele>
        <time>2026-07-18T20:53:18.000Z</time>
        <extensions>
          <ns3:TrackPointExtension>
            <ns3:atemp>29.0</ns3:atemp>
            <ns3:hr>96</ns3:hr>
          </ns3:TrackPointExtension>
        </extensions>
      </trkpt>
      <trkpt lat="46.80295801721513271331787109375" lon="-122.4156682379543781280517578125">
        <ele>267.600006103515625</ele>
        <time>2026-07-18T20:53:20.000Z</time>
        <extensions>
          <ns3:TrackPointExtension>
            <ns3:atemp>29.0</ns3:atemp>
            <ns3:hr>95</ns3:hr>
          </ns3:TrackPointExtension>
        </extensions>
      </trkpt>
      <trkpt lat="46.80298031307756900787353515625" lon="-122.41566815413534641265869140625">
        <ele>268.399993896484375</ele>
        <time>2026-07-18T20:53:29.000Z</time>
        <extensions>
          <ns3:TrackPointExtension>
            <ns3:atemp>29.0</ns3:atemp>
            <ns3:hr>97</ns3:hr>
          </ns3:TrackPointExtension>
        </extensions>
      </trkpt>
      <trkpt lat="46.803013421595096588134765625" lon="-122.41567653603851795196533203125">
        <ele>268.20001220703125</ele>
        <time>2026-07-18T20:53:35.000Z</time>
        <extensions>
          <ns3:TrackPointExtension>
            <ns3:atemp>29.0</ns3:atemp>
            <ns3:hr>96</ns3:hr>
          </ns3:TrackPointExtension>
        </extensions>
      </trkpt>
      <trkpt lat="46.80301719345152378082275390625" lon="-122.4156736023724079132080078125">
        <ele>268.600006103515625</ele>
        <time>2026-07-18T20:53:45.000Z</time>
        <extensions>
          <ns3:TrackPointExtension>
            <ns3:atemp>29.0</ns3:atemp>
            <ns3:hr>100</ns3:hr>
          </ns3:TrackPointExtension>
        </extensions>
      </trkpt>
      <trkpt lat="46.803024820983409881591796875" lon="-122.4156694114208221435546875">
        <ele>268.600006103515625</ele>
        <time>2026-07-18T20:53:46.000Z</time>
        <extensions>
          <ns3:TrackPointExtension>
            <ns3:atemp>29.0</ns3:atemp>
            <ns3:hr>102</ns3:hr>
          </ns3:TrackPointExtension>
        </extensions>
      </trkpt>
      <trkpt lat="46.80302658118307590484619140625" lon="-122.415673770010471343994140625">
        <ele>268.79998779296875</ele>
        <time>2026-07-18T20:53:47.000Z</time>
        <extensions>
          <ns3:TrackPointExtension>
            <ns3:atemp>29.0</ns3:atemp>
            <ns3:hr>105</ns3:hr>
          </ns3:TrackPointExtension>
        </extensions>
      </trkpt>
      <trkpt lat="46.80303362198173999786376953125" lon="-122.4156736023724079132080078125">
        <ele>269</ele>
        <time>2026-07-18T20:53:48.000Z</time>
        <extensions>
          <ns3:TrackPointExtension>
            <ns3:atemp>29.0</ns3:atemp>
            <ns3:hr>105</ns3:hr>
          </ns3:TrackPointExtension>
        </extensions>
      </trkpt>
      <trkpt lat="46.80304703302681446075439453125" lon="-122.4156722612679004669189453125">
        <ele>269</ele>
        <time>2026-07-18T20:53:49.000Z</time>
        <extensions>
          <ns3:TrackPointExtension>
            <ns3:atemp>29.0</ns3:atemp>
            <ns3:hr>107</ns3:hr>
          </ns3:TrackPointExtension>
        </extensions>
      </trkpt>
      <trkpt lat="46.8030497990548610687255859375" lon="-122.415686510503292083740234375">
        <ele>269.20001220703125</ele>
        <time>2026-07-18T20:53:51.000Z</time>
        <extensions>
          <ns3:TrackPointExtension>
            <ns3:atemp>29.0</ns3:atemp>
            <ns3:hr>113</ns3:hr>
          </ns3:TrackPointExtension>
        </extensions>
      </trkpt>
      <trkpt lat="46.803047619760036468505859375" lon="-122.41569028235971927642822265625">
        <ele>269.20001220703125</ele>
        <time>2026-07-18T20:53:52.000Z</time>
        <extensions>
          <ns3:TrackPointExtension>
            <ns3:atemp>29.0</ns3:atemp>
            <ns3:hr>113</ns3:hr>
          </ns3:TrackPointExtension>
        </extensions>
      </trkpt>
      <trkpt lat="46.80304736830294132232666015625" lon="-122.41569564677774906158447265625">
        <ele>269.79998779296875</ele>
        <time>2026-07-18T20:53:54.000Z</time>
        <extensions>
          <ns3:TrackPointExtension>
            <ns3:atemp>29.0</ns3:atemp>
            <ns3:hr>113</ns3:hr>
          </ns3:TrackPointExtension>
        </extensions>
      </trkpt>
      <trkpt lat="46.80304183624684810638427734375" lon="-122.41567770950496196746826171875">
        <ele>270.20001220703125</ele>
        <time>2026-07-18T20:53:56.000Z</time>
        <extensions>
          <ns3:TrackPointExtension>
            <ns3:atemp>29.0</ns3:atemp>
            <ns3:hr>111</ns3:hr>
          </ns3:TrackPointExtension>
        </extensions>
      </trkpt>
      <trkpt lat="46.80305005051195621490478515625" lon="-122.41565323434770107269287109375">
        <ele>268.600006103515625</ele>
        <time>2026-07-18T20:53:58.000Z</time>
        <extensions>
          <ns3:TrackPointExtension>
            <ns3:atemp>29.0</ns3:atemp>
            <ns3:hr>110</ns3:hr>
          </ns3:TrackPointExtension>
        </extensions>
      </trkpt>
      <trkpt lat="46.80305063724517822265625" lon="-122.4156269989907741546630859375">
        <ele>268.79998779296875</ele>
        <time>2026-07-18T20:54:02.000Z</time>
        <extensions>
          <ns3:TrackPointExtension>
            <ns3:atemp>29.0</ns3:atemp>
            <ns3:hr>107</ns3:hr>
          </ns3:TrackPointExtension>
        </extensions>
      </trkpt>
      <trkpt lat="46.8030504696071147918701171875" lon="-122.4156283400952816009521484375">
        <ele>269.600006103515625</ele>
        <time>2026-07-18T20:54:06.000Z</time>
        <extensions>
          <ns3:TrackPointExtension>
            <ns3:atemp>29.0</ns3:atemp>
            <ns3:hr>110</ns3:hr>
          </ns3:TrackPointExtension>
        </extensions>
      </trkpt>
      <trkpt lat="46.803044937551021575927734375" lon="-122.4156276695430278778076171875">
        <ele>269.79998779296875</ele>
        <time>2026-07-18T20:54:07.000Z</time>
        <extensions>
          <ns3:TrackPointExtension>
            <ns3:atemp>29.0</ns3:atemp>
            <ns3:hr>108</ns3:hr>
          </ns3:TrackPointExtension>
        </extensions>
      </trkpt>
      <trkpt lat="46.803032197058200836181640625" lon="-122.415614090859889984130859375">
        <ele>270.20001220703125</ele>
        <time>2026-07-18T20:54:09.000Z</time>
        <extensions>
          <ns3:TrackPointExtension>
            <ns3:atemp>29.0</ns3:atemp>
            <ns3:hr>109</ns3:hr>
          </ns3:TrackPointExtension>
        </extensions>
      </trkpt>
      <trkpt lat="46.80305055342614650726318359375" lon="-122.4155824072659015655517578125">
        <ele>271</ele>
        <time>2026-07-18T20:54:11.000Z</time>
        <extensions>
          <ns3:TrackPointExtension>
            <ns3:atemp>29.0</ns3:atemp>
            <ns3:hr>108</ns3:hr>
          </ns3:TrackPointExtension>
        </extensions>
      </trkpt>
      <trkpt lat="46.80309212766587734222412109375" lon="-122.4155264161527156829833984375">
        <ele>272</ele>
        <time>2026-07-18T20:54:15.000Z</time>
        <extensions>
          <ns3:TrackPointExtension>
            <ns3:atemp>29.0</ns3:atemp>
            <ns3:hr>108</ns3:hr>
          </ns3:TrackPointExtension>
        </extensions>
      </trkpt>
      <trkpt lat="46.80309715680778026580810546875" lon="-122.41551979444921016693115234375">
        <ele>272.20001220703125</ele>
        <time>2026-07-18T20:54:16.000Z</time>
        <extensions>
          <ns3:TrackPointExtension>
            <ns3:atemp>30.0</ns3:atemp>
            <ns3:hr>107</ns3:hr>
          </ns3:TrackPointExtension>
        </extensions>
      </trkpt>
      <trkpt lat="46.80311257950961589813232421875" lon="-122.41546782664954662322998046875">
        <ele>273</ele>
        <time>2026-07-18T20:54:21.000Z</time>
        <extensions>
          <ns3:TrackPointExtension>
            <ns3:atemp>30.0</ns3:atemp>
            <ns3:hr>107</ns3:hr>
          </ns3:TrackPointExtension>
        </extensions>
      </trkpt>
      <trkpt lat="46.80311392061412334442138671875" lon="-122.41546615026891231536865234375">
        <ele>273</ele>
        <time>2026-07-18T20:54:22.000Z</time>
        <extensions>
          <ns3:TrackPointExtension>
            <ns3:atemp>30.0</ns3:atemp>
            <ns3:hr>106</ns3:hr>
          </ns3:TrackPointExtension>
        </extensions>
      </trkpt>
      <trkpt lat="46.8031118251383304595947265625" lon="-122.415468581020832061767578125">
        <ele>273.399993896484375</ele>
        <time>2026-07-18T20:54:23.000Z</time>
        <extensions>
          <ns3:TrackPointExtension>
            <ns3:atemp>30.0</ns3:atemp>
            <ns3:hr>106</ns3:hr>
          </ns3:TrackPointExtension>
        </extensions>
      </trkpt>
      <trkpt lat="46.8031044490635395050048828125" lon="-122.41546933539211750030517578125">
        <ele>273.600006103515625</ele>
        <time>2026-07-18T20:54:24.000Z</time>
        <extensions>
          <ns3:TrackPointExtension>
            <ns3:atemp>30.0</ns3:atemp>
            <ns3:hr>106</ns3:hr>
          </ns3:TrackPointExtension>
        </extensions>
      </trkpt>
      <trkpt lat="46.80310335941612720489501953125" lon="-122.41549347527325153350830078125">
        <ele>274.20001220703125</ele>
        <time>2026-07-18T20:54:28.000Z</time>
        <extensions>
          <ns3:TrackPointExtension>
            <ns3:atemp>30.0</ns3:atemp>
            <ns3:hr>106</ns3:hr>
          </ns3:TrackPointExtension>
        </extensions>
      </trkpt>
      <trkpt lat="46.80311165750026702880859375" lon="-122.41550839506089687347412109375">
        <ele>274.600006103515625</ele>
        <time>2026-07-18T20:54:30.000Z</time>
        <extensions>
          <ns3:TrackPointExtension>
            <ns3:atemp>30.0</ns3:atemp>
            <ns3:hr>105</ns3:hr>
          </ns3:TrackPointExtension>
        </extensions>
      </trkpt>
      <trkpt lat="46.80312213487923145294189453125" lon="-122.415523566305637359619140625">
        <ele>274.79998779296875</ele>
        <time>2026-07-18T20:54:32.000Z</time>
        <extensions>
          <ns3:TrackPointExtension>
            <ns3:atemp>30.0</ns3:atemp>
            <ns3:hr>104</ns3:hr>
          </ns3:TrackPointExtension>
        </extensions>
      </trkpt>
      <trkpt lat="46.80315583012998104095458984375" lon="-122.4155190400779247283935546875">
        <ele>275.79998779296875</ele>
        <time>2026-07-18T20:54:36.000Z</time>
        <extensions>
          <ns3:TrackPointExtension>
            <ns3:atemp>30.0</ns3:atemp>
            <ns3:hr>103</ns3:hr>
          </ns3:TrackPointExtension>
        </extensions>
      </trkpt>
      <trkpt lat="46.80317359976470470428466796875" lon="-122.41550168953835964202880859375">
        <ele>276</ele>
        <time>2026-07-18T20:54:38.000Z</time>
        <extensions>
          <ns3:TrackPointExtension>
            <ns3:atemp>30.0</ns3:atemp>
            <ns3:hr>102</ns3:hr>
          </ns3:TrackPointExtension>
        </extensions>
      </trkpt>
      <trkpt lat="46.80317879654467105865478515625" lon="-122.415502779185771942138671875">
        <ele>276.399993896484375</ele>
        <time>2026-07-18T20:54:39.000Z</time>
        <extensions>
          <ns3:TrackPointExtension>
            <ns3:atemp>30.0</ns3:atemp>
            <ns3:hr>103</ns3:hr>
          </ns3:TrackPointExtension>
        </extensions>
      </trkpt>
      <trkpt lat="46.8031926266849040985107421875" lon="-122.41549213416874408721923828125">
        <ele>276.79998779296875</ele>
        <time>2026-07-18T20:54:41.000Z</time>
        <extensions>
          <ns3:TrackPointExtension>
            <ns3:atemp>30.0</ns3:atemp>
            <ns3:hr>104</ns3:hr>
          </ns3:TrackPointExtension>
        </extensions>
      </trkpt>
      <trkpt lat="46.803213916718959808349609375" lon="-122.41547754965722560882568359375">
        <ele>277</ele>
        <time>2026-07-18T20:54:43.000Z</time>
        <extensions>
          <ns3:TrackPointExtension>
            <ns3:atemp>30.0</ns3:atemp>
            <ns3:hr>105</ns3:hr>
          </ns3:TrackPointExtension>
        </extensions>
      </trkpt>
      <trkpt lat="46.80324702523648738861083984375" lon="-122.4154496379196643829345703125">
        <ele>277.399993896484375</ele>
        <time>2026-07-18T20:54:46.000Z</time>
        <extensions>
          <ns3:TrackPointExtension>
            <ns3:atemp>30.0</ns3:atemp>
            <ns3:hr>107</ns3:hr>
          </ns3:TrackPointExtension>
        </extensions>
      </trkpt>
      <trkpt lat="46.8032600171864032745361328125" lon="-122.415475286543369293212890625">
        <ele>277.600006103515625</ele>
        <time>2026-07-18T20:54:49.000Z</time>
        <extensions>
          <ns3:TrackPointExtension>
            <ns3:atemp>30.0</ns3:atemp>
            <ns3:hr>110</ns3:hr>
          </ns3:TrackPointExtension>
        </extensions>
      </trkpt>
      <trkpt lat="46.80326261557638645172119140625" lon="-122.4154870212078094482421875">
        <ele>277.600006103515625</ele>
        <time>2026-07-18T20:54:50.000Z</time>
        <extensions>
          <ns3:TrackPointExtension>
            <ns3:atemp>30.0</ns3:atemp>
            <ns3:hr>110</ns3:hr>
          </ns3:TrackPointExtension>
        </extensions>
      </trkpt>
      <trkpt lat="46.80327921174466609954833984375" lon="-122.41552247665822505950927734375">
        <ele>277.79998779296875</ele>
        <time>2026-07-18T20:54:53.000Z</time>
        <extensions>
          <ns3:TrackPointExtension>
            <ns3:atemp>30.0</ns3:atemp>
            <ns3:hr>112</ns3:hr>
          </ns3:TrackPointExtension>
        </extensions>
      </trkpt>
      <trkpt lat="46.80328465998172760009765625" lon="-122.4155411683022975921630859375">
        <ele>278</ele>
        <time>2026-07-18T20:54:55.000Z</time>
        <extensions>
          <ns3:TrackPointExtension>
            <ns3:atemp>30.0</ns3:atemp>
            <ns3:hr>113</ns3:hr>
          </ns3:TrackPointExtension>
        </extensions>
      </trkpt>
      <trkpt lat="46.803275607526302337646484375" lon="-122.41555416025221347808837890625">
        <ele>278</ele>
        <time>2026-07-18T20:54:57.000Z</time>
        <extensions>
          <ns3:TrackPointExtension>
            <ns3:atemp>30.0</ns3:atemp>
            <ns3:hr>114</ns3:hr>
          </ns3:TrackPointExtension>
        </extensions>
      </trkpt>
      <trkpt lat="46.80327485315501689910888671875" lon="-122.4155562557280063629150390625">
        <ele>278</ele>
        <time>2026-07-18T20:54:58.000Z</time>
        <extensions>
          <ns3:TrackPointExtension>
            <ns3:atemp>30.0</ns3:atemp>
            <ns3:hr>115</ns3:hr>
          </ns3:TrackPointExtension>
        </extensions>
      </trkpt>
      <trkpt lat="46.80327133275568485260009765625" lon="-122.41557880304753780364990234375">
        <ele>278</ele>
        <time>2026-07-18T20:55:00.000Z</time>
        <extensions>
          <ns3:TrackPointExtension>
            <ns3:atemp>30.0</ns3:atemp>
            <ns3:hr>115</ns3:hr>
          </ns3:TrackPointExtension>
        </extensions>
      </trkpt>
      <trkpt lat="46.80327049456536769866943359375" lon="-122.41564585827291011810302734375">
        <ele>278</ele>
        <time>2026-07-18T20:55:03.000Z</time>
        <extensions>
          <ns3:TrackPointExtension>
            <ns3:atemp>30.0</ns3:atemp>
            <ns3:hr>114</ns3:hr>
          </ns3:TrackPointExtension>
        </extensions>
      </trkpt>
      <trkpt lat="46.8032920360565185546875" lon="-122.4156752787530422210693359375">
        <ele>277.399993896484375</ele>
        <time>2026-07-18T20:55:07.000Z</time>
        <extensions>
          <ns3:TrackPointExtension>
            <ns3:atemp>30.0</ns3:atemp>
            <ns3:hr>111</ns3:hr>
          </ns3:TrackPointExtension>
        </extensions>
      </trkpt>
      <trkpt lat="46.80330117233097553253173828125" lon="-122.4156953953206539154052734375">
        <ele>277</ele>
        <time>2026-07-18T20:55:09.000Z</time>
        <extensions>
          <ns3:TrackPointExtension>
            <ns3:atemp>30.0</ns3:atemp>
            <ns3:hr>110</ns3:hr>
          </ns3:TrackPointExtension>
        </extensions>
      </trkpt>
      <trkpt lat="46.80330184288322925567626953125" lon="-122.41570536978542804718017578125">
        <ele>276.600006103515625</ele>
        <time>2026-07-18T20:55:10.000Z</time>
        <extensions>
          <ns3:TrackPointExtension>
            <ns3:atemp>30.0</ns3:atemp>
            <ns3:hr>109</ns3:hr>
          </ns3:TrackPointExtension>
        </extensions>
      </trkpt>
      <trkpt lat="46.80330217815935611724853515625" lon="-122.41571475751698017120361328125">
        <ele>276.20001220703125</ele>
        <time>2026-07-18T20:55:12.000Z</time>
        <extensions>
          <ns3:TrackPointExtension>
            <ns3:atemp>30.0</ns3:atemp>
            <ns3:hr>109</ns3:hr>
          </ns3:TrackPointExtension>
        </extensions>
      </trkpt>
      <trkpt lat="46.80329329334199428558349609375" lon="-122.415737807750701904296875">
        <ele>275.600006103515625</ele>
        <time>2026-07-18T20:55:15.000Z</time>
        <extensions>
          <ns3:TrackPointExtension>
            <ns3:atemp>30.0</ns3:atemp>
            <ns3:hr>109</ns3:hr>
          </ns3:TrackPointExtension>
        </extensions>
      </trkpt>
      <trkpt lat="46.803290359675884246826171875" lon="-122.41574342362582683563232421875">
        <ele>275.600006103515625</ele>
        <time>2026-07-18T20:55:16.000Z</time>
        <extensions>
          <ns3:TrackPointExtension>
            <ns3:atemp>30.0</ns3:atemp>
            <ns3:hr>110</ns3:hr>
          </ns3:TrackPointExtension>
        </extensions>
      </trkpt>
      <trkpt lat="46.8032898567616939544677734375" lon="-122.4157601036131381988525390625">
        <ele>275.600006103515625</ele>
        <time>2026-07-18T20:55:18.000Z</time>
        <extensions>
          <ns3:TrackPointExtension>
            <ns3:atemp>30.0</ns3:atemp>
            <ns3:hr>109</ns3:hr>
          </ns3:TrackPointExtension>
        </extensions>
      </trkpt>
      <trkpt lat="46.8032871745526790618896484375" lon="-122.41578005254268646240234375">
        <ele>275.20001220703125</ele>
        <time>2026-07-18T20:55:19.000Z</time>
        <extensions>
          <ns3:TrackPointExtension>
            <ns3:atemp>30.0</ns3:atemp>
            <ns3:hr>107</ns3:hr>
          </ns3:TrackPointExtension>
        </extensions>
      </trkpt>
      <trkpt lat="46.80328943766653537750244140625" lon="-122.4157936312258243560791015625">
        <ele>274.79998779296875</ele>
        <time>2026-07-18T20:55:20.000Z</time>
        <extensions>
          <ns3:TrackPointExtension>
            <ns3:atemp>30.0</ns3:atemp>
            <ns3:hr>108</ns3:hr>
          </ns3:TrackPointExtension>
        </extensions>
      </trkpt>
      <trkpt lat="46.8032878451049327850341796875" lon="-122.4158103950321674346923828125">
        <ele>274.600006103515625</ele>
        <time>2026-07-18T20:55:21.000Z</time>
        <extensions>
          <ns3:TrackPointExtension>
            <ns3:atemp>30.0</ns3:atemp>
            <ns3:hr>108</ns3:hr>
          </ns3:TrackPointExtension>
        </extensions>
      </trkpt>
      <trkpt lat="46.80329647846519947052001953125" lon="-122.4158710800111293792724609375">
        <ele>274</ele>
        <time>2026-07-18T20:55:25.000Z</time>
        <extensions>
          <ns3:TrackPointExtension>
            <ns3:atemp>30.0</ns3:atemp>
            <ns3:hr>109</ns3:hr>
          </ns3:TrackPointExtension>
        </extensions>
      </trkpt>
      <trkpt lat="46.803303100168704986572265625" lon="-122.415900416672229766845703125">
        <ele>273.399993896484375</ele>
        <time>2026-07-18T20:55:28.000Z</time>
        <extensions>
          <ns3:TrackPointExtension>
            <ns3:atemp>30.0</ns3:atemp>
            <ns3:hr>107</ns3:hr>
          </ns3:TrackPointExtension>
        </extensions>
      </trkpt>
      <trkpt lat="46.80327619425952434539794921875" lon="-122.41593025624752044677734375">
        <ele>272.79998779296875</ele>
        <time>2026-07-18T20:55:31.000Z</time>
        <extensions>
          <ns3:TrackPointExtension>
            <ns3:atemp>30.0</ns3:atemp>
            <ns3:hr>108</ns3:hr>
          </ns3:TrackPointExtension>
        </extensions>
      </trkpt>
      <trkpt lat="46.803254820406436920166015625" lon="-122.4159498699009418487548828125">
        <ele>272.600006103515625</ele>
        <time>2026-07-18T20:55:33.000Z</time>
        <extensions>
          <ns3:TrackPointExtension>
            <ns3:atemp>30.0</ns3:atemp>
            <ns3:hr>104</ns3:hr>
          </ns3:TrackPointExtension>
        </extensions>
      </trkpt>
      <trkpt lat="46.80324308574199676513671875" lon="-122.41596185602247714996337890625">
        <ele>272.399993896484375</ele>
        <time>2026-07-18T20:55:34.000Z</time>
        <extensions>
          <ns3:TrackPointExtension>
            <ns3:atemp>30.0</ns3:atemp>
            <ns3:hr>108</ns3:hr>
          </ns3:TrackPointExtension>
        </extensions>
      </trkpt>
      <trkpt lat="46.803221292793750762939453125" lon="-122.41597660817205905914306640625">
        <ele>272.399993896484375</ele>
        <time>2026-07-18T20:55:35.000Z</time>
        <extensions>
          <ns3:TrackPointExtension>
            <ns3:atemp>30.0</ns3:atemp>
            <ns3:hr>107</ns3:hr>
          </ns3:TrackPointExtension>
        </extensions>
      </trkpt>
      <trkpt lat="46.8031698279082775115966796875" lon="-122.41598465479910373687744140625">
        <ele>271.79998779296875</ele>
        <time>2026-07-18T20:55:41.000Z</time>
        <extensions>
          <ns3:TrackPointExtension>
            <ns3:atemp>30.0</ns3:atemp>
            <ns3:hr>107</ns3:hr>
          </ns3:TrackPointExtension>
        </extensions>
      </trkpt>
      <trkpt lat="46.803155578672885894775390625" lon="-122.41599756292998790740966796875">
        <ele>271.600006103515625</ele>
        <time>2026-07-18T20:55:43.000Z</time>
        <extensions>
          <ns3:TrackPointExtension>
            <ns3:atemp>30.0</ns3:atemp>
            <ns3:hr>107</ns3:hr>
          </ns3:TrackPointExtension>
        </extensions>
      </trkpt>
      <trkpt lat="46.8031406588852405548095703125" lon="-122.41600669920444488525390625">
        <ele>271.600006103515625</ele>
        <time>2026-07-18T20:55:46.000Z</time>
        <extensions>
          <ns3:TrackPointExtension>
            <ns3:atemp>30.0</ns3:atemp>
            <ns3:hr>107</ns3:hr>
          </ns3:TrackPointExtension>
        </extensions>
      </trkpt>
      <trkpt lat="46.80312414653599262237548828125" lon="-122.415998987853527069091796875">
        <ele>271.600006103515625</ele>
        <time>2026-07-18T20:55:49.000Z</time>
        <extensions>
          <ns3:TrackPointExtension>
            <ns3:atemp>30.0</ns3:atemp>
            <ns3:hr>107</ns3:hr>
          </ns3:TrackPointExtension>
        </extensions>
      </trkpt>
      <trkpt lat="46.80311107076704502105712890625" lon="-122.41599119268357753753662109375">
        <ele>271.399993896484375</ele>
        <time>2026-07-18T20:55:51.000Z</time>
        <extensions>
          <ns3:TrackPointExtension>
            <ns3:atemp>30.0</ns3:atemp>
            <ns3:hr>107</ns3:hr>
          </ns3:TrackPointExtension>
        </extensions>
      </trkpt>
      <trkpt lat="46.80311006493866443634033203125" lon="-122.41598633117973804473876953125">
        <ele>271.399993896484375</ele>
        <time>2026-07-18T20:55:52.000Z</time>
        <extensions>
          <ns3:TrackPointExtension>
            <ns3:atemp>30.0</ns3:atemp>
            <ns3:hr>106</ns3:hr>
          </ns3:TrackPointExtension>
        </extensions>
      </trkpt>
      <trkpt lat="46.8031148426234722137451171875" lon="-122.41597610525786876678466796875">
        <ele>271.399993896484375</ele>
        <time>2026-07-18T20:55:55.000Z</time>
        <extensions>
          <ns3:TrackPointExtension>
            <ns3:atemp>30.0</ns3:atemp>
            <ns3:hr>106</ns3:hr>
          </ns3:TrackPointExtension>
        </extensions>
      </trkpt>
      <trkpt lat="46.8030940555036067962646484375" lon="-122.41601742804050445556640625">
        <ele>271.600006103515625</ele>
        <time>2026-07-18T20:56:04.000Z</time>
        <extensions>
          <ns3:TrackPointExtension>
            <ns3:atemp>30.0</ns3:atemp>
            <ns3:hr>105</ns3:hr>
          </ns3:TrackPointExtension>
        </extensions>
      </trkpt>
      <trkpt lat="46.8030940555036067962646484375" lon="-122.41601742804050445556640625">
        <ele>271.600006103515625</ele>
        <time>2026-07-18T20:56:11.000Z</time>
        <extensions>
          <ns3:TrackPointExtension>
            <ns3:atemp>30.0</ns3:atemp>
            <ns3:hr>102</ns3:hr>
          </ns3:TrackPointExtension>
        </extensions>
      </trkpt>
      <trkpt lat="46.8030940555036067962646484375" lon="-122.41601742804050445556640625">
        <ele>271.20001220703125</ele>
        <time>2026-07-18T20:56:12.000Z</time>
        <extensions>
          <ns3:TrackPointExtension>
            <ns3:atemp>30.0</ns3:atemp>
            <ns3:hr>105</ns3:hr>
          </ns3:TrackPointExtension>
        </extensions>
      </trkpt>
      <trkpt lat="46.80310369469225406646728515625" lon="-122.41601742804050445556640625">
        <ele>271.399993896484375</ele>
        <time>2026-07-18T20:56:18.000Z</time>
        <extensions>
          <ns3:TrackPointExtension>
            <ns3:atemp>30.0</ns3:atemp>
            <ns3:hr>101</ns3:hr>
          </ns3:TrackPointExtension>
        </extensions>
      </trkpt>
      <trkpt lat="46.80319606326520442962646484375" lon="-122.416025809943675994873046875">
        <ele>271.20001220703125</ele>
        <time>2026-07-18T20:56:23.000Z</time>
        <extensions>
          <ns3:TrackPointExtension>
            <ns3:atemp>30.0</ns3:atemp>
            <ns3:hr>101</ns3:hr>
          </ns3:TrackPointExtension>
        </extensions>
      </trkpt>
      <trkpt lat="46.80328541435301303863525390625" lon="-122.41598247550427913665771484375">
        <ele>271.79998779296875</ele>
        <time>2026-07-18T20:56:31.000Z</time>
        <extensions>
          <ns3:TrackPointExtension>
            <ns3:atemp>30.0</ns3:atemp>
            <ns3:hr>101</ns3:hr>
          </ns3:TrackPointExtension>
        </extensions>
      </trkpt>
      <trkpt lat="46.803307794034481048583984375" lon="-122.41591324098408222198486328125">
        <ele>272.399993896484375</ele>
        <time>2026-07-18T20:56:35.000Z</time>
        <extensions>
          <ns3:TrackPointExtension>
            <ns3:atemp>30.0</ns3:atemp>
            <ns3:hr>101</ns3:hr>
          </ns3:TrackPointExtension>
        </extensions>
      </trkpt>
      <trkpt lat="46.80330821312963962554931640625" lon="-122.41587418131530284881591796875">
        <ele>272.79998779296875</ele>
        <time>2026-07-18T20:56:37.000Z</time>
        <extensions>
          <ns3:TrackPointExtension>
            <ns3:atemp>30.0</ns3:atemp>
            <ns3:hr>103</ns3:hr>
          </ns3:TrackPointExtension>
        </extensions>
      </trkpt>
      <trkpt lat="46.803316511213779449462890625" lon="-122.41583906114101409912109375">
        <ele>272.79998779296875</ele>
        <time>2026-07-18T20:56:39.000Z</time>
        <extensions>
          <ns3:TrackPointExtension>
            <ns3:atemp>30.0</ns3:atemp>
            <ns3:hr>100</ns3:hr>
          </ns3:TrackPointExtension>
        </extensions>
      </trkpt>
      <trkpt lat="46.80332221090793609619140625" lon="-122.41581534035503864288330078125">
        <ele>273</ele>
        <time>2026-07-18T20:56:41.000Z</time>
        <extensions>
          <ns3:TrackPointExtension>
            <ns3:atemp>30.0</ns3:atemp>
            <ns3:hr>100</ns3:hr>
          </ns3:TrackPointExtension>
        </extensions>
      </trkpt>
      <trkpt lat="46.80333889089524745941162109375" lon="-122.415786087512969970703125">
        <ele>273.399993896484375</ele>
        <time>2026-07-18T20:56:43.000Z</time>
        <extensions>
          <ns3:TrackPointExtension>
            <ns3:atemp>30.0</ns3:atemp>
            <ns3:hr>100</ns3:hr>
          </ns3:TrackPointExtension>
        </extensions>
      </trkpt>
      <trkpt lat="46.80334492586553096771240234375" lon="-122.415777035057544708251953125">
        <ele>273.399993896484375</ele>
        <time>2026-07-18T20:56:44.000Z</time>
        <extensions>
          <ns3:TrackPointExtension>
            <ns3:atemp>30.0</ns3:atemp>
            <ns3:hr>100</ns3:hr>
          </ns3:TrackPointExtension>
        </extensions>
      </trkpt>
      <trkpt lat="46.80337711237370967864990234375" lon="-122.41575381718575954437255859375">
        <ele>274.399993896484375</ele>
        <time>2026-07-18T20:56:48.000Z</time>
        <extensions>
          <ns3:TrackPointExtension>
            <ns3:atemp>30.0</ns3:atemp>
            <ns3:hr>99</ns3:hr>
          </ns3:TrackPointExtension>
        </extensions>
      </trkpt>
      <trkpt lat="46.80338465608656406402587890625" lon="-122.4157471954822540283203125">
        <ele>274.600006103515625</ele>
        <time>2026-07-18T20:56:49.000Z</time>
        <extensions>
          <ns3:TrackPointExtension>
            <ns3:atemp>30.0</ns3:atemp>
            <ns3:hr>98</ns3:hr>
          </ns3:TrackPointExtension>
        </extensions>
      </trkpt>
      <trkpt lat="46.803387589752674102783203125" lon="-122.41572163067758083343505859375">
        <ele>274.79998779296875</ele>
        <time>2026-07-18T20:56:51.000Z</time>
        <extensions>
          <ns3:TrackPointExtension>
            <ns3:atemp>30.0</ns3:atemp>
            <ns3:hr>95</ns3:hr>
          </ns3:TrackPointExtension>
        </extensions>
      </trkpt>
      <trkpt lat="46.8033827282488346099853515625" lon="-122.41567133925855159759521484375">
        <ele>275.600006103515625</ele>
        <time>2026-07-18T20:56:54.000Z</time>
        <extensions>
          <ns3:TrackPointExtension>
            <ns3:atemp>30.0</ns3:atemp>
            <ns3:hr>92</ns3:hr>
          </ns3:TrackPointExtension>
        </extensions>
      </trkpt>
      <trkpt lat="46.8033844046294689178466796875" lon="-122.41565323434770107269287109375">
        <ele>275.79998779296875</ele>
        <time>2026-07-18T20:56:55.000Z</time>
        <extensions>
          <ns3:TrackPointExtension>
            <ns3:atemp>30.0</ns3:atemp>
            <ns3:hr>94</ns3:hr>
          </ns3:TrackPointExtension>
        </extensions>
      </trkpt>
      <trkpt lat="46.803373508155345916748046875" lon="-122.4155790545046329498291015625">
        <ele>276.600006103515625</ele>
        <time>2026-07-18T20:57:00.000Z</time>
        <extensions>
          <ns3:TrackPointExtension>
            <ns3:atemp>30.0</ns3:atemp>
            <ns3:hr>98</ns3:hr>
          </ns3:TrackPointExtension>
        </extensions>
      </trkpt>
      <trkpt lat="46.803353726863861083984375" lon="-122.4155586026608943939208984375">
        <ele>276.79998779296875</ele>
        <time>2026-07-18T20:57:02.000Z</time>
        <extensions>
          <ns3:TrackPointExtension>
            <ns3:atemp>30.0</ns3:atemp>
            <ns3:hr>100</ns3:hr>
          </ns3:TrackPointExtension>
        </extensions>
      </trkpt>
      <trkpt lat="46.80334710516035556793212890625" lon="-122.41555063985288143157958984375">
        <ele>276.79998779296875</ele>
        <time>2026-07-18T20:57:03.000Z</time>
        <extensions>
          <ns3:TrackPointExtension>
            <ns3:atemp>30.0</ns3:atemp>
            <ns3:hr>102</ns3:hr>
          </ns3:TrackPointExtension>
        </extensions>
      </trkpt>
      <trkpt lat="46.80333570577204227447509765625" lon="-122.41552180610597133636474609375">
        <ele>277.20001220703125</ele>
        <time>2026-07-18T20:57:06.000Z</time>
        <extensions>
          <ns3:TrackPointExtension>
            <ns3:atemp>30.0</ns3:atemp>
            <ns3:hr>107</ns3:hr>
          </ns3:TrackPointExtension>
        </extensions>
      </trkpt>
      <trkpt lat="46.80335305631160736083984375" lon="-122.4154469557106494903564453125">
        <ele>277.20001220703125</ele>
        <time>2026-07-18T20:57:10.000Z</time>
        <extensions>
          <ns3:TrackPointExtension>
            <ns3:atemp>30.0</ns3:atemp>
            <ns3:hr>111</ns3:hr>
          </ns3:TrackPointExtension>
        </extensions>
      </trkpt>
      <trkpt lat="46.80335096083581447601318359375" lon="-122.415417619049549102783203125">
        <ele>277.20001220703125</ele>
        <time>2026-07-18T20:57:12.000Z</time>
        <extensions>
          <ns3:TrackPointExtension>
            <ns3:atemp>30.0</ns3:atemp>
            <ns3:hr>112</ns3:hr>
          </ns3:TrackPointExtension>
        </extensions>
      </trkpt>
      <trkpt lat="46.80334861390292644500732421875" lon="-122.4153567664325237274169921875">
        <ele>277.20001220703125</ele>
        <time>2026-07-18T20:57:16.000Z</time>
        <extensions>
          <ns3:TrackPointExtension>
            <ns3:atemp>30.0</ns3:atemp>
            <ns3:hr>111</ns3:hr>
          </ns3:TrackPointExtension>
        </extensions>
      </trkpt>
      <trkpt lat="46.80336906574666500091552734375" lon="-122.41526297293603420257568359375">
        <ele>277</ele>
        <time>2026-07-18T20:57:22.000Z</time>
        <extensions>
          <ns3:TrackPointExtension>
            <ns3:atemp>29.0</ns3:atemp>
            <ns3:hr>114</ns3:hr>
          </ns3:TrackPointExtension>
        </extensions>
      </trkpt>
      <trkpt lat="46.803368143737316131591796875" lon="-122.4152508191764354705810546875">
        <ele>277</ele>
        <time>2026-07-18T20:57:23.000Z</time>
        <extensions>
          <ns3:TrackPointExtension>
            <ns3:atemp>29.0</ns3:atemp>
            <ns3:hr>111</ns3:hr>
          </ns3:TrackPointExtension>
        </extensions>
      </trkpt>
      <trkpt lat="46.8033612705767154693603515625" lon="-122.41524151526391506195068359375">
        <ele>277</ele>
        <time>2026-07-18T20:57:24.000Z</time>
        <extensions>
          <ns3:TrackPointExtension>
            <ns3:atemp>29.0</ns3:atemp>
            <ns3:hr>110</ns3:hr>
          </ns3:TrackPointExtension>
        </extensions>
      </trkpt>
      <trkpt lat="46.80334878154098987579345703125" lon="-122.41521704010665416717529296875">
        <ele>277</ele>
        <time>2026-07-18T20:57:26.000Z</time>
        <extensions>
          <ns3:TrackPointExtension>
            <ns3:atemp>29.0</ns3:atemp>
            <ns3:hr>105</ns3:hr>
          </ns3:TrackPointExtension>
        </extensions>
      </trkpt>
      <trkpt lat="46.80332782678306102752685546875" lon="-122.415168173611164093017578125">
        <ele>277.20001220703125</ele>
        <time>2026-07-18T20:57:29.000Z</time>
        <extensions>
          <ns3:TrackPointExtension>
            <ns3:atemp>29.0</ns3:atemp>
            <ns3:hr>102</ns3:hr>
          </ns3:TrackPointExtension>
        </extensions>
      </trkpt>
      <trkpt lat="46.80332011543214321136474609375" lon="-122.415154762566089630126953125">
        <ele>277.20001220703125</ele>
        <time>2026-07-18T20:57:30.000Z</time>
        <extensions>
          <ns3:TrackPointExtension>
            <ns3:atemp>29.0</ns3:atemp>
            <ns3:hr>99</ns3:hr>
          </ns3:TrackPointExtension>
        </extensions>
      </trkpt>
      <trkpt lat="46.8033086322247982025146484375" lon="-122.41511930711567401885986328125">
        <ele>277.20001220703125</ele>
        <time>2026-07-18T20:57:33.000Z</time>
        <extensions>
          <ns3:TrackPointExtension>
            <ns3:atemp>29.0</ns3:atemp>
            <ns3:hr>96</ns3:hr>
          </ns3:TrackPointExtension>
        </extensions>
      </trkpt>
      <trkpt lat="46.80329496972262859344482421875" lon="-122.41510170511901378631591796875">
        <ele>277</ele>
        <time>2026-07-18T20:57:35.000Z</time>
        <extensions>
          <ns3:TrackPointExtension>
            <ns3:atemp>29.0</ns3:atemp>
            <ns3:hr>94</ns3:hr>
          </ns3:TrackPointExtension>
        </extensions>
      </trkpt>
      <trkpt lat="46.80329463444650173187255859375" lon="-122.41509416140615940093994140625">
        <ele>277</ele>
        <time>2026-07-18T20:57:36.000Z</time>
        <extensions>
          <ns3:TrackPointExtension>
            <ns3:atemp>29.0</ns3:atemp>
            <ns3:hr>94</ns3:hr>
          </ns3:TrackPointExtension>
        </extensions>
      </trkpt>
      <trkpt lat="46.803294718265533447265625" lon="-122.415086366236209869384765625">
        <ele>277</ele>
        <time>2026-07-18T20:57:37.000Z</time>
        <extensions>
          <ns3:TrackPointExtension>
            <ns3:atemp>29.0</ns3:atemp>
            <ns3:hr>91</ns3:hr>
          </ns3:TrackPointExtension>
        </extensions>
      </trkpt>
      <trkpt lat="46.80325515568256378173828125" lon="-122.41508443839848041534423828125">
        <ele>277</ele>
        <time>2026-07-18T20:57:42.000Z</time>
        <extensions>
          <ns3:TrackPointExtension>
            <ns3:atemp>29.0</ns3:atemp>
            <ns3:hr>86</ns3:hr>
          </ns3:TrackPointExtension>
        </extensions>
      </trkpt>
      <trkpt lat="46.8032405711710453033447265625" lon="-122.41508544422686100006103515625">
        <ele>277</ele>
        <time>2026-07-18T20:57:44.000Z</time>
        <extensions>
          <ns3:TrackPointExtension>
            <ns3:atemp>29.0</ns3:atemp>
            <ns3:hr>88</ns3:hr>
          </ns3:TrackPointExtension>
        </extensions>
      </trkpt>
      <trkpt lat="46.80322087369859218597412109375" lon="-122.41506616584956645965576171875">
        <ele>276.79998779296875</ele>
        <time>2026-07-18T20:57:51.000Z</time>
        <extensions>
          <ns3:TrackPointExtension>
            <ns3:atemp>29.0</ns3:atemp>
            <ns3:hr>85</ns3:hr>
          </ns3:TrackPointExtension>
        </extensions>
      </trkpt>
      <trkpt lat="46.80323881097137928009033203125" lon="-122.41505778394639492034912109375">
        <ele>277</ele>
        <time>2026-07-18T20:57:55.000Z</time>
        <extensions>
          <ns3:TrackPointExtension>
            <ns3:atemp>29.0</ns3:atemp>
            <ns3:hr>82</ns3:hr>
          </ns3:TrackPointExtension>
        </extensions>
      </trkpt>
      <trkpt lat="46.803244762122631072998046875" lon="-122.41505946032702922821044921875">
        <ele>276.600006103515625</ele>
        <time>2026-07-18T20:58:00.000Z</time>
        <extensions>
          <ns3:TrackPointExtension>
            <ns3:atemp>29.0</ns3:atemp>
            <ns3:hr>85</ns3:hr>
          </ns3:TrackPointExtension>
        </extensions>
      </trkpt>
      <trkpt lat="46.803220622241497039794921875" lon="-122.4149903096258640289306640625">
        <ele>276.600006103515625</ele>
        <time>2026-07-18T20:58:07.000Z</time>
        <extensions>
          <ns3:TrackPointExtension>
            <ns3:atemp>29.0</ns3:atemp>
            <ns3:hr>84</ns3:hr>
          </ns3:TrackPointExtension>
        </extensions>
      </trkpt>
      <trkpt lat="46.80319338105618953704833984375" lon="-122.41494529880583286285400390625">
        <ele>276.600006103515625</ele>
        <time>2026-07-18T20:58:10.000Z</time>
        <extensions>
          <ns3:TrackPointExtension>
            <ns3:atemp>29.0</ns3:atemp>
            <ns3:hr>87</ns3:hr>
          </ns3:TrackPointExtension>
        </extensions>
      </trkpt>
      <trkpt lat="46.8031741864979267120361328125" lon="-122.414883188903331756591796875">
        <ele>276.79998779296875</ele>
        <time>2026-07-18T20:58:14.000Z</time>
        <extensions>
          <ns3:TrackPointExtension>
            <ns3:atemp>29.0</ns3:atemp>
            <ns3:hr>87</ns3:hr>
          </ns3:TrackPointExtension>
        </extensions>
      </trkpt>
      <trkpt lat="46.80317393504083156585693359375" lon="-122.41486416198313236236572265625">
        <ele>277</ele>
        <time>2026-07-18T20:58:15.000Z</time>
        <extensions>
          <ns3:TrackPointExtension>
            <ns3:atemp>29.0</ns3:atemp>
            <ns3:hr>84</ns3:hr>
          </ns3:TrackPointExtension>
        </extensions>
      </trkpt>
      <trkpt lat="46.803143508732318878173828125" lon="-122.414816133677959442138671875">
        <ele>277</ele>
        <time>2026-07-18T20:58:19.000Z</time>
        <extensions>
          <ns3:TrackPointExtension>
            <ns3:atemp>29.0</ns3:atemp>
            <ns3:hr>81</ns3:hr>
          </ns3:TrackPointExtension>
        </extensions>
      </trkpt>
      <trkpt lat="46.80312599055469036102294921875" lon="-122.4148129485547542572021484375">
        <ele>277</ele>
        <time>2026-07-18T20:58:22.000Z</time>
        <extensions>
          <ns3:TrackPointExtension>
            <ns3:atemp>29.0</ns3:atemp>
            <ns3:hr>80</ns3:hr>
          </ns3:TrackPointExtension>
        </extensions>
      </trkpt>
      <trkpt lat="46.8030702508985996246337890625" lon="-122.41486541926860809326171875">
        <ele>277</ele>
        <time>2026-07-18T20:58:27.000Z</time>
        <extensions>
          <ns3:TrackPointExtension>
            <ns3:atemp>29.0</ns3:atemp>
            <ns3:hr>77</ns3:hr>
          </ns3:TrackPointExtension>
        </extensions>
      </trkpt>
      <trkpt lat="46.80307217873632907867431640625" lon="-122.414873801171779632568359375">
        <ele>277</ele>
        <time>2026-07-18T20:58:28.000Z</time>
        <extensions>
          <ns3:TrackPointExtension>
            <ns3:atemp>29.0</ns3:atemp>
            <ns3:hr>78</ns3:hr>
          </ns3:TrackPointExtension>
        </extensions>
      </trkpt>
      <trkpt lat="46.80301451124250888824462890625" lon="-122.414911687374114990234375">
        <ele>277.20001220703125</ele>
        <time>2026-07-18T20:58:33.000Z</time>
        <extensions>
          <ns3:TrackPointExtension>
            <ns3:atemp>29.0</ns3:atemp>
            <ns3:hr>78</ns3:hr>
          </ns3:TrackPointExtension>
        </extensions>
      </trkpt>
      <trkpt lat="46.80298198945820331573486328125" lon="-122.41494186222553253173828125">
        <ele>277</ele>
        <time>2026-07-18T20:58:39.000Z</time>
        <extensions>
          <ns3:TrackPointExtension>
            <ns3:atemp>29.0</ns3:atemp>
            <ns3:hr>75</ns3:hr>
          </ns3:TrackPointExtension>
        </extensions>
      </trkpt>
      <trkpt lat="46.8029800616204738616943359375" lon="-122.4149453826248645782470703125">
        <ele>276.79998779296875</ele>
        <time>2026-07-18T20:58:40.000Z</time>
        <extensions>
          <ns3:TrackPointExtension>
            <ns3:atemp>29.0</ns3:atemp>
            <ns3:hr>76</ns3:hr>
          </ns3:TrackPointExtension>
        </extensions>
      </trkpt>
      <trkpt lat="46.802976541221141815185546875" lon="-122.414950244128704071044921875">
        <ele>276.600006103515625</ele>
        <time>2026-07-18T20:58:41.000Z</time>
        <extensions>
          <ns3:TrackPointExtension>
            <ns3:atemp>29.0</ns3:atemp>
            <ns3:hr>78</ns3:hr>
          </ns3:TrackPointExtension>
        </extensions>
      </trkpt>
      <trkpt lat="46.80296438746154308319091796875" lon="-122.41496139205992221832275390625">
        <ele>276.399993896484375</ele>
        <time>2026-07-18T20:58:43.000Z</time>
        <extensions>
          <ns3:TrackPointExtension>
            <ns3:atemp>29.0</ns3:atemp>
            <ns3:hr>79</ns3:hr>
          </ns3:TrackPointExtension>
        </extensions>
      </trkpt>
      <trkpt lat="46.8029562570154666900634765625" lon="-122.41498385556042194366455078125">
        <ele>276.399993896484375</ele>
        <time>2026-07-18T20:58:45.000Z</time>
        <extensions>
          <ns3:TrackPointExtension>
            <ns3:atemp>29.0</ns3:atemp>
            <ns3:hr>81</ns3:hr>
          </ns3:TrackPointExtension>
        </extensions>
      </trkpt>
      <trkpt lat="46.8029498867690563201904296875" lon="-122.4149966798722743988037109375">
        <ele>276.399993896484375</ele>
        <time>2026-07-18T20:58:46.000Z</time>
        <extensions>
          <ns3:TrackPointExtension>
            <ns3:atemp>29.0</ns3:atemp>
            <ns3:hr>84</ns3:hr>
          </ns3:TrackPointExtension>
        </extensions>
      </trkpt>
      <trkpt lat="46.80294661782681941986083984375" lon="-122.41500883363187313079833984375">
        <ele>276</ele>
        <time>2026-07-18T20:58:47.000Z</time>
        <extensions>
          <ns3:TrackPointExtension>
            <ns3:atemp>29.0</ns3:atemp>
            <ns3:hr>82</ns3:hr>
          </ns3:TrackPointExtension>
        </extensions>
      </trkpt>
      <trkpt lat="46.8029461987316608428955078125" lon="-122.41502366960048675537109375">
        <ele>275.399993896484375</ele>
        <time>2026-07-18T20:58:48.000Z</time>
        <extensions>
          <ns3:TrackPointExtension>
            <ns3:atemp>29.0</ns3:atemp>
            <ns3:hr>82</ns3:hr>
          </ns3:TrackPointExtension>
        </extensions>
      </trkpt>
      <trkpt lat="46.80294804275035858154296875" lon="-122.4150352366268634796142578125">
        <ele>275</ele>
        <time>2026-07-18T20:58:49.000Z</time>
        <extensions>
          <ns3:TrackPointExtension>
            <ns3:atemp>29.0</ns3:atemp>
            <ns3:hr>83</ns3:hr>
          </ns3:TrackPointExtension>
        </extensions>
      </trkpt>
      <trkpt lat="46.80295013822615146636962890625" lon="-122.41505744867026805877685546875">
        <ele>274.20001220703125</ele>
        <time>2026-07-18T20:58:51.000Z</time>
        <extensions>
          <ns3:TrackPointExtension>
            <ns3:atemp>29.0</ns3:atemp>
            <ns3:hr>82</ns3:hr>
          </ns3:TrackPointExtension>
        </extensions>
      </trkpt>
      <trkpt lat="46.8029596097767353057861328125" lon="-122.41512567736208438873291015625">
        <ele>273.399993896484375</ele>
        <time>2026-07-18T20:58:55.000Z</time>
        <extensions>
          <ns3:TrackPointExtension>
            <ns3:atemp>29.0</ns3:atemp>
            <ns3:hr>83</ns3:hr>
          </ns3:TrackPointExtension>
        </extensions>
      </trkpt>
      <trkpt lat="46.80294930003583431243896484375" lon="-122.41517730988562107086181640625">
        <ele>273</ele>
        <time>2026-07-18T20:58:58.000Z</time>
        <extensions>
          <ns3:TrackPointExtension>
            <ns3:atemp>29.0</ns3:atemp>
            <ns3:hr>81</ns3:hr>
          </ns3:TrackPointExtension>
        </extensions>
      </trkpt>
      <trkpt lat="46.8029358051717281341552734375" lon="-122.415211759507656097412109375">
        <ele>272.79998779296875</ele>
        <time>2026-07-18T20:59:00.000Z</time>
        <extensions>
          <ns3:TrackPointExtension>
            <ns3:atemp>29.0</ns3:atemp>
            <ns3:hr>83</ns3:hr>
          </ns3:TrackPointExtension>
        </extensions>
      </trkpt>
      <trkpt lat="46.8029327876865863800048828125" lon="-122.41522458381950855255126953125">
        <ele>272.600006103515625</ele>
        <time>2026-07-18T20:59:02.000Z</time>
        <extensions>
          <ns3:TrackPointExtension>
            <ns3:atemp>29.0</ns3:atemp>
            <ns3:hr>83</ns3:hr>
          </ns3:TrackPointExtension>
        </extensions>
      </trkpt>
      <trkpt lat="46.8029280938208103179931640625" lon="-122.41521402262151241302490234375">
        <ele>272.600006103515625</ele>
        <time>2026-07-18T20:59:04.000Z</time>
        <extensions>
          <ns3:TrackPointExtension>
            <ns3:atemp>29.0</ns3:atemp>
            <ns3:hr>83</ns3:hr>
          </ns3:TrackPointExtension>
        </extensions>
      </trkpt>
      <trkpt lat="46.80292063392698764801025390625" lon="-122.41519507952034473419189453125">
        <ele>272.600006103515625</ele>
        <time>2026-07-18T20:59:06.000Z</time>
        <extensions>
          <ns3:TrackPointExtension>
            <ns3:atemp>29.0</ns3:atemp>
            <ns3:hr>80</ns3:hr>
          </ns3:TrackPointExtension>
        </extensions>
      </trkpt>
      <trkpt lat="46.802924573421478271484375" lon="-122.415169514715671539306640625">
        <ele>272.600006103515625</ele>
        <time>2026-07-18T20:59:08.000Z</time>
        <extensions>
          <ns3:TrackPointExtension>
            <ns3:atemp>29.0</ns3:atemp>
            <ns3:hr>78</ns3:hr>
          </ns3:TrackPointExtension>
        </extensions>
      </trkpt>
      <trkpt lat="46.8029227294027805328369140625" lon="-122.415155433118343353271484375">
        <ele>272.79998779296875</ele>
        <time>2026-07-18T20:59:09.000Z</time>
        <extensions>
          <ns3:TrackPointExtension>
            <ns3:atemp>29.0</ns3:atemp>
            <ns3:hr>79</ns3:hr>
          </ns3:TrackPointExtension>
        </extensions>
      </trkpt>
      <trkpt lat="46.80292499251663684844970703125" lon="-122.4151009507477283477783203125">
        <ele>273.399993896484375</ele>
        <time>2026-07-18T20:59:13.000Z</time>
        <extensions>
          <ns3:TrackPointExtension>
            <ns3:atemp>29.0</ns3:atemp>
            <ns3:hr>82</ns3:hr>
          </ns3:TrackPointExtension>
        </extensions>
      </trkpt>
      <trkpt lat="46.80293194949626922607421875" lon="-122.41508712060749530792236328125">
        <ele>273.399993896484375</ele>
        <time>2026-07-18T20:59:14.000Z</time>
        <extensions>
          <ns3:TrackPointExtension>
            <ns3:atemp>29.0</ns3:atemp>
            <ns3:hr>83</ns3:hr>
          </ns3:TrackPointExtension>
        </extensions>
      </trkpt>
      <trkpt lat="46.80295684374868869781494140625" lon="-122.4150295369327068328857421875">
        <ele>274.20001220703125</ele>
        <time>2026-07-18T20:59:19.000Z</time>
        <extensions>
          <ns3:TrackPointExtension>
            <ns3:atemp>29.0</ns3:atemp>
            <ns3:hr>86</ns3:hr>
          </ns3:TrackPointExtension>
        </extensions>
      </trkpt>
      <trkpt lat="46.80296011269092559814453125" lon="-122.41502358578145503997802734375">
        <ele>274.399993896484375</ele>
        <time>2026-07-18T20:59:20.000Z</time>
        <extensions>
          <ns3:TrackPointExtension>
            <ns3:atemp>29.0</ns3:atemp>
            <ns3:hr>85</ns3:hr>
          </ns3:TrackPointExtension>
        </extensions>
      </trkpt>
      <trkpt lat="46.80295902304351329803466796875" lon="-122.41500430740416049957275390625">
        <ele>275.20001220703125</ele>
        <time>2026-07-18T20:59:23.000Z</time>
        <extensions>
          <ns3:TrackPointExtension>
            <ns3:atemp>29.0</ns3:atemp>
            <ns3:hr>88</ns3:hr>
          </ns3:TrackPointExtension>
        </extensions>
      </trkpt>
      <trkpt lat="46.802959777414798736572265625" lon="-122.41501118056476116180419921875">
        <ele>275.399993896484375</ele>
        <time>2026-07-18T20:59:27.000Z</time>
        <extensions>
          <ns3:TrackPointExtension>
            <ns3:atemp>29.0</ns3:atemp>
            <ns3:hr>91</ns3:hr>
          </ns3:TrackPointExtension>
        </extensions>
      </trkpt>
      <trkpt lat="46.80296656675636768341064453125" lon="-122.415001206099987030029296875">
        <ele>275.79998779296875</ele>
        <time>2026-07-18T20:59:33.000Z</time>
        <extensions>
          <ns3:TrackPointExtension>
            <ns3:atemp>29.0</ns3:atemp>
            <ns3:hr>90</ns3:hr>
          </ns3:TrackPointExtension>
        </extensions>
      </trkpt>
      <trkpt lat="46.80297377519309520721435546875" lon="-122.41498301737010478973388671875">
        <ele>276.20001220703125</ele>
        <time>2026-07-18T20:59:35.000Z</time>
        <extensions>
          <ns3:TrackPointExtension>
            <ns3:atemp>29.0</ns3:atemp>
            <ns3:hr>93</ns3:hr>
          </ns3:TrackPointExtension>
        </extensions>
      </trkpt>
      <trkpt lat="46.80299439467489719390869140625" lon="-122.4149534292519092559814453125">
        <ele>277.20001220703125</ele>
        <time>2026-07-18T20:59:39.000Z</time>
        <extensions>
          <ns3:TrackPointExtension>
            <ns3:atemp>29.0</ns3:atemp>
            <ns3:hr>92</ns3:hr>
          </ns3:TrackPointExtension>
        </extensions>
      </trkpt>
      <trkpt lat="46.8030323646962642669677734375" lon="-122.4148810096085071563720703125">
        <ele>276.79998779296875</ele>
        <time>2026-07-18T20:59:45.000Z</time>
        <extensions>
          <ns3:TrackPointExtension>
            <ns3:atemp>29.0</ns3:atemp>
            <ns3:hr>90</ns3:hr>
          </ns3:TrackPointExtension>
        </extensions>
      </trkpt>
      <trkpt lat="46.80307569913566112518310546875" lon="-122.4148085899651050567626953125">
        <ele>276.600006103515625</ele>
        <time>2026-07-18T20:59:51.000Z</time>
        <extensions>
          <ns3:TrackPointExtension>
            <ns3:atemp>29.0</ns3:atemp>
            <ns3:hr>91</ns3:hr>
          </ns3:TrackPointExtension>
        </extensions>
      </trkpt>
      <trkpt lat="46.80307771079242229461669921875" lon="-122.41478000767529010772705078125">
        <ele>276.79998779296875</ele>
        <time>2026-07-18T20:59:53.000Z</time>
        <extensions>
          <ns3:TrackPointExtension>
            <ns3:atemp>29.0</ns3:atemp>
            <ns3:hr>91</ns3:hr>
          </ns3:TrackPointExtension>
        </extensions>
      </trkpt>
      <trkpt lat="46.803073100745677947998046875" lon="-122.4147593043744564056396484375">
        <ele>276.79998779296875</ele>
        <time>2026-07-18T20:59:55.000Z</time>
        <extensions>
          <ns3:TrackPointExtension>
            <ns3:atemp>29.0</ns3:atemp>
            <ns3:hr>88</ns3:hr>
          </ns3:TrackPointExtension>
        </extensions>
      </trkpt>
      <trkpt lat="46.80306446738541126251220703125" lon="-122.41472954861819744110107421875">
        <ele>277</ele>
        <time>2026-07-18T20:59:57.000Z</time>
        <extensions>
          <ns3:TrackPointExtension>
            <ns3:atemp>29.0</ns3:atemp>
            <ns3:hr>89</ns3:hr>
          </ns3:TrackPointExtension>
        </extensions>
      </trkpt>
      <trkpt lat="46.80305290035903453826904296875" lon="-122.4147127009928226470947265625">
        <ele>277</ele>
        <time>2026-07-18T20:59:58.000Z</time>
        <extensions>
          <ns3:TrackPointExtension>
            <ns3:atemp>29.0</ns3:atemp>
            <ns3:hr>90</ns3:hr>
          </ns3:TrackPointExtension>
        </extensions>
      </trkpt>
      <trkpt lat="46.803047619760036468505859375" lon="-122.41469509899616241455078125">
        <ele>277</ele>
        <time>2026-07-18T20:59:59.000Z</time>
        <extensions>
          <ns3:TrackPointExtension>
            <ns3:atemp>29.0</ns3:atemp>
            <ns3:hr>90</ns3:hr>
          </ns3:TrackPointExtension>
        </extensions>
      </trkpt>
      <trkpt lat="46.8030514754354953765869140625" lon="-122.4146583862602710723876953125">
        <ele>277.20001220703125</ele>
        <time>2026-07-18T21:00:02.000Z</time>
        <extensions>
          <ns3:TrackPointExtension>
            <ns3:atemp>29.0</ns3:atemp>
            <ns3:hr>90</ns3:hr>
          </ns3:TrackPointExtension>
        </extensions>
      </trkpt>
      <trkpt lat="46.8030497990548610687255859375" lon="-122.414646148681640625">
        <ele>277.20001220703125</ele>
        <time>2026-07-18T21:00:03.000Z</time>
        <extensions>
          <ns3:TrackPointExtension>
            <ns3:atemp>29.0</ns3:atemp>
            <ns3:hr>93</ns3:hr>
          </ns3:TrackPointExtension>
        </extensions>
      </trkpt>
      <trkpt lat="46.80304602719843387603759765625" lon="-122.4146302230656147003173828125">
        <ele>277.20001220703125</ele>
        <time>2026-07-18T21:00:04.000Z</time>
        <extensions>
          <ns3:TrackPointExtension>
            <ns3:atemp>29.0</ns3:atemp>
            <ns3:hr>92</ns3:hr>
          </ns3:TrackPointExtension>
        </extensions>
      </trkpt>
      <trkpt lat="46.80301803164184093475341796875" lon="-122.414598874747753143310546875">
        <ele>277</ele>
        <time>2026-07-18T21:00:07.000Z</time>
        <extensions>
          <ns3:TrackPointExtension>
            <ns3:atemp>29.0</ns3:atemp>
            <ns3:hr>94</ns3:hr>
          </ns3:TrackPointExtension>
        </extensions>
      </trkpt>
      <trkpt lat="46.80297193117439746856689453125" lon="-122.4145279638469219207763671875">
        <ele>276.399993896484375</ele>
        <time>2026-07-18T21:00:12.000Z</time>
        <extensions>
          <ns3:TrackPointExtension>
            <ns3:atemp>29.0</ns3:atemp>
            <ns3:hr>96</ns3:hr>
          </ns3:TrackPointExtension>
        </extensions>
      </trkpt>
      <trkpt lat="46.8029661476612091064453125" lon="-122.4145133793354034423828125">
        <ele>276.399993896484375</ele>
        <time>2026-07-18T21:00:13.000Z</time>
        <extensions>
          <ns3:TrackPointExtension>
            <ns3:atemp>29.0</ns3:atemp>
            <ns3:hr>97</ns3:hr>
          </ns3:TrackPointExtension>
        </extensions>
      </trkpt>
      <trkpt lat="46.80295684374868869781494140625" lon="-122.41449669934809207916259765625">
        <ele>276.399993896484375</ele>
        <time>2026-07-18T21:00:14.000Z</time>
        <extensions>
          <ns3:TrackPointExtension>
            <ns3:atemp>29.0</ns3:atemp>
            <ns3:hr>100</ns3:hr>
          </ns3:TrackPointExtension>
        </extensions>
      </trkpt>
      <trkpt lat="46.80293136276304721832275390625" lon="-122.41447943262755870819091796875">
        <ele>276.600006103515625</ele>
        <time>2026-07-18T21:00:16.000Z</time>
        <extensions>
          <ns3:TrackPointExtension>
            <ns3:atemp>29.0</ns3:atemp>
            <ns3:hr>97</ns3:hr>
          </ns3:TrackPointExtension>
        </extensions>
      </trkpt>
      <trkpt lat="46.80291661061346530914306640625" lon="-122.414468787610530853271484375">
        <ele>276.600006103515625</ele>
        <time>2026-07-18T21:00:17.000Z</time>
        <extensions>
          <ns3:TrackPointExtension>
            <ns3:atemp>29.0</ns3:atemp>
            <ns3:hr>97</ns3:hr>
          </ns3:TrackPointExtension>
        </extensions>
      </trkpt>
      <trkpt lat="46.80288878269493579864501953125" lon="-122.4144220165908336639404296875">
        <ele>276.399993896484375</ele>
        <time>2026-07-18T21:00:20.000Z</time>
        <extensions>
          <ns3:TrackPointExtension>
            <ns3:atemp>29.0</ns3:atemp>
            <ns3:hr>94</ns3:hr>
          </ns3:TrackPointExtension>
        </extensions>
      </trkpt>
      <trkpt lat="46.80285693146288394927978515625" lon="-122.41433895193040370941162109375">
        <ele>276</ele>
        <time>2026-07-18T21:00:24.000Z</time>
        <extensions>
          <ns3:TrackPointExtension>
            <ns3:atemp>29.0</ns3:atemp>
            <ns3:hr>96</ns3:hr>
          </ns3:TrackPointExtension>
        </extensions>
      </trkpt>
      <trkpt lat="46.80284435860812664031982421875" lon="-122.414324283599853515625">
        <ele>276</ele>
        <time>2026-07-18T21:00:25.000Z</time>
        <extensions>
          <ns3:TrackPointExtension>
            <ns3:atemp>29.0</ns3:atemp>
            <ns3:hr>95</ns3:hr>
          </ns3:TrackPointExtension>
        </extensions>
      </trkpt>
      <trkpt lat="46.802829019725322723388671875" lon="-122.414294779300689697265625">
        <ele>275.79998779296875</ele>
        <time>2026-07-18T21:00:27.000Z</time>
        <extensions>
          <ns3:TrackPointExtension>
            <ns3:atemp>29.0</ns3:atemp>
            <ns3:hr>96</ns3:hr>
          </ns3:TrackPointExtension>
        </extensions>
      </trkpt>
      <trkpt lat="46.802817620337009429931640625" lon="-122.4142684601247310638427734375">
        <ele>276</ele>
        <time>2026-07-18T21:00:29.000Z</time>
        <extensions>
          <ns3:TrackPointExtension>
            <ns3:atemp>29.0</ns3:atemp>
            <ns3:hr>98</ns3:hr>
          </ns3:TrackPointExtension>
        </extensions>
      </trkpt>
      <trkpt lat="46.8028077296912670135498046875" lon="-122.4142624251544475555419921875">
        <ele>276</ele>
        <time>2026-07-18T21:00:30.000Z</time>
        <extensions>
          <ns3:TrackPointExtension>
            <ns3:atemp>29.0</ns3:atemp>
            <ns3:hr>95</ns3:hr>
          </ns3:TrackPointExtension>
        </extensions>
      </trkpt>
      <trkpt lat="46.80279993452131748199462890625" lon="-122.414246164262294769287109375">
        <ele>276</ele>
        <time>2026-07-18T21:00:32.000Z</time>
        <extensions>
          <ns3:TrackPointExtension>
            <ns3:atemp>29.0</ns3:atemp>
            <ns3:hr>96</ns3:hr>
          </ns3:TrackPointExtension>
        </extensions>
      </trkpt>
      <trkpt lat="46.80280446074903011322021484375" lon="-122.4142210185527801513671875">
        <ele>276</ele>
        <time>2026-07-18T21:00:35.000Z</time>
        <extensions>
          <ns3:TrackPointExtension>
            <ns3:atemp>29.0</ns3:atemp>
            <ns3:hr>97</ns3:hr>
          </ns3:TrackPointExtension>
        </extensions>
      </trkpt>
      <trkpt lat="46.80282357148826122283935546875" lon="-122.4142091162502765655517578125">
        <ele>276</ele>
        <time>2026-07-18T21:00:41.000Z</time>
        <extensions>
          <ns3:TrackPointExtension>
            <ns3:atemp>29.0</ns3:atemp>
            <ns3:hr>96</ns3:hr>
          </ns3:TrackPointExtension>
        </extensions>
      </trkpt>
      <trkpt lat="46.80281954817473888397216796875" lon="-122.41420819424092769622802734375">
        <ele>276</ele>
        <time>2026-07-18T21:00:45.000Z</time>
        <extensions>
          <ns3:TrackPointExtension>
            <ns3:atemp>29.0</ns3:atemp>
            <ns3:hr>99</ns3:hr>
          </ns3:TrackPointExtension>
        </extensions>
      </trkpt>
      <trkpt lat="46.8028211407363414764404296875" lon="-122.4142074398696422576904296875">
        <ele>276</ele>
        <time>2026-07-18T21:00:46.000Z</time>
        <extensions>
          <ns3:TrackPointExtension>
            <ns3:atemp>28.0</ns3:atemp>
            <ns3:hr>95</ns3:hr>
          </ns3:TrackPointExtension>
        </extensions>
      </trkpt>
      <trkpt lat="46.802809238433837890625" lon="-122.4141665361821651458740234375">
        <ele>275.600006103515625</ele>
        <time>2026-07-18T21:00:53.000Z</time>
        <extensions>
          <ns3:TrackPointExtension>
            <ns3:atemp>28.0</ns3:atemp>
            <ns3:hr>95</ns3:hr>
          </ns3:TrackPointExtension>
        </extensions>
      </trkpt>
      <trkpt lat="46.80276338942348957061767578125" lon="-122.41409160196781158447265625">
        <ele>275.399993896484375</ele>
        <time>2026-07-18T21:00:59.000Z</time>
        <extensions>
          <ns3:TrackPointExtension>
            <ns3:atemp>28.0</ns3:atemp>
            <ns3:hr>93</ns3:hr>
          </ns3:TrackPointExtension>
        </extensions>
      </trkpt>
      <trkpt lat="46.802775375545024871826171875" lon="-122.4140257202088832855224609375">
        <ele>275.79998779296875</ele>
        <time>2026-07-18T21:01:04.000Z</time>
        <extensions>
          <ns3:TrackPointExtension>
            <ns3:atemp>28.0</ns3:atemp>
            <ns3:hr>92</ns3:hr>
          </ns3:TrackPointExtension>
        </extensions>
      </trkpt>
      <trkpt lat="46.802766323089599609375" lon="-122.41397081874310970306396484375">
        <ele>276</ele>
        <time>2026-07-18T21:01:09.000Z</time>
        <extensions>
          <ns3:TrackPointExtension>
            <ns3:atemp>28.0</ns3:atemp>
            <ns3:hr>93</ns3:hr>
          </ns3:TrackPointExtension>
        </extensions>
      </trkpt>
      <trkpt lat="46.8027557618916034698486328125" lon="-122.4138708226382732391357421875">
        <ele>276.399993896484375</ele>
        <time>2026-07-18T21:01:16.000Z</time>
        <extensions>
          <ns3:TrackPointExtension>
            <ns3:atemp>28.0</ns3:atemp>
            <ns3:hr>93</ns3:hr>
          </ns3:TrackPointExtension>
        </extensions>
      </trkpt>
      <trkpt lat="46.80275718681514263153076171875" lon="-122.41384827531874179840087890625">
        <ele>276.399993896484375</ele>
        <time>2026-07-18T21:01:17.000Z</time>
        <extensions>
          <ns3:TrackPointExtension>
            <ns3:atemp>28.0</ns3:atemp>
            <ns3:hr>92</ns3:hr>
          </ns3:TrackPointExtension>
        </extensions>
      </trkpt>
      <trkpt lat="46.80277763865888118743896484375" lon="-122.41375607438385486602783203125">
        <ele>276.399993896484375</ele>
        <time>2026-07-18T21:01:21.000Z</time>
        <extensions>
          <ns3:TrackPointExtension>
            <ns3:atemp>28.0</ns3:atemp>
            <ns3:hr>92</ns3:hr>
          </ns3:TrackPointExtension>
        </extensions>
      </trkpt>
      <trkpt lat="46.80278308689594268798828125" lon="-122.413723468780517578125">
        <ele>276.399993896484375</ele>
        <time>2026-07-18T21:01:23.000Z</time>
        <extensions>
          <ns3:TrackPointExtension>
            <ns3:atemp>28.0</ns3:atemp>
            <ns3:hr>92</ns3:hr>
          </ns3:TrackPointExtension>
        </extensions>
      </trkpt>
      <trkpt lat="46.8027919717133045196533203125" lon="-122.4136857502162456512451171875">
        <ele>276.20001220703125</ele>
        <time>2026-07-18T21:01:26.000Z</time>
        <extensions>
          <ns3:TrackPointExtension>
            <ns3:atemp>28.0</ns3:atemp>
            <ns3:hr>91</ns3:hr>
          </ns3:TrackPointExtension>
        </extensions>
      </trkpt>
      <trkpt lat="46.8028057180345058441162109375" lon="-122.41364375688135623931884765625">
        <ele>276.399993896484375</ele>
        <time>2026-07-18T21:01:29.000Z</time>
        <extensions>
          <ns3:TrackPointExtension>
            <ns3:atemp>28.0</ns3:atemp>
            <ns3:hr>92</ns3:hr>
          </ns3:TrackPointExtension>
        </extensions>
      </trkpt>
      <trkpt lat="46.8028177879750728607177734375" lon="-122.41360872052609920501708984375">
        <ele>276.600006103515625</ele>
        <time>2026-07-18T21:01:31.000Z</time>
        <extensions>
          <ns3:TrackPointExtension>
            <ns3:atemp>28.0</ns3:atemp>
            <ns3:hr>91</ns3:hr>
          </ns3:TrackPointExtension>
        </extensions>
      </trkpt>
      <trkpt lat="46.8028234876692295074462890625" lon="-122.41355775855481624603271484375">
        <ele>276.600006103515625</ele>
        <time>2026-07-18T21:01:34.000Z</time>
        <extensions>
          <ns3:TrackPointExtension>
            <ns3:atemp>28.0</ns3:atemp>
            <ns3:hr>92</ns3:hr>
          </ns3:TrackPointExtension>
        </extensions>
      </trkpt>
      <trkpt lat="46.80282709188759326934814453125" lon="-122.41352423094213008880615234375">
        <ele>276.399993896484375</ele>
        <time>2026-07-18T21:01:37.000Z</time>
        <extensions>
          <ns3:TrackPointExtension>
            <ns3:atemp>28.0</ns3:atemp>
            <ns3:hr>92</ns3:hr>
          </ns3:TrackPointExtension>
        </extensions>
      </trkpt>
      <trkpt lat="46.8028281815350055694580078125" lon="-122.4134941399097442626953125">
        <ele>276</ele>
        <time>2026-07-18T21:01:39.000Z</time>
        <extensions>
          <ns3:TrackPointExtension>
            <ns3:atemp>28.0</ns3:atemp>
            <ns3:hr>93</ns3:hr>
          </ns3:TrackPointExtension>
        </extensions>
      </trkpt>
      <trkpt lat="46.80285223759710788726806640625" lon="-122.4134688265621662139892578125">
        <ele>275.79998779296875</ele>
        <time>2026-07-18T21:01:42.000Z</time>
        <extensions>
          <ns3:TrackPointExtension>
            <ns3:atemp>28.0</ns3:atemp>
            <ns3:hr>96</ns3:hr>
          </ns3:TrackPointExtension>
        </extensions>
      </trkpt>
      <trkpt lat="46.8028560094535350799560546875" lon="-122.41345834918320178985595703125">
        <ele>275.79998779296875</ele>
        <time>2026-07-18T21:01:43.000Z</time>
        <extensions>
          <ns3:TrackPointExtension>
            <ns3:atemp>28.0</ns3:atemp>
            <ns3:hr>96</ns3:hr>
          </ns3:TrackPointExtension>
        </extensions>
      </trkpt>
      <trkpt lat="46.80285810492932796478271484375" lon="-122.413441836833953857421875">
        <ele>275.79998779296875</ele>
        <time>2026-07-18T21:01:44.000Z</time>
        <extensions>
          <ns3:TrackPointExtension>
            <ns3:atemp>28.0</ns3:atemp>
            <ns3:hr>92</ns3:hr>
          </ns3:TrackPointExtension>
        </extensions>
      </trkpt>
      <trkpt lat="46.80286196060478687286376953125" lon="-122.41341224871575832366943359375">
        <ele>275.79998779296875</ele>
        <time>2026-07-18T21:01:46.000Z</time>
        <extensions>
          <ns3:TrackPointExtension>
            <ns3:atemp>28.0</ns3:atemp>
            <ns3:hr>90</ns3:hr>
          </ns3:TrackPointExtension>
        </extensions>
      </trkpt>
      <trkpt lat="46.80287872441112995147705078125" lon="-122.4133752845227718353271484375">
        <ele>276</ele>
        <time>2026-07-18T21:01:48.000Z</time>
        <extensions>
          <ns3:TrackPointExtension>
            <ns3:atemp>28.0</ns3:atemp>
            <ns3:hr>91</ns3:hr>
          </ns3:TrackPointExtension>
        </extensions>
      </trkpt>
      <trkpt lat="46.8028784729540348052978515625" lon="-122.41332239471375942230224609375">
        <ele>276</ele>
        <time>2026-07-18T21:01:51.000Z</time>
        <extensions>
          <ns3:TrackPointExtension>
            <ns3:atemp>28.0</ns3:atemp>
            <ns3:hr>92</ns3:hr>
          </ns3:TrackPointExtension>
        </extensions>
      </trkpt>
      <trkpt lat="46.80285818874835968017578125" lon="-122.41330127231776714324951171875">
        <ele>276.20001220703125</ele>
        <time>2026-07-18T21:01:54.000Z</time>
        <extensions>
          <ns3:TrackPointExtension>
            <ns3:atemp>28.0</ns3:atemp>
            <ns3:hr>89</ns3:hr>
          </ns3:TrackPointExtension>
        </extensions>
      </trkpt>
      <trkpt lat="46.80285743437707424163818359375" lon="-122.41329959593713283538818359375">
        <ele>276.20001220703125</ele>
        <time>2026-07-18T21:01:55.000Z</time>
        <extensions>
          <ns3:TrackPointExtension>
            <ns3:atemp>28.0</ns3:atemp>
            <ns3:hr>89</ns3:hr>
          </ns3:TrackPointExtension>
        </extensions>
      </trkpt>
      <trkpt lat="46.8028481304645538330078125" lon="-122.41328082047402858734130859375">
        <ele>276.20001220703125</ele>
        <time>2026-07-18T21:01:57.000Z</time>
        <extensions>
          <ns3:TrackPointExtension>
            <ns3:atemp>28.0</ns3:atemp>
            <ns3:hr>89</ns3:hr>
          </ns3:TrackPointExtension>
        </extensions>
      </trkpt>
      <trkpt lat="46.8028674088418483734130859375" lon="-122.41319297812879085540771484375">
        <ele>275.79998779296875</ele>
        <time>2026-07-18T21:02:02.000Z</time>
        <extensions>
          <ns3:TrackPointExtension>
            <ns3:atemp>28.0</ns3:atemp>
            <ns3:hr>92</ns3:hr>
          </ns3:TrackPointExtension>
        </extensions>
      </trkpt>
      <trkpt lat="46.8028674088418483734130859375" lon="-122.41319297812879085540771484375">
        <ele>275.79998779296875</ele>
        <time>2026-07-18T21:02:03.000Z</time>
        <extensions>
          <ns3:TrackPointExtension>
            <ns3:atemp>28.0</ns3:atemp>
            <ns3:hr>92</ns3:hr>
          </ns3:TrackPointExtension>
        </extensions>
      </trkpt>
      <trkpt lat="46.8029052950441837310791015625" lon="-122.41310480050742626190185546875">
        <ele>276</ele>
        <time>2026-07-18T21:02:08.000Z</time>
        <extensions>
          <ns3:TrackPointExtension>
            <ns3:atemp>28.0</ns3:atemp>
            <ns3:hr>91</ns3:hr>
          </ns3:TrackPointExtension>
        </extensions>
      </trkpt>
      <trkpt lat="46.8029461987316608428955078125" lon="-122.413049899041652679443359375">
        <ele>275.79998779296875</ele>
        <time>2026-07-18T21:02:12.000Z</time>
        <extensions>
          <ns3:TrackPointExtension>
            <ns3:atemp>28.0</ns3:atemp>
            <ns3:hr>93</ns3:hr>
          </ns3:TrackPointExtension>
        </extensions>
      </trkpt>
      <trkpt lat="46.8029780499637126922607421875" lon="-122.413006983697414398193359375">
        <ele>276</ele>
        <time>2026-07-18T21:02:16.000Z</time>
        <extensions>
          <ns3:TrackPointExtension>
            <ns3:atemp>28.0</ns3:atemp>
            <ns3:hr>93</ns3:hr>
          </ns3:TrackPointExtension>
        </extensions>
      </trkpt>
      <trkpt lat="46.80298584513366222381591796875" lon="-122.41298762150108814239501953125">
        <ele>276</ele>
        <time>2026-07-18T21:02:17.000Z</time>
        <extensions>
          <ns3:TrackPointExtension>
            <ns3:atemp>28.0</ns3:atemp>
            <ns3:hr>92</ns3:hr>
          </ns3:TrackPointExtension>
        </extensions>
      </trkpt>
      <trkpt lat="46.80298869498074054718017578125" lon="-122.412964403629302978515625">
        <ele>276</ele>
        <time>2026-07-18T21:02:19.000Z</time>
        <extensions>
          <ns3:TrackPointExtension>
            <ns3:atemp>28.0</ns3:atemp>
            <ns3:hr>92</ns3:hr>
          </ns3:TrackPointExtension>
        </extensions>
      </trkpt>
      <trkpt lat="46.80298425257205963134765625" lon="-122.41292391903698444366455078125">
        <ele>276.20001220703125</ele>
        <time>2026-07-18T21:02:21.000Z</time>
        <extensions>
          <ns3:TrackPointExtension>
            <ns3:atemp>28.0</ns3:atemp>
            <ns3:hr>92</ns3:hr>
          </ns3:TrackPointExtension>
        </extensions>
      </trkpt>
      <trkpt lat="46.80297084152698516845703125" lon="-122.41285099647939205169677734375">
        <ele>276.399993896484375</ele>
        <time>2026-07-18T21:02:25.000Z</time>
        <extensions>
          <ns3:TrackPointExtension>
            <ns3:atemp>28.0</ns3:atemp>
            <ns3:hr>92</ns3:hr>
          </ns3:TrackPointExtension>
        </extensions>
      </trkpt>
      <trkpt lat="46.8029240705072879791259765625" lon="-122.41276633925735950469970703125">
        <ele>275.79998779296875</ele>
        <time>2026-07-18T21:02:30.000Z</time>
        <extensions>
          <ns3:TrackPointExtension>
            <ns3:atemp>28.0</ns3:atemp>
            <ns3:hr>93</ns3:hr>
          </ns3:TrackPointExtension>
        </extensions>
      </trkpt>
      <trkpt lat="46.8029143474996089935302734375" lon="-122.41272476501762866973876953125">
        <ele>275.79998779296875</ele>
        <time>2026-07-18T21:02:32.000Z</time>
        <extensions>
          <ns3:TrackPointExtension>
            <ns3:atemp>28.0</ns3:atemp>
            <ns3:hr>92</ns3:hr>
          </ns3:TrackPointExtension>
        </extensions>
      </trkpt>
      <trkpt lat="46.80289699696004390716552734375" lon="-122.4126923270523548126220703125">
        <ele>275.79998779296875</ele>
        <time>2026-07-18T21:02:34.000Z</time>
        <extensions>
          <ns3:TrackPointExtension>
            <ns3:atemp>28.0</ns3:atemp>
            <ns3:hr>92</ns3:hr>
          </ns3:TrackPointExtension>
        </extensions>
      </trkpt>
      <trkpt lat="46.80286967195570468902587890625" lon="-122.412680089473724365234375">
        <ele>275.79998779296875</ele>
        <time>2026-07-18T21:02:36.000Z</time>
        <extensions>
          <ns3:TrackPointExtension>
            <ns3:atemp>28.0</ns3:atemp>
            <ns3:hr>90</ns3:hr>
          </ns3:TrackPointExtension>
        </extensions>
      </trkpt>
      <trkpt lat="46.80283413268625736236572265625" lon="-122.41266240365803241729736328125">
        <ele>275.79998779296875</ele>
        <time>2026-07-18T21:02:39.000Z</time>
        <extensions>
          <ns3:TrackPointExtension>
            <ns3:atemp>28.0</ns3:atemp>
            <ns3:hr>91</ns3:hr>
          </ns3:TrackPointExtension>
        </extensions>
      </trkpt>
      <trkpt lat="46.8028338812291622161865234375" lon="-122.41264186799526214599609375">
        <ele>275.79998779296875</ele>
        <time>2026-07-18T21:02:40.000Z</time>
        <extensions>
          <ns3:TrackPointExtension>
            <ns3:atemp>28.0</ns3:atemp>
            <ns3:hr>91</ns3:hr>
          </ns3:TrackPointExtension>
        </extensions>
      </trkpt>
      <trkpt lat="46.8028375692665576934814453125" lon="-122.412623427808284759521484375">
        <ele>275.79998779296875</ele>
        <time>2026-07-18T21:02:41.000Z</time>
        <extensions>
          <ns3:TrackPointExtension>
            <ns3:atemp>28.0</ns3:atemp>
            <ns3:hr>90</ns3:hr>
          </ns3:TrackPointExtension>
        </extensions>
      </trkpt>
      <trkpt lat="46.80276657454669475555419921875" lon="-122.412546984851360321044921875">
        <ele>276</ele>
        <time>2026-07-18T21:02:48.000Z</time>
        <extensions>
          <ns3:TrackPointExtension>
            <ns3:atemp>28.0</ns3:atemp>
            <ns3:hr>88</ns3:hr>
          </ns3:TrackPointExtension>
        </extensions>
      </trkpt>
      <trkpt lat="46.8026927299797534942626953125" lon="-122.41235579364001750946044921875">
        <ele>276</ele>
        <time>2026-07-18T21:02:58.000Z</time>
        <extensions>
          <ns3:TrackPointExtension>
            <ns3:atemp>28.0</ns3:atemp>
            <ns3:hr>89</ns3:hr>
          </ns3:TrackPointExtension>
        </extensions>
      </trkpt>
      <trkpt lat="46.80267772637307643890380859375" lon="-122.412318326532840728759765625">
        <ele>276</ele>
        <time>2026-07-18T21:03:00.000Z</time>
        <extensions>
          <ns3:TrackPointExtension>
            <ns3:atemp>28.0</ns3:atemp>
            <ns3:hr>91</ns3:hr>
          </ns3:TrackPointExtension>
        </extensions>
      </trkpt>
      <trkpt lat="46.8026732839643955230712890625" lon="-122.41227566264569759368896484375">
        <ele>276</ele>
        <time>2026-07-18T21:03:03.000Z</time>
        <extensions>
          <ns3:TrackPointExtension>
            <ns3:atemp>28.0</ns3:atemp>
            <ns3:hr>89</ns3:hr>
          </ns3:TrackPointExtension>
        </extensions>
      </trkpt>
      <trkpt lat="46.802680492401123046875" lon="-122.4122603237628936767578125">
        <ele>276</ele>
        <time>2026-07-18T21:03:04.000Z</time>
        <extensions>
          <ns3:TrackPointExtension>
            <ns3:atemp>28.0</ns3:atemp>
            <ns3:hr>90</ns3:hr>
          </ns3:TrackPointExtension>
        </extensions>
      </trkpt>
      <trkpt lat="46.8026662431657314300537109375" lon="-122.4121354334056377410888671875">
        <ele>276</ele>
        <time>2026-07-18T21:03:12.000Z</time>
        <extensions>
          <ns3:TrackPointExtension>
            <ns3:atemp>28.0</ns3:atemp>
            <ns3:hr>90</ns3:hr>
          </ns3:TrackPointExtension>
        </extensions>
      </trkpt>
      <trkpt lat="46.80264201946556568145751953125" lon="-122.41202303208410739898681640625">
        <ele>275.600006103515625</ele>
        <time>2026-07-18T21:03:19.000Z</time>
        <extensions>
          <ns3:TrackPointExtension>
            <ns3:atemp>28.0</ns3:atemp>
            <ns3:hr>89</ns3:hr>
          </ns3:TrackPointExtension>
        </extensions>
      </trkpt>
      <trkpt lat="46.8026062287390232086181640625" lon="-122.4119148217141628265380859375">
        <ele>275.20001220703125</ele>
        <time>2026-07-18T21:03:27.000Z</time>
        <extensions>
          <ns3:TrackPointExtension>
            <ns3:atemp>28.0</ns3:atemp>
            <ns3:hr>89</ns3:hr>
          </ns3:TrackPointExtension>
        </extensions>
      </trkpt>
      <trkpt lat="46.8025747127830982208251953125" lon="-122.41186201572418212890625">
        <ele>275</ele>
        <time>2026-07-18T21:03:31.000Z</time>
        <extensions>
          <ns3:TrackPointExtension>
            <ns3:atemp>28.0</ns3:atemp>
            <ns3:hr>89</ns3:hr>
          </ns3:TrackPointExtension>
        </extensions>
      </trkpt>
      <trkpt lat="46.80256674997508525848388671875" lon="-122.41183745674788951873779296875">
        <ele>275</ele>
        <time>2026-07-18T21:03:33.000Z</time>
        <extensions>
          <ns3:TrackPointExtension>
            <ns3:atemp>28.0</ns3:atemp>
            <ns3:hr>89</ns3:hr>
          </ns3:TrackPointExtension>
        </extensions>
      </trkpt>
      <trkpt lat="46.8025556020438671112060546875" lon="-122.411804683506488800048828125">
        <ele>275</ele>
        <time>2026-07-18T21:03:35.000Z</time>
        <extensions>
          <ns3:TrackPointExtension>
            <ns3:atemp>28.0</ns3:atemp>
            <ns3:hr>89</ns3:hr>
          </ns3:TrackPointExtension>
        </extensions>
      </trkpt>
      <trkpt lat="46.80250774137675762176513671875" lon="-122.4117418192327022552490234375">
        <ele>274.600006103515625</ele>
        <time>2026-07-18T21:03:40.000Z</time>
        <extensions>
          <ns3:TrackPointExtension>
            <ns3:atemp>28.0</ns3:atemp>
            <ns3:hr>90</ns3:hr>
          </ns3:TrackPointExtension>
        </extensions>
      </trkpt>
      <trkpt lat="46.802505142986774444580078125" lon="-122.41172782145440578460693359375">
        <ele>274.399993896484375</ele>
        <time>2026-07-18T21:03:41.000Z</time>
        <extensions>
          <ns3:TrackPointExtension>
            <ns3:atemp>28.0</ns3:atemp>
            <ns3:hr>90</ns3:hr>
          </ns3:TrackPointExtension>
        </extensions>
      </trkpt>
      <trkpt lat="46.8024981021881103515625" lon="-122.41169965825974941253662109375">
        <ele>274.399993896484375</ele>
        <time>2026-07-18T21:03:43.000Z</time>
        <extensions>
          <ns3:TrackPointExtension>
            <ns3:atemp>28.0</ns3:atemp>
            <ns3:hr>91</ns3:hr>
          </ns3:TrackPointExtension>
        </extensions>
      </trkpt>
      <trkpt lat="46.80249634198844432830810546875" lon="-122.41169102489948272705078125">
        <ele>274.399993896484375</ele>
        <time>2026-07-18T21:03:44.000Z</time>
        <extensions>
          <ns3:TrackPointExtension>
            <ns3:atemp>28.0</ns3:atemp>
            <ns3:hr>87</ns3:hr>
          </ns3:TrackPointExtension>
        </extensions>
      </trkpt>
      <trkpt lat="46.8024932406842708587646484375" lon="-122.411682307720184326171875">
        <ele>274.399993896484375</ele>
        <time>2026-07-18T21:03:45.000Z</time>
        <extensions>
          <ns3:TrackPointExtension>
            <ns3:atemp>28.0</ns3:atemp>
            <ns3:hr>91</ns3:hr>
          </ns3:TrackPointExtension>
        </extensions>
      </trkpt>
      <trkpt lat="46.802470274269580841064453125" lon="-122.41166210733354091644287109375">
        <ele>274.20001220703125</ele>
        <time>2026-07-18T21:03:47.000Z</time>
        <extensions>
          <ns3:TrackPointExtension>
            <ns3:atemp>28.0</ns3:atemp>
            <ns3:hr>91</ns3:hr>
          </ns3:TrackPointExtension>
        </extensions>
      </trkpt>
      <trkpt lat="46.802424676716327667236328125" lon="-122.41164500825107097625732421875">
        <ele>274.399993896484375</ele>
        <time>2026-07-18T21:03:49.000Z</time>
        <extensions>
          <ns3:TrackPointExtension>
            <ns3:atemp>28.0</ns3:atemp>
            <ns3:hr>90</ns3:hr>
          </ns3:TrackPointExtension>
        </extensions>
      </trkpt>
      <trkpt lat="46.8023923225700855255126953125" lon="-122.411624304950237274169921875">
        <ele>274.20001220703125</ele>
        <time>2026-07-18T21:03:51.000Z</time>
        <extensions>
          <ns3:TrackPointExtension>
            <ns3:atemp>28.0</ns3:atemp>
            <ns3:hr>89</ns3:hr>
          </ns3:TrackPointExtension>
        </extensions>
      </trkpt>
      <trkpt lat="46.8023775704205036163330078125" lon="-122.41162204183638095855712890625">
        <ele>274</ele>
        <time>2026-07-18T21:03:52.000Z</time>
        <extensions>
          <ns3:TrackPointExtension>
            <ns3:atemp>28.0</ns3:atemp>
            <ns3:hr>88</ns3:hr>
          </ns3:TrackPointExtension>
        </extensions>
      </trkpt>
      <trkpt lat="46.802376396954059600830078125" lon="-122.41162723861634731292724609375">
        <ele>274</ele>
        <time>2026-07-18T21:03:53.000Z</time>
        <extensions>
          <ns3:TrackPointExtension>
            <ns3:atemp>28.0</ns3:atemp>
            <ns3:hr>88</ns3:hr>
          </ns3:TrackPointExtension>
        </extensions>
      </trkpt>
      <trkpt lat="46.8023547716438770294189453125" lon="-122.4116261489689350128173828125">
        <ele>273.79998779296875</ele>
        <time>2026-07-18T21:03:55.000Z</time>
        <extensions>
          <ns3:TrackPointExtension>
            <ns3:atemp>28.0</ns3:atemp>
            <ns3:hr>89</ns3:hr>
          </ns3:TrackPointExtension>
        </extensions>
      </trkpt>
      <trkpt lat="46.80233490653336048126220703125" lon="-122.4116177670657634735107421875">
        <ele>273.20001220703125</ele>
        <time>2026-07-18T21:03:59.000Z</time>
        <extensions>
          <ns3:TrackPointExtension>
            <ns3:atemp>28.0</ns3:atemp>
            <ns3:hr>91</ns3:hr>
          </ns3:TrackPointExtension>
        </extensions>
      </trkpt>
      <trkpt lat="46.80232032202184200286865234375" lon="-122.41163671016693115234375">
        <ele>273</ele>
        <time>2026-07-18T21:04:01.000Z</time>
        <extensions>
          <ns3:TrackPointExtension>
            <ns3:atemp>28.0</ns3:atemp>
            <ns3:hr>91</ns3:hr>
          </ns3:TrackPointExtension>
        </extensions>
      </trkpt>
      <trkpt lat="46.80231680162250995635986328125" lon="-122.4116449244320392608642578125">
        <ele>272.600006103515625</ele>
        <time>2026-07-18T21:04:03.000Z</time>
        <extensions>
          <ns3:TrackPointExtension>
            <ns3:atemp>28.0</ns3:atemp>
            <ns3:hr>90</ns3:hr>
          </ns3:TrackPointExtension>
        </extensions>
      </trkpt>
      <trkpt lat="46.80231143720448017120361328125" lon="-122.4116405658423900604248046875">
        <ele>272.600006103515625</ele>
        <time>2026-07-18T21:04:04.000Z</time>
        <extensions>
          <ns3:TrackPointExtension>
            <ns3:atemp>28.0</ns3:atemp>
            <ns3:hr>91</ns3:hr>
          </ns3:TrackPointExtension>
        </extensions>
      </trkpt>
      <trkpt lat="46.80228310637176036834716796875" lon="-122.4116439186036586761474609375">
        <ele>272</ele>
        <time>2026-07-18T21:04:07.000Z</time>
        <extensions>
          <ns3:TrackPointExtension>
            <ns3:atemp>28.0</ns3:atemp>
            <ns3:hr>92</ns3:hr>
          </ns3:TrackPointExtension>
        </extensions>
      </trkpt>
      <trkpt lat="46.80227053351700305938720703125" lon="-122.41164752282202243804931640625">
        <ele>271.600006103515625</ele>
        <time>2026-07-18T21:04:09.000Z</time>
        <extensions>
          <ns3:TrackPointExtension>
            <ns3:atemp>28.0</ns3:atemp>
            <ns3:hr>93</ns3:hr>
          </ns3:TrackPointExtension>
        </extensions>
      </trkpt>
      <trkpt lat="46.8022612296044826507568359375" lon="-122.4116529710590839385986328125">
        <ele>271.399993896484375</ele>
        <time>2026-07-18T21:04:10.000Z</time>
        <extensions>
          <ns3:TrackPointExtension>
            <ns3:atemp>28.0</ns3:atemp>
            <ns3:hr>93</ns3:hr>
          </ns3:TrackPointExtension>
        </extensions>
      </trkpt>
      <trkpt lat="46.8022531829774379730224609375" lon="-122.41165724582970142364501953125">
        <ele>271</ele>
        <time>2026-07-18T21:04:12.000Z</time>
        <extensions>
          <ns3:TrackPointExtension>
            <ns3:atemp>28.0</ns3:atemp>
            <ns3:hr>92</ns3:hr>
          </ns3:TrackPointExtension>
        </extensions>
      </trkpt>
      <trkpt lat="46.8022608943283557891845703125" lon="-122.411633692681789398193359375">
        <ele>270.20001220703125</ele>
        <time>2026-07-18T21:04:15.000Z</time>
        <extensions>
          <ns3:TrackPointExtension>
            <ns3:atemp>28.0</ns3:atemp>
            <ns3:hr>92</ns3:hr>
          </ns3:TrackPointExtension>
        </extensions>
      </trkpt>
      <trkpt lat="46.8022816814482212066650390625" lon="-122.41159312427043914794921875">
        <ele>269.79998779296875</ele>
        <time>2026-07-18T21:04:18.000Z</time>
        <extensions>
          <ns3:TrackPointExtension>
            <ns3:atemp>28.0</ns3:atemp>
            <ns3:hr>92</ns3:hr>
          </ns3:TrackPointExtension>
        </extensions>
      </trkpt>
      <trkpt lat="46.8022907339036464691162109375" lon="-122.4115725047886371612548828125">
        <ele>269.79998779296875</ele>
        <time>2026-07-18T21:04:19.000Z</time>
        <extensions>
          <ns3:TrackPointExtension>
            <ns3:atemp>28.0</ns3:atemp>
            <ns3:hr>95</ns3:hr>
          </ns3:TrackPointExtension>
        </extensions>
      </trkpt>
      <trkpt lat="46.80229358375072479248046875" lon="-122.41153956390917301177978515625">
        <ele>269.399993896484375</ele>
        <time>2026-07-18T21:04:21.000Z</time>
        <extensions>
          <ns3:TrackPointExtension>
            <ns3:atemp>28.0</ns3:atemp>
            <ns3:hr>94</ns3:hr>
          </ns3:TrackPointExtension>
        </extensions>
      </trkpt>
      <trkpt lat="46.80229383520781993865966796875" lon="-122.4115292541682720184326171875">
        <ele>269.399993896484375</ele>
        <time>2026-07-18T21:04:22.000Z</time>
        <extensions>
          <ns3:TrackPointExtension>
            <ns3:atemp>28.0</ns3:atemp>
            <ns3:hr>93</ns3:hr>
          </ns3:TrackPointExtension>
        </extensions>
      </trkpt>
      <trkpt lat="46.80229987017810344696044921875" lon="-122.41151358000934123992919921875">
        <ele>269.600006103515625</ele>
        <time>2026-07-18T21:04:24.000Z</time>
        <extensions>
          <ns3:TrackPointExtension>
            <ns3:atemp>28.0</ns3:atemp>
            <ns3:hr>91</ns3:hr>
          </ns3:TrackPointExtension>
        </extensions>
      </trkpt>
      <trkpt lat="46.80230339057743549346923828125" lon="-122.41150469519197940826416015625">
        <ele>269.600006103515625</ele>
        <time>2026-07-18T21:04:25.000Z</time>
        <extensions>
          <ns3:TrackPointExtension>
            <ns3:atemp>28.0</ns3:atemp>
            <ns3:hr>89</ns3:hr>
          </ns3:TrackPointExtension>
        </extensions>
      </trkpt>
      <trkpt lat="46.8023091740906238555908203125" lon="-122.41149715147912502288818359375">
        <ele>269.600006103515625</ele>
        <time>2026-07-18T21:04:26.000Z</time>
        <extensions>
          <ns3:TrackPointExtension>
            <ns3:atemp>28.0</ns3:atemp>
            <ns3:hr>88</ns3:hr>
          </ns3:TrackPointExtension>
        </extensions>
      </trkpt>
      <trkpt lat="46.80230221711099147796630859375" lon="-122.41146915592253208160400390625">
        <ele>269.20001220703125</ele>
        <time>2026-07-18T21:04:30.000Z</time>
        <extensions>
          <ns3:TrackPointExtension>
            <ns3:atemp>28.0</ns3:atemp>
            <ns3:hr>86</ns3:hr>
          </ns3:TrackPointExtension>
        </extensions>
      </trkpt>
      <trkpt lat="46.8023148737847805023193359375" lon="-122.41137041710317134857177734375">
        <ele>269.399993896484375</ele>
        <time>2026-07-18T21:04:38.000Z</time>
        <extensions>
          <ns3:TrackPointExtension>
            <ns3:atemp>28.0</ns3:atemp>
            <ns3:hr>86</ns3:hr>
          </ns3:TrackPointExtension>
        </extensions>
      </trkpt>
      <trkpt lat="46.8023128621280193328857421875" lon="-122.4113445170223712921142578125">
        <ele>269.20001220703125</ele>
        <time>2026-07-18T21:04:41.000Z</time>
        <extensions>
          <ns3:TrackPointExtension>
            <ns3:atemp>28.0</ns3:atemp>
            <ns3:hr>83</ns3:hr>
          </ns3:TrackPointExtension>
        </extensions>
      </trkpt>
      <trkpt lat="46.8022924102842807769775390625" lon="-122.4113187007606029510498046875">
        <ele>269</ele>
        <time>2026-07-18T21:04:44.000Z</time>
        <extensions>
          <ns3:TrackPointExtension>
            <ns3:atemp>28.0</ns3:atemp>
            <ns3:hr>84</ns3:hr>
          </ns3:TrackPointExtension>
        </extensions>
      </trkpt>
      <trkpt lat="46.80228687822818756103515625" lon="-122.411312498152256011962890625">
        <ele>269</ele>
        <time>2026-07-18T21:04:45.000Z</time>
        <extensions>
          <ns3:TrackPointExtension>
            <ns3:atemp>28.0</ns3:atemp>
            <ns3:hr>81</ns3:hr>
          </ns3:TrackPointExtension>
        </extensions>
      </trkpt>
      <trkpt lat="46.80228629149496555328369140625" lon="-122.41131073795258998870849609375">
        <ele>268.79998779296875</ele>
        <time>2026-07-18T21:04:46.000Z</time>
        <extensions>
          <ns3:TrackPointExtension>
            <ns3:atemp>28.0</ns3:atemp>
            <ns3:hr>83</ns3:hr>
          </ns3:TrackPointExtension>
        </extensions>
      </trkpt>
      <trkpt lat="46.8022954277694225311279296875" lon="-122.411285676062107086181640625">
        <ele>268.600006103515625</ele>
        <time>2026-07-18T21:04:48.000Z</time>
        <extensions>
          <ns3:TrackPointExtension>
            <ns3:atemp>28.0</ns3:atemp>
            <ns3:hr>80</ns3:hr>
          </ns3:TrackPointExtension>
        </extensions>
      </trkpt>
      <trkpt lat="46.80229400284588336944580078125" lon="-122.41127662360668182373046875">
        <ele>268.399993896484375</ele>
        <time>2026-07-18T21:04:49.000Z</time>
        <extensions>
          <ns3:TrackPointExtension>
            <ns3:atemp>28.0</ns3:atemp>
            <ns3:hr>82</ns3:hr>
          </ns3:TrackPointExtension>
        </extensions>
      </trkpt>
      <trkpt lat="46.8022558651864528656005859375" lon="-122.4112526513636112213134765625">
        <ele>268.399993896484375</ele>
        <time>2026-07-18T21:04:57.000Z</time>
        <extensions>
          <ns3:TrackPointExtension>
            <ns3:atemp>28.0</ns3:atemp>
            <ns3:hr>81</ns3:hr>
          </ns3:TrackPointExtension>
        </extensions>
      </trkpt>
      <trkpt lat="46.80227623321115970611572265625" lon="-122.41124385036528110504150390625">
        <ele>267.79998779296875</ele>
        <time>2026-07-18T21:05:02.000Z</time>
        <extensions>
          <ns3:TrackPointExtension>
            <ns3:atemp>28.0</ns3:atemp>
            <ns3:hr>82</ns3:hr>
          </ns3:TrackPointExtension>
        </extensions>
      </trkpt>
      <trkpt lat="46.80227623321115970611572265625" lon="-122.41124385036528110504150390625">
        <ele>267.79998779296875</ele>
        <time>2026-07-18T21:05:06.000Z</time>
        <extensions>
          <ns3:TrackPointExtension>
            <ns3:atemp>28.0</ns3:atemp>
            <ns3:hr>82</ns3:hr>
          </ns3:TrackPointExtension>
        </extensions>
      </trkpt>
      <trkpt lat="46.8022736348211765289306640625" lon="-122.4111896194517612457275390625">
        <ele>267.79998779296875</ele>
        <time>2026-07-18T21:05:13.000Z</time>
        <extensions>
          <ns3:TrackPointExtension>
            <ns3:atemp>28.0</ns3:atemp>
            <ns3:hr>84</ns3:hr>
          </ns3:TrackPointExtension>
        </extensions>
      </trkpt>
      <trkpt lat="46.8022716231644153594970703125" lon="-122.41118542850017547607421875">
        <ele>267.79998779296875</ele>
        <time>2026-07-18T21:05:14.000Z</time>
        <extensions>
          <ns3:TrackPointExtension>
            <ns3:atemp>28.0</ns3:atemp>
            <ns3:hr>83</ns3:hr>
          </ns3:TrackPointExtension>
        </extensions>
      </trkpt>
      <trkpt lat="46.80225544609129428863525390625" lon="-122.411202527582645416259765625">
        <ele>268.399993896484375</ele>
        <time>2026-07-18T21:05:19.000Z</time>
        <extensions>
          <ns3:TrackPointExtension>
            <ns3:atemp>28.0</ns3:atemp>
            <ns3:hr>81</ns3:hr>
          </ns3:TrackPointExtension>
        </extensions>
      </trkpt>
      <trkpt lat="46.80225460790097713470458984375" lon="-122.411194145679473876953125">
        <ele>268.399993896484375</ele>
        <time>2026-07-18T21:05:26.000Z</time>
        <extensions>
          <ns3:TrackPointExtension>
            <ns3:atemp>28.0</ns3:atemp>
            <ns3:hr>79</ns3:hr>
          </ns3:TrackPointExtension>
        </extensions>
      </trkpt>
      <trkpt lat="46.80225460790097713470458984375" lon="-122.411194145679473876953125">
        <ele>268</ele>
        <time>2026-07-18T21:05:33.000Z</time>
        <extensions>
          <ns3:TrackPointExtension>
            <ns3:atemp>28.0</ns3:atemp>
            <ns3:hr>75</ns3:hr>
          </ns3:TrackPointExtension>
        </extensions>
      </trkpt>
      <trkpt lat="46.80225410498678684234619140625" lon="-122.41119624115526676177978515625">
        <ele>268.20001220703125</ele>
        <time>2026-07-18T21:05:39.000Z</time>
        <extensions>
          <ns3:TrackPointExtension>
            <ns3:atemp>28.0</ns3:atemp>
            <ns3:hr>72</ns3:hr>
          </ns3:TrackPointExtension>
        </extensions>
      </trkpt>
      <trkpt lat="46.80224320851266384124755859375" lon="-122.41119624115526676177978515625">
        <ele>268.399993896484375</ele>
        <time>2026-07-18T21:05:41.000Z</time>
        <extensions>
          <ns3:TrackPointExtension>
            <ns3:atemp>28.0</ns3:atemp>
            <ns3:hr>69</ns3:hr>
          </ns3:TrackPointExtension>
        </extensions>
      </trkpt>
      <trkpt lat="46.80224262177944183349609375" lon="-122.41119624115526676177978515625">
        <ele>268.399993896484375</ele>
        <time>2026-07-18T21:05:42.000Z</time>
        <extensions>
          <ns3:TrackPointExtension>
            <ns3:atemp>28.0</ns3:atemp>
            <ns3:hr>67</ns3:hr>
          </ns3:TrackPointExtension>
        </extensions>
      </trkpt>
      <trkpt lat="46.80223650299012660980224609375" lon="-122.411242760717868804931640625">
        <ele>268.20001220703125</ele>
        <time>2026-07-18T21:07:24.000Z</time>
        <extensions>
          <ns3:TrackPointExtension>
            <ns3:atemp>28.0</ns3:atemp>
            <ns3:hr>51</ns3:hr>
          </ns3:TrackPointExtension>
        </extensions>
      </trkpt>
      <trkpt lat="46.8022380955517292022705078125" lon="-122.4112449400126934051513671875">
        <ele>268.399993896484375</ele>
        <time>2026-07-18T21:07:25.000Z</time>
        <extensions>
          <ns3:TrackPointExtension>
            <ns3:atemp>28.0</ns3:atemp>
            <ns3:hr>51</ns3:hr>
          </ns3:TrackPointExtension>
        </extensions>
      </trkpt>
      <trkpt lat="46.80226064287126064300537109375" lon="-122.41134560666978359222412109375">
        <ele>268.399993896484375</ele>
        <time>2026-07-18T21:07:30.000Z</time>
        <extensions>
          <ns3:TrackPointExtension>
            <ns3:atemp>28.0</ns3:atemp>
            <ns3:hr>51</ns3:hr>
          </ns3:TrackPointExtension>
        </extensions>
      </trkpt>
      <trkpt lat="46.80230691097676753997802734375" lon="-122.41141878068447113037109375">
        <ele>269</ele>
        <time>2026-07-18T21:07:36.000Z</time>
        <extensions>
          <ns3:TrackPointExtension>
            <ns3:atemp>28.0</ns3:atemp>
            <ns3:hr>51</ns3:hr>
          </ns3:TrackPointExtension>
        </extensions>
      </trkpt>
      <trkpt lat="46.80234027095139026641845703125" lon="-122.41141450591385364532470703125">
        <ele>270</ele>
        <time>2026-07-18T21:07:39.000Z</time>
        <extensions>
          <ns3:TrackPointExtension>
            <ns3:atemp>28.0</ns3:atemp>
            <ns3:hr>50</ns3:hr>
          </ns3:TrackPointExtension>
        </extensions>
      </trkpt>
      <trkpt lat="46.80234412662684917449951171875" lon="-122.4114212952554225921630859375">
        <ele>270.399993896484375</ele>
        <time>2026-07-18T21:07:41.000Z</time>
        <extensions>
          <ns3:TrackPointExtension>
            <ns3:atemp>28.0</ns3:atemp>
            <ns3:hr>50</ns3:hr>
          </ns3:TrackPointExtension>
        </extensions>
      </trkpt>
      <trkpt lat="46.80235787294805049896240234375" lon="-122.41143780760467052459716796875">
        <ele>271.399993896484375</ele>
        <time>2026-07-18T21:07:45.000Z</time>
        <extensions>
          <ns3:TrackPointExtension>
            <ns3:atemp>28.0</ns3:atemp>
            <ns3:hr>49</ns3:hr>
          </ns3:TrackPointExtension>
        </extensions>
      </trkpt>
      <trkpt lat="46.8023943342268466949462890625" lon="-122.4114440940320491790771484375">
        <ele>272.399993896484375</ele>
        <time>2026-07-18T21:07:47.000Z</time>
        <extensions>
          <ns3:TrackPointExtension>
            <ns3:atemp>28.0</ns3:atemp>
            <ns3:hr>51</ns3:hr>
          </ns3:TrackPointExtension>
        </extensions>
      </trkpt>
      <trkpt lat="46.802421323955059051513671875" lon="-122.4114420823752880096435546875">
        <ele>272.600006103515625</ele>
        <time>2026-07-18T21:07:50.000Z</time>
        <extensions>
          <ns3:TrackPointExtension>
            <ns3:atemp>28.0</ns3:atemp>
            <ns3:hr>51</ns3:hr>
          </ns3:TrackPointExtension>
        </extensions>
      </trkpt>
      <trkpt lat="46.80244772695004940032958984375" lon="-122.41145691834390163421630859375">
        <ele>273.20001220703125</ele>
        <time>2026-07-18T21:07:53.000Z</time>
        <extensions>
          <ns3:TrackPointExtension>
            <ns3:atemp>28.0</ns3:atemp>
            <ns3:hr>54</ns3:hr>
          </ns3:TrackPointExtension>
        </extensions>
      </trkpt>
      <trkpt lat="46.8024627305567264556884765625" lon="-122.4114702455699443817138671875">
        <ele>273.399993896484375</ele>
        <time>2026-07-18T21:07:55.000Z</time>
        <extensions>
          <ns3:TrackPointExtension>
            <ns3:atemp>28.0</ns3:atemp>
            <ns3:hr>57</ns3:hr>
          </ns3:TrackPointExtension>
        </extensions>
      </trkpt>
      <trkpt lat="46.80246734060347080230712890625" lon="-122.41148005239665508270263671875">
        <ele>273.600006103515625</ele>
        <time>2026-07-18T21:07:56.000Z</time>
        <extensions>
          <ns3:TrackPointExtension>
            <ns3:atemp>28.0</ns3:atemp>
            <ns3:hr>58</ns3:hr>
          </ns3:TrackPointExtension>
        </extensions>
      </trkpt>
      <trkpt lat="46.8024898879230022430419921875" lon="-122.41147787310183048248291015625">
        <ele>273.79998779296875</ele>
        <time>2026-07-18T21:07:59.000Z</time>
        <extensions>
          <ns3:TrackPointExtension>
            <ns3:atemp>28.0</ns3:atemp>
            <ns3:hr>60</ns3:hr>
          </ns3:TrackPointExtension>
        </extensions>
      </trkpt>
      <trkpt lat="46.80251025594770908355712890625" lon="-122.411472760140895843505859375">
        <ele>274</ele>
        <time>2026-07-18T21:08:01.000Z</time>
        <extensions>
          <ns3:TrackPointExtension>
            <ns3:atemp>28.0</ns3:atemp>
            <ns3:hr>61</ns3:hr>
          </ns3:TrackPointExtension>
        </extensions>
      </trkpt>
      <trkpt lat="46.802523918449878692626953125" lon="-122.411464713513851165771484375">
        <ele>274.20001220703125</ele>
        <time>2026-07-18T21:08:04.000Z</time>
        <extensions>
          <ns3:TrackPointExtension>
            <ns3:atemp>28.0</ns3:atemp>
            <ns3:hr>63</ns3:hr>
          </ns3:TrackPointExtension>
        </extensions>
      </trkpt>
      <trkpt lat="46.80251964367926120758056640625" lon="-122.4114690721035003662109375">
        <ele>274.20001220703125</ele>
        <time>2026-07-18T21:08:05.000Z</time>
        <extensions>
          <ns3:TrackPointExtension>
            <ns3:atemp>28.0</ns3:atemp>
            <ns3:hr>64</ns3:hr>
          </ns3:TrackPointExtension>
        </extensions>
      </trkpt>
      <trkpt lat="46.8025182187557220458984375" lon="-122.41147368215024471282958984375">
        <ele>274.20001220703125</ele>
        <time>2026-07-18T21:08:06.000Z</time>
        <extensions>
          <ns3:TrackPointExtension>
            <ns3:atemp>28.0</ns3:atemp>
            <ns3:hr>65</ns3:hr>
          </ns3:TrackPointExtension>
        </extensions>
      </trkpt>
      <trkpt lat="46.80251109413802623748779296875" lon="-122.41154216229915618896484375">
        <ele>274.600006103515625</ele>
        <time>2026-07-18T21:08:10.000Z</time>
        <extensions>
          <ns3:TrackPointExtension>
            <ns3:atemp>28.0</ns3:atemp>
            <ns3:hr>68</ns3:hr>
          </ns3:TrackPointExtension>
        </extensions>
      </trkpt>
      <trkpt lat="46.802497096359729766845703125" lon="-122.41157845593988895416259765625">
        <ele>274.600006103515625</ele>
        <time>2026-07-18T21:08:12.000Z</time>
        <extensions>
          <ns3:TrackPointExtension>
            <ns3:atemp>28.0</ns3:atemp>
            <ns3:hr>70</ns3:hr>
          </ns3:TrackPointExtension>
        </extensions>
      </trkpt>
      <trkpt lat="46.8024771474301815032958984375" lon="-122.41166361607611179351806640625">
        <ele>274.20001220703125</ele>
        <time>2026-07-18T21:08:20.000Z</time>
        <extensions>
          <ns3:TrackPointExtension>
            <ns3:atemp>28.0</ns3:atemp>
            <ns3:hr>72</ns3:hr>
          </ns3:TrackPointExtension>
        </extensions>
      </trkpt>
      <trkpt lat="46.80247924290597438812255859375" lon="-122.41162070073187351226806640625">
        <ele>274.20001220703125</ele>
        <time>2026-07-18T21:08:24.000Z</time>
        <extensions>
          <ns3:TrackPointExtension>
            <ns3:atemp>28.0</ns3:atemp>
            <ns3:hr>75</ns3:hr>
          </ns3:TrackPointExtension>
        </extensions>
      </trkpt>
      <trkpt lat="46.80248930118978023529052734375" lon="-122.4115902744233608245849609375">
        <ele>274.399993896484375</ele>
        <time>2026-07-18T21:08:26.000Z</time>
        <extensions>
          <ns3:TrackPointExtension>
            <ns3:atemp>28.0</ns3:atemp>
            <ns3:hr>75</ns3:hr>
          </ns3:TrackPointExtension>
        </extensions>
      </trkpt>
      <trkpt lat="46.80251008830964565277099609375" lon="-122.41150653921067714691162109375">
        <ele>274.20001220703125</ele>
        <time>2026-07-18T21:08:32.000Z</time>
        <extensions>
          <ns3:TrackPointExtension>
            <ns3:atemp>29.0</ns3:atemp>
            <ns3:hr>79</ns3:hr>
          </ns3:TrackPointExtension>
        </extensions>
      </trkpt>
      <trkpt lat="46.80250941775739192962646484375" lon="-122.41149614565074443817138671875">
        <ele>274.20001220703125</ele>
        <time>2026-07-18T21:08:33.000Z</time>
        <extensions>
          <ns3:TrackPointExtension>
            <ns3:atemp>29.0</ns3:atemp>
            <ns3:hr>76</ns3:hr>
          </ns3:TrackPointExtension>
        </extensions>
      </trkpt>
      <trkpt lat="46.80251042358577251434326171875" lon="-122.411453984677791595458984375">
        <ele>274.20001220703125</ele>
        <time>2026-07-18T21:08:36.000Z</time>
        <extensions>
          <ns3:TrackPointExtension>
            <ns3:atemp>29.0</ns3:atemp>
            <ns3:hr>76</ns3:hr>
          </ns3:TrackPointExtension>
        </extensions>
      </trkpt>
      <trkpt lat="46.802542023360729217529296875" lon="-122.4114246480166912078857421875">
        <ele>274.600006103515625</ele>
        <time>2026-07-18T21:08:39.000Z</time>
        <extensions>
          <ns3:TrackPointExtension>
            <ns3:atemp>29.0</ns3:atemp>
            <ns3:hr>76</ns3:hr>
          </ns3:TrackPointExtension>
        </extensions>
      </trkpt>
      <trkpt lat="46.8025552667677402496337890625" lon="-122.411419786512851715087890625">
        <ele>274.600006103515625</ele>
        <time>2026-07-18T21:08:40.000Z</time>
        <extensions>
          <ns3:TrackPointExtension>
            <ns3:atemp>29.0</ns3:atemp>
            <ns3:hr>76</ns3:hr>
          </ns3:TrackPointExtension>
        </extensions>
      </trkpt>
      <trkpt lat="46.802550740540027618408203125" lon="-122.411433197557926177978515625">
        <ele>275.399993896484375</ele>
        <time>2026-07-18T21:08:51.000Z</time>
        <extensions>
          <ns3:TrackPointExtension>
            <ns3:atemp>29.0</ns3:atemp>
            <ns3:hr>74</ns3:hr>
          </ns3:TrackPointExtension>
        </extensions>
      </trkpt>
      <trkpt lat="46.80255183018743991851806640625" lon="-122.41143713705241680145263671875">
        <ele>275.20001220703125</ele>
        <time>2026-07-18T21:08:53.000Z</time>
        <extensions>
          <ns3:TrackPointExtension>
            <ns3:atemp>29.0</ns3:atemp>
            <ns3:hr>71</ns3:hr>
          </ns3:TrackPointExtension>
        </extensions>
      </trkpt>
      <trkpt lat="46.8025626428425312042236328125" lon="-122.411427162587642669677734375">
        <ele>275.20001220703125</ele>
        <time>2026-07-18T21:08:55.000Z</time>
        <extensions>
          <ns3:TrackPointExtension>
            <ns3:atemp>29.0</ns3:atemp>
            <ns3:hr>68</ns3:hr>
          </ns3:TrackPointExtension>
        </extensions>
      </trkpt>
      <trkpt lat="46.80257865227758884429931640625" lon="-122.4114095605909824371337890625">
        <ele>275</ele>
        <time>2026-07-18T21:08:57.000Z</time>
        <extensions>
          <ns3:TrackPointExtension>
            <ns3:atemp>29.0</ns3:atemp>
            <ns3:hr>65</ns3:hr>
          </ns3:TrackPointExtension>
        </extensions>
      </trkpt>
      <trkpt lat="46.80259256623685359954833984375" lon="-122.41139271296560764312744140625">
        <ele>275</ele>
        <time>2026-07-18T21:08:58.000Z</time>
        <extensions>
          <ns3:TrackPointExtension>
            <ns3:atemp>29.0</ns3:atemp>
            <ns3:hr>64</ns3:hr>
          </ns3:TrackPointExtension>
        </extensions>
      </trkpt>
      <trkpt lat="46.80259793065488338470458984375" lon="-122.4113183654844760894775390625">
        <ele>275.20001220703125</ele>
        <time>2026-07-18T21:09:05.000Z</time>
        <extensions>
          <ns3:TrackPointExtension>
            <ns3:atemp>29.0</ns3:atemp>
            <ns3:hr>63</ns3:hr>
          </ns3:TrackPointExtension>
        </extensions>
      </trkpt>
      <trkpt lat="46.80260949768126010894775390625" lon="-122.41125575266778469085693359375">
        <ele>275.20001220703125</ele>
        <time>2026-07-18T21:09:10.000Z</time>
        <extensions>
          <ns3:TrackPointExtension>
            <ns3:atemp>29.0</ns3:atemp>
            <ns3:hr>62</ns3:hr>
          </ns3:TrackPointExtension>
        </extensions>
      </trkpt>
      <trkpt lat="46.80261813104152679443359375" lon="-122.41122968494892120361328125">
        <ele>275.399993896484375</ele>
        <time>2026-07-18T21:09:12.000Z</time>
        <extensions>
          <ns3:TrackPointExtension>
            <ns3:atemp>29.0</ns3:atemp>
            <ns3:hr>61</ns3:hr>
          </ns3:TrackPointExtension>
        </extensions>
      </trkpt>
      <trkpt lat="46.80264906026422977447509765625" lon="-122.41116573102772235870361328125">
        <ele>275.600006103515625</ele>
        <time>2026-07-18T21:09:17.000Z</time>
        <extensions>
          <ns3:TrackPointExtension>
            <ns3:atemp>29.0</ns3:atemp>
            <ns3:hr>60</ns3:hr>
          </ns3:TrackPointExtension>
        </extensions>
      </trkpt>
      <trkpt lat="46.80267705582082271575927734375" lon="-122.41114544682204723358154296875">
        <ele>275.600006103515625</ele>
        <time>2026-07-18T21:09:21.000Z</time>
        <extensions>
          <ns3:TrackPointExtension>
            <ns3:atemp>29.0</ns3:atemp>
            <ns3:hr>61</ns3:hr>
          </ns3:TrackPointExtension>
        </extensions>
      </trkpt>
      <trkpt lat="46.80271695367991924285888671875" lon="-122.41109733469784259796142578125">
        <ele>276.79998779296875</ele>
        <time>2026-07-18T21:09:29.000Z</time>
        <extensions>
          <ns3:TrackPointExtension>
            <ns3:atemp>29.0</ns3:atemp>
            <ns3:hr>63</ns3:hr>
          </ns3:TrackPointExtension>
        </extensions>
      </trkpt>
      <trkpt lat="46.80272567085921764373779296875" lon="-122.411083169281482696533203125">
        <ele>276.79998779296875</ele>
        <time>2026-07-18T21:09:30.000Z</time>
        <extensions>
          <ns3:TrackPointExtension>
            <ns3:atemp>29.0</ns3:atemp>
            <ns3:hr>63</ns3:hr>
          </ns3:TrackPointExtension>
        </extensions>
      </trkpt>
      <trkpt lat="46.80273354984819889068603515625" lon="-122.41108040325343608856201171875">
        <ele>277</ele>
        <time>2026-07-18T21:09:31.000Z</time>
        <extensions>
          <ns3:TrackPointExtension>
            <ns3:atemp>29.0</ns3:atemp>
            <ns3:hr>63</ns3:hr>
          </ns3:TrackPointExtension>
        </extensions>
      </trkpt>
      <trkpt lat="46.80272617377340793609619140625" lon="-122.4110947363078594207763671875">
        <ele>277</ele>
        <time>2026-07-18T21:09:33.000Z</time>
        <extensions>
          <ns3:TrackPointExtension>
            <ns3:atemp>29.0</ns3:atemp>
            <ns3:hr>64</ns3:hr>
          </ns3:TrackPointExtension>
        </extensions>
      </trkpt>
      <trkpt lat="46.80270387791097164154052734375" lon="-122.41112901829183101654052734375">
        <ele>277.20001220703125</ele>
        <time>2026-07-18T21:09:35.000Z</time>
        <extensions>
          <ns3:TrackPointExtension>
            <ns3:atemp>29.0</ns3:atemp>
            <ns3:hr>64</ns3:hr>
          </ns3:TrackPointExtension>
        </extensions>
      </trkpt>
      <trkpt lat="46.8027435243129730224609375" lon="-122.41105291061103343963623046875">
        <ele>277.600006103515625</ele>
        <time>2026-07-18T21:09:41.000Z</time>
        <extensions>
          <ns3:TrackPointExtension>
            <ns3:atemp>29.0</ns3:atemp>
            <ns3:hr>65</ns3:hr>
          </ns3:TrackPointExtension>
        </extensions>
      </trkpt>
      <trkpt lat="46.802784763276576995849609375" lon="-122.4110192991793155670166015625">
        <ele>277.600006103515625</ele>
        <time>2026-07-18T21:09:47.000Z</time>
        <extensions>
          <ns3:TrackPointExtension>
            <ns3:atemp>29.0</ns3:atemp>
            <ns3:hr>66</ns3:hr>
          </ns3:TrackPointExtension>
        </extensions>
      </trkpt>
      <trkpt lat="46.80281703360378742218017578125" lon="-122.41098585538566112518310546875">
        <ele>277.79998779296875</ele>
        <time>2026-07-18T21:09:51.000Z</time>
        <extensions>
          <ns3:TrackPointExtension>
            <ns3:atemp>29.0</ns3:atemp>
            <ns3:hr>65</ns3:hr>
          </ns3:TrackPointExtension>
        </extensions>
      </trkpt>
      <trkpt lat="46.80283128283917903900146484375" lon="-122.41099323146045207977294921875">
        <ele>277.600006103515625</ele>
        <time>2026-07-18T21:09:55.000Z</time>
        <extensions>
          <ns3:TrackPointExtension>
            <ns3:atemp>29.0</ns3:atemp>
            <ns3:hr>66</ns3:hr>
          </ns3:TrackPointExtension>
        </extensions>
      </trkpt>
      <trkpt lat="46.8028266727924346923828125" lon="-122.4110089056193828582763671875">
        <ele>277.399993896484375</ele>
        <time>2026-07-18T21:09:59.000Z</time>
        <extensions>
          <ns3:TrackPointExtension>
            <ns3:atemp>29.0</ns3:atemp>
            <ns3:hr>63</ns3:hr>
          </ns3:TrackPointExtension>
        </extensions>
      </trkpt>
      <trkpt lat="46.8028454482555389404296875" lon="-122.41100429557263851165771484375">
        <ele>277.600006103515625</ele>
        <time>2026-07-18T21:10:03.000Z</time>
        <extensions>
          <ns3:TrackPointExtension>
            <ns3:atemp>29.0</ns3:atemp>
            <ns3:hr>62</ns3:hr>
          </ns3:TrackPointExtension>
        </extensions>
      </trkpt>
      <trkpt lat="46.8028454482555389404296875" lon="-122.41100429557263851165771484375">
        <ele>278</ele>
        <time>2026-07-18T21:10:08.000Z</time>
        <extensions>
          <ns3:TrackPointExtension>
            <ns3:atemp>29.0</ns3:atemp>
            <ns3:hr>59</ns3:hr>
          </ns3:TrackPointExtension>
        </extensions>
      </trkpt>
      <trkpt lat="46.80288207717239856719970703125" lon="-122.41093506105244159698486328125">
        <ele>277.600006103515625</ele>
        <time>2026-07-18T21:10:18.000Z</time>
        <extensions>
          <ns3:TrackPointExtension>
            <ns3:atemp>30.0</ns3:atemp>
            <ns3:hr>58</ns3:hr>
          </ns3:TrackPointExtension>
        </extensions>
      </trkpt>
      <trkpt lat="46.80297494865953922271728515625" lon="-122.4107537604868412017822265625">
        <ele>277.600006103515625</ele>
        <time>2026-07-18T21:10:28.000Z</time>
        <extensions>
          <ns3:TrackPointExtension>
            <ns3:atemp>30.0</ns3:atemp>
            <ns3:hr>59</ns3:hr>
          </ns3:TrackPointExtension>
        </extensions>
      </trkpt>
      <trkpt lat="46.8029968254268169403076171875" lon="-122.4107497371733188629150390625">
        <ele>277.399993896484375</ele>
        <time>2026-07-18T21:10:30.000Z</time>
        <extensions>
          <ns3:TrackPointExtension>
            <ns3:atemp>30.0</ns3:atemp>
            <ns3:hr>59</ns3:hr>
          </ns3:TrackPointExtension>
        </extensions>
      </trkpt>
      <trkpt lat="46.80301719345152378082275390625" lon="-122.41071746684610843658447265625">
        <ele>277.399993896484375</ele>
        <time>2026-07-18T21:10:34.000Z</time>
        <extensions>
          <ns3:TrackPointExtension>
            <ns3:atemp>30.0</ns3:atemp>
            <ns3:hr>58</ns3:hr>
          </ns3:TrackPointExtension>
        </extensions>
      </trkpt>
      <trkpt lat="46.80301032029092311859130859375" lon="-122.41062778048217296600341796875">
        <ele>277.600006103515625</ele>
        <time>2026-07-18T21:10:40.000Z</time>
        <extensions>
          <ns3:TrackPointExtension>
            <ns3:atemp>30.0</ns3:atemp>
            <ns3:hr>56</ns3:hr>
          </ns3:TrackPointExtension>
        </extensions>
      </trkpt>
      <trkpt lat="46.80299975909292697906494140625" lon="-122.41062174551188945770263671875">
        <ele>277.600006103515625</ele>
        <time>2026-07-18T21:10:41.000Z</time>
        <extensions>
          <ns3:TrackPointExtension>
            <ns3:atemp>30.0</ns3:atemp>
            <ns3:hr>56</ns3:hr>
          </ns3:TrackPointExtension>
        </extensions>
      </trkpt>
      <trkpt lat="46.803000681102275848388671875" lon="-122.41060146130621433258056640625">
        <ele>277.600006103515625</ele>
        <time>2026-07-18T21:10:43.000Z</time>
        <extensions>
          <ns3:TrackPointExtension>
            <ns3:atemp>30.0</ns3:atemp>
            <ns3:hr>56</ns3:hr>
          </ns3:TrackPointExtension>
        </extensions>
      </trkpt>
      <trkpt lat="46.8030068837106227874755859375" lon="-122.41058419458568096160888671875">
        <ele>277.600006103515625</ele>
        <time>2026-07-18T21:10:45.000Z</time>
        <extensions>
          <ns3:TrackPointExtension>
            <ns3:atemp>30.0</ns3:atemp>
            <ns3:hr>55</ns3:hr>
          </ns3:TrackPointExtension>
        </extensions>
      </trkpt>
      <trkpt lat="46.8030092306435108184814453125" lon="-122.4105763994157314300537109375">
        <ele>277.79998779296875</ele>
        <time>2026-07-18T21:10:46.000Z</time>
        <extensions>
          <ns3:TrackPointExtension>
            <ns3:atemp>30.0</ns3:atemp>
            <ns3:hr>55</ns3:hr>
          </ns3:TrackPointExtension>
        </extensions>
      </trkpt>
      <trkpt lat="46.80300931446254253387451171875" lon="-122.41057346574962139129638671875">
        <ele>277.79998779296875</ele>
        <time>2026-07-18T21:10:47.000Z</time>
        <extensions>
          <ns3:TrackPointExtension>
            <ns3:atemp>30.0</ns3:atemp>
            <ns3:hr>55</ns3:hr>
          </ns3:TrackPointExtension>
        </extensions>
      </trkpt>
      <trkpt lat="46.8030088953673839569091796875" lon="-122.410605736076831817626953125">
        <ele>277.600006103515625</ele>
        <time>2026-07-18T21:10:51.000Z</time>
        <extensions>
          <ns3:TrackPointExtension>
            <ns3:atemp>30.0</ns3:atemp>
            <ns3:hr>55</ns3:hr>
          </ns3:TrackPointExtension>
        </extensions>
      </trkpt>
      <trkpt lat="46.8030323646962642669677734375" lon="-122.41058553569018840789794921875">
        <ele>278</ele>
        <time>2026-07-18T21:11:00.000Z</time>
        <extensions>
          <ns3:TrackPointExtension>
            <ns3:atemp>30.0</ns3:atemp>
            <ns3:hr>55</ns3:hr>
          </ns3:TrackPointExtension>
        </extensions>
      </trkpt>
      <trkpt lat="46.8029710091650485992431640625" lon="-122.41053231060504913330078125">
        <ele>278.600006103515625</ele>
        <time>2026-07-18T21:11:22.000Z</time>
        <extensions>
          <ns3:TrackPointExtension>
            <ns3:atemp>30.0</ns3:atemp>
            <ns3:hr>54</ns3:hr>
          </ns3:TrackPointExtension>
        </extensions>
      </trkpt>
      <trkpt lat="46.80292247794568538665771484375" lon="-122.41049903444945812225341796875">
        <ele>278.399993896484375</ele>
        <time>2026-07-18T21:11:25.000Z</time>
        <extensions>
          <ns3:TrackPointExtension>
            <ns3:atemp>30.0</ns3:atemp>
            <ns3:hr>55</ns3:hr>
          </ns3:TrackPointExtension>
        </extensions>
      </trkpt>
      <trkpt lat="46.80289817042648792266845703125" lon="-122.41044647991657257080078125">
        <ele>278.600006103515625</ele>
        <time>2026-07-18T21:11:29.000Z</time>
        <extensions>
          <ns3:TrackPointExtension>
            <ns3:atemp>30.0</ns3:atemp>
            <ns3:hr>54</ns3:hr>
          </ns3:TrackPointExtension>
        </extensions>
      </trkpt>
      <trkpt lat="46.8028969131410121917724609375" lon="-122.41041588596999645233154296875">
        <ele>278.600006103515625</ele>
        <time>2026-07-18T21:11:31.000Z</time>
        <extensions>
          <ns3:TrackPointExtension>
            <ns3:atemp>30.0</ns3:atemp>
            <ns3:hr>53</ns3:hr>
          </ns3:TrackPointExtension>
        </extensions>
      </trkpt>
      <trkpt lat="46.80287688039243221282958984375" lon="-122.4103594757616519927978515625">
        <ele>278.399993896484375</ele>
        <time>2026-07-18T21:11:35.000Z</time>
        <extensions>
          <ns3:TrackPointExtension>
            <ns3:atemp>30.0</ns3:atemp>
            <ns3:hr>56</ns3:hr>
          </ns3:TrackPointExtension>
        </extensions>
      </trkpt>
      <trkpt lat="46.80286145769059658050537109375" lon="-122.4103618226945400238037109375">
        <ele>278.399993896484375</ele>
        <time>2026-07-18T21:11:36.000Z</time>
        <extensions>
          <ns3:TrackPointExtension>
            <ns3:atemp>30.0</ns3:atemp>
            <ns3:hr>56</ns3:hr>
          </ns3:TrackPointExtension>
        </extensions>
      </trkpt>
      <trkpt lat="46.80285776965320110321044921875" lon="-122.41036039777100086212158203125">
        <ele>278.399993896484375</ele>
        <time>2026-07-18T21:11:37.000Z</time>
        <extensions>
          <ns3:TrackPointExtension>
            <ns3:atemp>30.0</ns3:atemp>
            <ns3:hr>57</ns3:hr>
          </ns3:TrackPointExtension>
        </extensions>
      </trkpt>
      <trkpt lat="46.80285952985286712646484375" lon="-122.410368360579013824462890625">
        <ele>277.399993896484375</ele>
        <time>2026-07-18T21:11:45.000Z</time>
        <extensions>
          <ns3:TrackPointExtension>
            <ns3:atemp>30.0</ns3:atemp>
            <ns3:hr>56</ns3:hr>
          </ns3:TrackPointExtension>
        </extensions>
      </trkpt>
      <trkpt lat="46.80285508744418621063232421875" lon="-122.4103078432381153106689453125">
        <ele>277.600006103515625</ele>
        <time>2026-07-18T21:11:52.000Z</time>
        <extensions>
          <ns3:TrackPointExtension>
            <ns3:atemp>30.0</ns3:atemp>
            <ns3:hr>55</ns3:hr>
          </ns3:TrackPointExtension>
        </extensions>
      </trkpt>
      <trkpt lat="46.80280915461480617523193359375" lon="-122.41026677191257476806640625">
        <ele>278</ele>
        <time>2026-07-18T21:11:57.000Z</time>
        <extensions>
          <ns3:TrackPointExtension>
            <ns3:atemp>30.0</ns3:atemp>
            <ns3:hr>55</ns3:hr>
          </ns3:TrackPointExtension>
        </extensions>
      </trkpt>
      <trkpt lat="46.80278803221881389617919921875" lon="-122.41020248271524906158447265625">
        <ele>278</ele>
        <time>2026-07-18T21:12:03.000Z</time>
        <extensions>
          <ns3:TrackPointExtension>
            <ns3:atemp>29.0</ns3:atemp>
            <ns3:hr>56</ns3:hr>
          </ns3:TrackPointExtension>
        </extensions>
      </trkpt>
      <trkpt lat="46.802739836275577545166015625" lon="-122.41014079190790653228759765625">
        <ele>277.79998779296875</ele>
        <time>2026-07-18T21:12:08.000Z</time>
        <extensions>
          <ns3:TrackPointExtension>
            <ns3:atemp>29.0</ns3:atemp>
            <ns3:hr>59</ns3:hr>
          </ns3:TrackPointExtension>
        </extensions>
      </trkpt>
      <trkpt lat="46.8027286045253276824951171875" lon="-122.41012101061642169952392578125">
        <ele>277.79998779296875</ele>
        <time>2026-07-18T21:12:10.000Z</time>
        <extensions>
          <ns3:TrackPointExtension>
            <ns3:atemp>29.0</ns3:atemp>
            <ns3:hr>58</ns3:hr>
          </ns3:TrackPointExtension>
        </extensions>
      </trkpt>
      <trkpt lat="46.80273078382015228271484375" lon="-122.410102821886539459228515625">
        <ele>277.79998779296875</ele>
        <time>2026-07-18T21:12:11.000Z</time>
        <extensions>
          <ns3:TrackPointExtension>
            <ns3:atemp>29.0</ns3:atemp>
            <ns3:hr>59</ns3:hr>
          </ns3:TrackPointExtension>
        </extensions>
      </trkpt>
      <trkpt lat="46.80272835306823253631591796875" lon="-122.4100754968822002410888671875">
        <ele>277.79998779296875</ele>
        <time>2026-07-18T21:12:13.000Z</time>
        <extensions>
          <ns3:TrackPointExtension>
            <ns3:atemp>29.0</ns3:atemp>
            <ns3:hr>60</ns3:hr>
          </ns3:TrackPointExtension>
        </extensions>
      </trkpt>
      <trkpt lat="46.80272231809794902801513671875" lon="-122.41006518714129924774169921875">
        <ele>278</ele>
        <time>2026-07-18T21:12:14.000Z</time>
        <extensions>
          <ns3:TrackPointExtension>
            <ns3:atemp>29.0</ns3:atemp>
            <ns3:hr>61</ns3:hr>
          </ns3:TrackPointExtension>
        </extensions>
      </trkpt>
      <trkpt lat="46.80271041579544544219970703125" lon="-122.41003610193729400634765625">
        <ele>278</ele>
        <time>2026-07-18T21:12:17.000Z</time>
        <extensions>
          <ns3:TrackPointExtension>
            <ns3:atemp>29.0</ns3:atemp>
            <ns3:hr>65</ns3:hr>
          </ns3:TrackPointExtension>
        </extensions>
      </trkpt>
      <trkpt lat="46.80268518626689910888671875" lon="-122.41001824848353862762451171875">
        <ele>278.20001220703125</ele>
        <time>2026-07-18T21:12:20.000Z</time>
        <extensions>
          <ns3:TrackPointExtension>
            <ns3:atemp>29.0</ns3:atemp>
            <ns3:hr>66</ns3:hr>
          </ns3:TrackPointExtension>
        </extensions>
      </trkpt>
      <trkpt lat="46.80267269723117351531982421875" lon="-122.41000215522944927215576171875">
        <ele>278.20001220703125</ele>
        <time>2026-07-18T21:12:23.000Z</time>
        <extensions>
          <ns3:TrackPointExtension>
            <ns3:atemp>29.0</ns3:atemp>
            <ns3:hr>69</ns3:hr>
          </ns3:TrackPointExtension>
        </extensions>
      </trkpt>
      <trkpt lat="46.80266733281314373016357421875" lon="-122.41000257432460784912109375">
        <ele>278.20001220703125</ele>
        <time>2026-07-18T21:12:24.000Z</time>
        <extensions>
          <ns3:TrackPointExtension>
            <ns3:atemp>29.0</ns3:atemp>
            <ns3:hr>65</ns3:hr>
          </ns3:TrackPointExtension>
        </extensions>
      </trkpt>
      <trkpt lat="46.80269993841648101806640625" lon="-122.40999578498303890228271484375">
        <ele>277.79998779296875</ele>
        <time>2026-07-18T21:12:28.000Z</time>
        <extensions>
          <ns3:TrackPointExtension>
            <ns3:atemp>29.0</ns3:atemp>
            <ns3:hr>63</ns3:hr>
          </ns3:TrackPointExtension>
        </extensions>
      </trkpt>
      <trkpt lat="46.80269717238843441009521484375" lon="-122.40991766564548015594482421875">
        <ele>277.79998779296875</ele>
        <time>2026-07-18T21:12:35.000Z</time>
        <extensions>
          <ns3:TrackPointExtension>
            <ns3:atemp>29.0</ns3:atemp>
            <ns3:hr>63</ns3:hr>
          </ns3:TrackPointExtension>
        </extensions>
      </trkpt>
      <trkpt lat="46.80263799615204334259033203125" lon="-122.40986519493162631988525390625">
        <ele>277.79998779296875</ele>
        <time>2026-07-18T21:12:44.000Z</time>
        <extensions>
          <ns3:TrackPointExtension>
            <ns3:atemp>29.0</ns3:atemp>
            <ns3:hr>62</ns3:hr>
          </ns3:TrackPointExtension>
        </extensions>
      </trkpt>
      <trkpt lat="46.80259935557842254638671875" lon="-122.40979545749723911285400390625">
        <ele>277.79998779296875</ele>
        <time>2026-07-18T21:12:53.000Z</time>
        <extensions>
          <ns3:TrackPointExtension>
            <ns3:atemp>29.0</ns3:atemp>
            <ns3:hr>61</ns3:hr>
          </ns3:TrackPointExtension>
        </extensions>
      </trkpt>
      <trkpt lat="46.8025126866996288299560546875" lon="-122.40979227237403392791748046875">
        <ele>277.600006103515625</ele>
        <time>2026-07-18T21:13:00.000Z</time>
        <extensions>
          <ns3:TrackPointExtension>
            <ns3:atemp>29.0</ns3:atemp>
            <ns3:hr>60</ns3:hr>
          </ns3:TrackPointExtension>
        </extensions>
      </trkpt>
      <trkpt lat="46.8024945817887783050537109375" lon="-122.40979411639273166656494140625">
        <ele>277.399993896484375</ele>
        <time>2026-07-18T21:13:01.000Z</time>
        <extensions>
          <ns3:TrackPointExtension>
            <ns3:atemp>29.0</ns3:atemp>
            <ns3:hr>59</ns3:hr>
          </ns3:TrackPointExtension>
        </extensions>
      </trkpt>
      <trkpt lat="46.80248410440981388092041015625" lon="-122.4098035879433155059814453125">
        <ele>277.399993896484375</ele>
        <time>2026-07-18T21:13:03.000Z</time>
        <extensions>
          <ns3:TrackPointExtension>
            <ns3:atemp>29.0</ns3:atemp>
            <ns3:hr>59</ns3:hr>
          </ns3:TrackPointExtension>
        </extensions>
      </trkpt>
      <trkpt lat="46.80244370363652706146240234375" lon="-122.4098289012908935546875">
        <ele>277.600006103515625</ele>
        <time>2026-07-18T21:13:05.000Z</time>
        <extensions>
          <ns3:TrackPointExtension>
            <ns3:atemp>29.0</ns3:atemp>
            <ns3:hr>59</ns3:hr>
          </ns3:TrackPointExtension>
        </extensions>
      </trkpt>
      <trkpt lat="46.8024297058582305908203125" lon="-122.40984608419239521026611328125">
        <ele>277.79998779296875</ele>
        <time>2026-07-18T21:13:09.000Z</time>
        <extensions>
          <ns3:TrackPointExtension>
            <ns3:atemp>29.0</ns3:atemp>
            <ns3:hr>59</ns3:hr>
          </ns3:TrackPointExtension>
        </extensions>
      </trkpt>
      <trkpt lat="46.80238435976207256317138671875" lon="-122.40973477251827716827392578125">
        <ele>277.399993896484375</ele>
        <time>2026-07-18T21:13:17.000Z</time>
        <extensions>
          <ns3:TrackPointExtension>
            <ns3:atemp>29.0</ns3:atemp>
            <ns3:hr>61</ns3:hr>
          </ns3:TrackPointExtension>
        </extensions>
      </trkpt>
      <trkpt lat="46.80234647355973720550537109375" lon="-122.40969805978238582611083984375">
        <ele>277.600006103515625</ele>
        <time>2026-07-18T21:13:27.000Z</time>
        <extensions>
          <ns3:TrackPointExtension>
            <ns3:atemp>29.0</ns3:atemp>
            <ns3:hr>61</ns3:hr>
          </ns3:TrackPointExtension>
        </extensions>
      </trkpt>
      <trkpt lat="46.8023447133600711822509765625" lon="-122.4097435735166072845458984375">
        <ele>277.600006103515625</ele>
        <time>2026-07-18T21:13:31.000Z</time>
        <extensions>
          <ns3:TrackPointExtension>
            <ns3:atemp>29.0</ns3:atemp>
            <ns3:hr>58</ns3:hr>
          </ns3:TrackPointExtension>
        </extensions>
      </trkpt>
      <trkpt lat="46.80236927233636379241943359375" lon="-122.40975790657103061676025390625">
        <ele>277.79998779296875</ele>
        <time>2026-07-18T21:13:36.000Z</time>
        <extensions>
          <ns3:TrackPointExtension>
            <ns3:atemp>29.0</ns3:atemp>
            <ns3:hr>56</ns3:hr>
          </ns3:TrackPointExtension>
        </extensions>
      </trkpt>
      <trkpt lat="46.80239173583686351776123046875" lon="-122.409818172454833984375">
        <ele>277.399993896484375</ele>
        <time>2026-07-18T21:13:42.000Z</time>
        <extensions>
          <ns3:TrackPointExtension>
            <ns3:atemp>29.0</ns3:atemp>
            <ns3:hr>56</ns3:hr>
          </ns3:TrackPointExtension>
        </extensions>
      </trkpt>
      <trkpt lat="46.80233591236174106597900390625" lon="-122.40981155075132846832275390625">
        <ele>277</ele>
        <time>2026-07-18T21:13:49.000Z</time>
        <extensions>
          <ns3:TrackPointExtension>
            <ns3:atemp>29.0</ns3:atemp>
            <ns3:hr>55</ns3:hr>
          </ns3:TrackPointExtension>
        </extensions>
      </trkpt>
      <trkpt lat="46.80233742110431194305419921875" lon="-122.40978531539440155029296875">
        <ele>277</ele>
        <time>2026-07-18T21:13:57.000Z</time>
        <extensions>
          <ns3:TrackPointExtension>
            <ns3:atemp>29.0</ns3:atemp>
            <ns3:hr>52</ns3:hr>
          </ns3:TrackPointExtension>
        </extensions>
      </trkpt>
      <trkpt lat="46.8023359961807727813720703125" lon="-122.4097864888608455657958984375">
        <ele>276.79998779296875</ele>
        <time>2026-07-18T21:14:10.000Z</time>
        <extensions>
          <ns3:TrackPointExtension>
            <ns3:atemp>29.0</ns3:atemp>
            <ns3:hr>52</ns3:hr>
          </ns3:TrackPointExtension>
        </extensions>
      </trkpt>
      <trkpt lat="46.80233356542885303497314453125" lon="-122.40978808142244815826416015625">
        <ele>276.79998779296875</ele>
        <time>2026-07-18T21:14:12.000Z</time>
        <extensions>
          <ns3:TrackPointExtension>
            <ns3:atemp>29.0</ns3:atemp>
            <ns3:hr>49</ns3:hr>
          </ns3:TrackPointExtension>
        </extensions>
      </trkpt>
      <trkpt lat="46.80232711136341094970703125" lon="-122.409788332879543304443359375">
        <ele>276.79998779296875</ele>
        <time>2026-07-18T21:14:14.000Z</time>
        <extensions>
          <ns3:TrackPointExtension>
            <ns3:atemp>29.0</ns3:atemp>
            <ns3:hr>52</ns3:hr>
          </ns3:TrackPointExtension>
        </extensions>
      </trkpt>
      <trkpt lat="46.802302300930023193359375" lon="-122.40980182774364948272705078125">
        <ele>277</ele>
        <time>2026-07-18T21:14:17.000Z</time>
        <extensions>
          <ns3:TrackPointExtension>
            <ns3:atemp>29.0</ns3:atemp>
            <ns3:hr>51</ns3:hr>
          </ns3:TrackPointExtension>
        </extensions>
      </trkpt>
      <trkpt lat="46.8022488243877887725830078125" lon="-122.409811131656169891357421875">
        <ele>276.399993896484375</ele>
        <time>2026-07-18T21:14:25.000Z</time>
        <extensions>
          <ns3:TrackPointExtension>
            <ns3:atemp>29.0</ns3:atemp>
            <ns3:hr>51</ns3:hr>
          </ns3:TrackPointExtension>
        </extensions>
      </trkpt>
      <trkpt lat="46.8022541888058185577392578125" lon="-122.40981054492294788360595703125">
        <ele>276.399993896484375</ele>
        <time>2026-07-18T21:14:26.000Z</time>
        <extensions>
          <ns3:TrackPointExtension>
            <ns3:atemp>29.0</ns3:atemp>
            <ns3:hr>51</ns3:hr>
          </ns3:TrackPointExtension>
        </extensions>
      </trkpt>
      <trkpt lat="46.80225527845323085784912109375" lon="-122.40982127375900745391845703125">
        <ele>275.79998779296875</ele>
        <time>2026-07-18T21:14:33.000Z</time>
        <extensions>
          <ns3:TrackPointExtension>
            <ns3:atemp>29.0</ns3:atemp>
            <ns3:hr>52</ns3:hr>
          </ns3:TrackPointExtension>
        </extensions>
      </trkpt>
      <trkpt lat="46.802250333130359649658203125" lon="-122.4098294042050838470458984375">
        <ele>275.79998779296875</ele>
        <time>2026-07-18T21:14:34.000Z</time>
        <extensions>
          <ns3:TrackPointExtension>
            <ns3:atemp>29.0</ns3:atemp>
            <ns3:hr>51</ns3:hr>
          </ns3:TrackPointExtension>
        </extensions>
      </trkpt>
      <trkpt lat="46.8022595532238483428955078125" lon="-122.409827895462512969970703125">
        <ele>275.79998779296875</ele>
        <time>2026-07-18T21:14:38.000Z</time>
        <extensions>
          <ns3:TrackPointExtension>
            <ns3:atemp>29.0</ns3:atemp>
            <ns3:hr>51</ns3:hr>
          </ns3:TrackPointExtension>
        </extensions>
      </trkpt>
      <trkpt lat="46.80225628428161144256591796875" lon="-122.40976712666451930999755859375">
        <ele>276</ele>
        <time>2026-07-18T21:14:44.000Z</time>
        <extensions>
          <ns3:TrackPointExtension>
            <ns3:atemp>29.0</ns3:atemp>
            <ns3:hr>53</ns3:hr>
          </ns3:TrackPointExtension>
        </extensions>
      </trkpt>
      <trkpt lat="46.80228679440915584564208984375" lon="-122.4097127281129360198974609375">
        <ele>276.20001220703125</ele>
        <time>2026-07-18T21:14:52.000Z</time>
        <extensions>
          <ns3:TrackPointExtension>
            <ns3:atemp>29.0</ns3:atemp>
            <ns3:hr>51</ns3:hr>
          </ns3:TrackPointExtension>
        </extensions>
      </trkpt>
      <trkpt lat="46.80219040252268314361572265625" lon="-122.4097050167620182037353515625">
        <ele>276.399993896484375</ele>
        <time>2026-07-18T21:15:01.000Z</time>
        <extensions>
          <ns3:TrackPointExtension>
            <ns3:atemp>29.0</ns3:atemp>
            <ns3:hr>50</ns3:hr>
          </ns3:TrackPointExtension>
        </extensions>
      </trkpt>
      <trkpt lat="46.80219576694071292877197265625" lon="-122.40969755686819553375244140625">
        <ele>276.20001220703125</ele>
        <time>2026-07-18T21:15:04.000Z</time>
        <extensions>
          <ns3:TrackPointExtension>
            <ns3:atemp>29.0</ns3:atemp>
            <ns3:hr>54</ns3:hr>
          </ns3:TrackPointExtension>
        </extensions>
      </trkpt>
      <trkpt lat="46.8022119440138339996337890625" lon="-122.4096889235079288482666015625">
        <ele>276.20001220703125</ele>
        <time>2026-07-18T21:15:06.000Z</time>
        <extensions>
          <ns3:TrackPointExtension>
            <ns3:atemp>29.0</ns3:atemp>
            <ns3:hr>55</ns3:hr>
          </ns3:TrackPointExtension>
        </extensions>
      </trkpt>
      <trkpt lat="46.80221471004188060760498046875" lon="-122.40967207588255405426025390625">
        <ele>276</ele>
        <time>2026-07-18T21:15:08.000Z</time>
        <extensions>
          <ns3:TrackPointExtension>
            <ns3:atemp>28.0</ns3:atemp>
            <ns3:hr>61</ns3:hr>
          </ns3:TrackPointExtension>
        </extensions>
      </trkpt>
      <trkpt lat="46.8022142909467220306396484375" lon="-122.409629411995410919189453125">
        <ele>276</ele>
        <time>2026-07-18T21:15:13.000Z</time>
        <extensions>
          <ns3:TrackPointExtension>
            <ns3:atemp>28.0</ns3:atemp>
            <ns3:hr>60</ns3:hr>
          </ns3:TrackPointExtension>
        </extensions>
      </trkpt>
      <trkpt lat="46.802167184650897979736328125" lon="-122.409553639590740203857421875">
        <ele>275.79998779296875</ele>
        <time>2026-07-18T21:15:22.000Z</time>
        <extensions>
          <ns3:TrackPointExtension>
            <ns3:atemp>28.0</ns3:atemp>
            <ns3:hr>63</ns3:hr>
          </ns3:TrackPointExtension>
        </extensions>
      </trkpt>
      <trkpt lat="46.80213659070432186126708984375" lon="-122.4095055274665355682373046875">
        <ele>276</ele>
        <time>2026-07-18T21:15:27.000Z</time>
        <extensions>
          <ns3:TrackPointExtension>
            <ns3:atemp>28.0</ns3:atemp>
            <ns3:hr>66</ns3:hr>
          </ns3:TrackPointExtension>
        </extensions>
      </trkpt>
      <trkpt lat="46.80213022045791149139404296875" lon="-122.4095011688768863677978515625">
        <ele>276.20001220703125</ele>
        <time>2026-07-18T21:15:28.000Z</time>
        <extensions>
          <ns3:TrackPointExtension>
            <ns3:atemp>28.0</ns3:atemp>
            <ns3:hr>67</ns3:hr>
          </ns3:TrackPointExtension>
        </extensions>
      </trkpt>
      <trkpt lat="46.802122257649898529052734375" lon="-122.4095325171947479248046875">
        <ele>276.20001220703125</ele>
        <time>2026-07-18T21:15:32.000Z</time>
        <extensions>
          <ns3:TrackPointExtension>
            <ns3:atemp>28.0</ns3:atemp>
            <ns3:hr>70</ns3:hr>
          </ns3:TrackPointExtension>
        </extensions>
      </trkpt>
      <trkpt lat="46.80210825987160205841064453125" lon="-122.40953260101377964019775390625">
        <ele>276</ele>
        <time>2026-07-18T21:15:35.000Z</time>
        <extensions>
          <ns3:TrackPointExtension>
            <ns3:atemp>28.0</ns3:atemp>
            <ns3:hr>70</ns3:hr>
          </ns3:TrackPointExtension>
        </extensions>
      </trkpt>
      <trkpt lat="46.80208194069564342498779296875" lon="-122.40958473645150661468505859375">
        <ele>276</ele>
        <time>2026-07-18T21:15:38.000Z</time>
        <extensions>
          <ns3:TrackPointExtension>
            <ns3:atemp>28.0</ns3:atemp>
            <ns3:hr>67</ns3:hr>
          </ns3:TrackPointExtension>
        </extensions>
      </trkpt>
      <trkpt lat="46.8021239340305328369140625" lon="-122.40961658768355846405029296875">
        <ele>276</ele>
        <time>2026-07-18T21:15:41.000Z</time>
        <extensions>
          <ns3:TrackPointExtension>
            <ns3:atemp>28.0</ns3:atemp>
            <ns3:hr>64</ns3:hr>
          </ns3:TrackPointExtension>
        </extensions>
      </trkpt>
      <trkpt lat="46.8021458946168422698974609375" lon="-122.40963905118405818939208984375">
        <ele>276</ele>
        <time>2026-07-18T21:15:43.000Z</time>
        <extensions>
          <ns3:TrackPointExtension>
            <ns3:atemp>28.0</ns3:atemp>
            <ns3:hr>64</ns3:hr>
          </ns3:TrackPointExtension>
        </extensions>
      </trkpt>
      <trkpt lat="46.80217799730598926544189453125" lon="-122.4096344411373138427734375">
        <ele>276</ele>
        <time>2026-07-18T21:15:45.000Z</time>
        <extensions>
          <ns3:TrackPointExtension>
            <ns3:atemp>28.0</ns3:atemp>
            <ns3:hr>64</ns3:hr>
          </ns3:TrackPointExtension>
        </extensions>
      </trkpt>
      <trkpt lat="46.80220347829163074493408203125" lon="-122.409561686217784881591796875">
        <ele>276</ele>
        <time>2026-07-18T21:15:49.000Z</time>
        <extensions>
          <ns3:TrackPointExtension>
            <ns3:atemp>28.0</ns3:atemp>
            <ns3:hr>65</ns3:hr>
          </ns3:TrackPointExtension>
        </extensions>
      </trkpt>
      <trkpt lat="46.80219392292201519012451171875" lon="-122.40954198874533176422119140625">
        <ele>276</ele>
        <time>2026-07-18T21:15:50.000Z</time>
        <extensions>
          <ns3:TrackPointExtension>
            <ns3:atemp>28.0</ns3:atemp>
            <ns3:hr>69</ns3:hr>
          </ns3:TrackPointExtension>
        </extensions>
      </trkpt>
      <trkpt lat="46.8021998740732669830322265625" lon="-122.4095303378999233245849609375">
        <ele>276</ele>
        <time>2026-07-18T21:15:51.000Z</time>
        <extensions>
          <ns3:TrackPointExtension>
            <ns3:atemp>28.0</ns3:atemp>
            <ns3:hr>73</ns3:hr>
          </ns3:TrackPointExtension>
        </extensions>
      </trkpt>
      <trkpt lat="46.8022151291370391845703125" lon="-122.409540228545665740966796875">
        <ele>276</ele>
        <time>2026-07-18T21:15:53.000Z</time>
        <extensions>
          <ns3:TrackPointExtension>
            <ns3:atemp>28.0</ns3:atemp>
            <ns3:hr>77</ns3:hr>
          </ns3:TrackPointExtension>
        </extensions>
      </trkpt>
      <trkpt lat="46.80222778581082820892333984375" lon="-122.4095447547733783721923828125">
        <ele>276</ele>
        <time>2026-07-18T21:15:55.000Z</time>
        <extensions>
          <ns3:TrackPointExtension>
            <ns3:atemp>28.0</ns3:atemp>
            <ns3:hr>79</ns3:hr>
          </ns3:TrackPointExtension>
        </extensions>
      </trkpt>
      <trkpt lat="46.8022320605814456939697265625" lon="-122.40953930653631687164306640625">
        <ele>276</ele>
        <time>2026-07-18T21:15:56.000Z</time>
        <extensions>
          <ns3:TrackPointExtension>
            <ns3:atemp>28.0</ns3:atemp>
            <ns3:hr>79</ns3:hr>
          </ns3:TrackPointExtension>
        </extensions>
      </trkpt>
      <trkpt lat="46.8022407777607440948486328125" lon="-122.40954659879207611083984375">
        <ele>276</ele>
        <time>2026-07-18T21:15:58.000Z</time>
        <extensions>
          <ns3:TrackPointExtension>
            <ns3:atemp>28.0</ns3:atemp>
            <ns3:hr>75</ns3:hr>
          </ns3:TrackPointExtension>
        </extensions>
      </trkpt>
      <trkpt lat="46.8022464774549007415771484375" lon="-122.4095410667359828948974609375">
        <ele>276</ele>
        <time>2026-07-18T21:15:59.000Z</time>
        <extensions>
          <ns3:TrackPointExtension>
            <ns3:atemp>28.0</ns3:atemp>
            <ns3:hr>74</ns3:hr>
          </ns3:TrackPointExtension>
        </extensions>
      </trkpt>
      <trkpt lat="46.80225829593837261199951171875" lon="-122.40953260101377964019775390625">
        <ele>276</ele>
        <time>2026-07-18T21:16:00.000Z</time>
        <extensions>
          <ns3:TrackPointExtension>
            <ns3:atemp>28.0</ns3:atemp>
            <ns3:hr>74</ns3:hr>
          </ns3:TrackPointExtension>
        </extensions>
      </trkpt>
      <trkpt lat="46.80227925069630146026611328125" lon="-122.4094703234732151031494140625">
        <ele>276.399993896484375</ele>
        <time>2026-07-18T21:16:05.000Z</time>
        <extensions>
          <ns3:TrackPointExtension>
            <ns3:atemp>28.0</ns3:atemp>
            <ns3:hr>73</ns3:hr>
          </ns3:TrackPointExtension>
        </extensions>
      </trkpt>
      <trkpt lat="46.80225200951099395751953125" lon="-122.40941609255969524383544921875">
        <ele>276.399993896484375</ele>
        <time>2026-07-18T21:16:07.000Z</time>
        <extensions>
          <ns3:TrackPointExtension>
            <ns3:atemp>28.0</ns3:atemp>
            <ns3:hr>73</ns3:hr>
          </ns3:TrackPointExtension>
        </extensions>
      </trkpt>
      <trkpt lat="46.8022119440138339996337890625" lon="-122.40940469317138195037841796875">
        <ele>276.399993896484375</ele>
        <time>2026-07-18T21:16:08.000Z</time>
        <extensions>
          <ns3:TrackPointExtension>
            <ns3:atemp>28.0</ns3:atemp>
            <ns3:hr>72</ns3:hr>
          </ns3:TrackPointExtension>
        </extensions>
      </trkpt>
      <trkpt lat="46.80220817215740680694580078125" lon="-122.4093462713062763214111328125">
        <ele>276.399993896484375</ele>
        <time>2026-07-18T21:16:12.000Z</time>
        <extensions>
          <ns3:TrackPointExtension>
            <ns3:atemp>28.0</ns3:atemp>
            <ns3:hr>71</ns3:hr>
          </ns3:TrackPointExtension>
        </extensions>
      </trkpt>
      <trkpt lat="46.8022002093493938446044921875" lon="-122.4093278311192989349365234375">
        <ele>276.79998779296875</ele>
        <time>2026-07-18T21:16:15.000Z</time>
        <extensions>
          <ns3:TrackPointExtension>
            <ns3:atemp>28.0</ns3:atemp>
            <ns3:hr>71</ns3:hr>
          </ns3:TrackPointExtension>
        </extensions>
      </trkpt>
      <trkpt lat="46.802173219621181488037109375" lon="-122.4092986620962619781494140625">
        <ele>276.399993896484375</ele>
        <time>2026-07-18T21:16:21.000Z</time>
        <extensions>
          <ns3:TrackPointExtension>
            <ns3:atemp>28.0</ns3:atemp>
            <ns3:hr>70</ns3:hr>
          </ns3:TrackPointExtension>
        </extensions>
      </trkpt>
      <trkpt lat="46.80215469561517238616943359375" lon="-122.40928508341312408447265625">
        <ele>276.399993896484375</ele>
        <time>2026-07-18T21:16:25.000Z</time>
        <extensions>
          <ns3:TrackPointExtension>
            <ns3:atemp>28.0</ns3:atemp>
            <ns3:hr>70</ns3:hr>
          </ns3:TrackPointExtension>
        </extensions>
      </trkpt>
      <trkpt lat="46.80214866064488887786865234375" lon="-122.4092326126992702484130859375">
        <ele>276.20001220703125</ele>
        <time>2026-07-18T21:16:32.000Z</time>
        <extensions>
          <ns3:TrackPointExtension>
            <ns3:atemp>28.0</ns3:atemp>
            <ns3:hr>68</ns3:hr>
          </ns3:TrackPointExtension>
        </extensions>
      </trkpt>
      <trkpt lat="46.80211521685123443603515625" lon="-122.4091149307787418365478515625">
        <ele>276.20001220703125</ele>
        <time>2026-07-18T21:16:39.000Z</time>
        <extensions>
          <ns3:TrackPointExtension>
            <ns3:atemp>28.0</ns3:atemp>
            <ns3:hr>68</ns3:hr>
          </ns3:TrackPointExtension>
        </extensions>
      </trkpt>
      <trkpt lat="46.802131645381450653076171875" lon="-122.4090974964201450347900390625">
        <ele>276.600006103515625</ele>
        <time>2026-07-18T21:16:43.000Z</time>
        <extensions>
          <ns3:TrackPointExtension>
            <ns3:atemp>28.0</ns3:atemp>
            <ns3:hr>69</ns3:hr>
          </ns3:TrackPointExtension>
        </extensions>
      </trkpt>
      <trkpt lat="46.80215486325323581695556640625" lon="-122.40908433683216571807861328125">
        <ele>276.600006103515625</ele>
        <time>2026-07-18T21:16:46.000Z</time>
        <extensions>
          <ns3:TrackPointExtension>
            <ns3:atemp>28.0</ns3:atemp>
            <ns3:hr>69</ns3:hr>
          </ns3:TrackPointExtension>
        </extensions>
      </trkpt>
      <trkpt lat="46.8021546117961406707763671875" lon="-122.4090671539306640625">
        <ele>276.600006103515625</ele>
        <time>2026-07-18T21:16:48.000Z</time>
        <extensions>
          <ns3:TrackPointExtension>
            <ns3:atemp>28.0</ns3:atemp>
            <ns3:hr>69</ns3:hr>
          </ns3:TrackPointExtension>
        </extensions>
      </trkpt>
      <trkpt lat="46.80215117521584033966064453125" lon="-122.40904712118208408355712890625">
        <ele>276.600006103515625</ele>
        <time>2026-07-18T21:16:50.000Z</time>
        <extensions>
          <ns3:TrackPointExtension>
            <ns3:atemp>28.0</ns3:atemp>
            <ns3:hr>69</ns3:hr>
          </ns3:TrackPointExtension>
        </extensions>
      </trkpt>
      <trkpt lat="46.80215368978679180145263671875" lon="-122.40901392884552478790283203125">
        <ele>276.79998779296875</ele>
        <time>2026-07-18T21:16:52.000Z</time>
        <extensions>
          <ns3:TrackPointExtension>
            <ns3:atemp>28.0</ns3:atemp>
            <ns3:hr>70</ns3:hr>
          </ns3:TrackPointExtension>
        </extensions>
      </trkpt>
      <trkpt lat="46.802157796919345855712890625" lon="-122.4089969135820865631103515625">
        <ele>276.79998779296875</ele>
        <time>2026-07-18T21:16:54.000Z</time>
        <extensions>
          <ns3:TrackPointExtension>
            <ns3:atemp>28.0</ns3:atemp>
            <ns3:hr>70</ns3:hr>
          </ns3:TrackPointExtension>
        </extensions>
      </trkpt>
      <trkpt lat="46.80215704254806041717529296875" lon="-122.40898869931697845458984375">
        <ele>276.79998779296875</ele>
        <time>2026-07-18T21:16:55.000Z</time>
        <extensions>
          <ns3:TrackPointExtension>
            <ns3:atemp>28.0</ns3:atemp>
            <ns3:hr>70</ns3:hr>
          </ns3:TrackPointExtension>
        </extensions>
      </trkpt>
      <trkpt lat="46.80216022767126560211181640625" lon="-122.40891921333968639373779296875">
        <ele>276.600006103515625</ele>
        <time>2026-07-18T21:17:01.000Z</time>
        <extensions>
          <ns3:TrackPointExtension>
            <ns3:atemp>28.0</ns3:atemp>
            <ns3:hr>71</ns3:hr>
          </ns3:TrackPointExtension>
        </extensions>
      </trkpt>
      <trkpt lat="46.80215318687260150909423828125" lon="-122.40891627967357635498046875">
        <ele>276.600006103515625</ele>
        <time>2026-07-18T21:17:02.000Z</time>
        <extensions>
          <ns3:TrackPointExtension>
            <ns3:atemp>28.0</ns3:atemp>
            <ns3:hr>71</ns3:hr>
          </ns3:TrackPointExtension>
        </extensions>
      </trkpt>
      <trkpt lat="46.80214648135006427764892578125" lon="-122.408911921083927154541015625">
        <ele>276.600006103515625</ele>
        <time>2026-07-18T21:17:03.000Z</time>
        <extensions>
          <ns3:TrackPointExtension>
            <ns3:atemp>28.0</ns3:atemp>
            <ns3:hr>71</ns3:hr>
          </ns3:TrackPointExtension>
        </extensions>
      </trkpt>
      <trkpt lat="46.80214078165590763092041015625" lon="-122.40886255167424678802490234375">
        <ele>276</ele>
        <time>2026-07-18T21:17:09.000Z</time>
        <extensions>
          <ns3:TrackPointExtension>
            <ns3:atemp>28.0</ns3:atemp>
            <ns3:hr>72</ns3:hr>
          </ns3:TrackPointExtension>
        </extensions>
      </trkpt>
      <trkpt lat="46.80214799009263515472412109375" lon="-122.408868335187435150146484375">
        <ele>276</ele>
        <time>2026-07-18T21:17:10.000Z</time>
        <extensions>
          <ns3:TrackPointExtension>
            <ns3:atemp>28.0</ns3:atemp>
            <ns3:hr>72</ns3:hr>
          </ns3:TrackPointExtension>
        </extensions>
      </trkpt>
      <trkpt lat="46.8021465651690959930419921875" lon="-122.40887260995805263519287109375">
        <ele>276.20001220703125</ele>
        <time>2026-07-18T21:17:11.000Z</time>
        <extensions>
          <ns3:TrackPointExtension>
            <ns3:atemp>28.0</ns3:atemp>
            <ns3:hr>71</ns3:hr>
          </ns3:TrackPointExtension>
        </extensions>
      </trkpt>
      <trkpt lat="46.80213558487594127655029296875" lon="-122.4088467098772525787353515625">
        <ele>276.20001220703125</ele>
        <time>2026-07-18T21:17:15.000Z</time>
        <extensions>
          <ns3:TrackPointExtension>
            <ns3:atemp>28.0</ns3:atemp>
            <ns3:hr>72</ns3:hr>
          </ns3:TrackPointExtension>
        </extensions>
      </trkpt>
      <trkpt lat="46.80213290266692638397216796875" lon="-122.408816702663898468017578125">
        <ele>276</ele>
        <time>2026-07-18T21:17:17.000Z</time>
        <extensions>
          <ns3:TrackPointExtension>
            <ns3:atemp>28.0</ns3:atemp>
            <ns3:hr>72</ns3:hr>
          </ns3:TrackPointExtension>
        </extensions>
      </trkpt>
      <trkpt lat="46.80213072337210178375244140625" lon="-122.40880765020847320556640625">
        <ele>275.79998779296875</ele>
        <time>2026-07-18T21:17:18.000Z</time>
        <extensions>
          <ns3:TrackPointExtension>
            <ns3:atemp>28.0</ns3:atemp>
            <ns3:hr>71</ns3:hr>
          </ns3:TrackPointExtension>
        </extensions>
      </trkpt>
      <trkpt lat="46.8021291308104991912841796875" lon="-122.408803291618824005126953125">
        <ele>275.600006103515625</ele>
        <time>2026-07-18T21:17:19.000Z</time>
        <extensions>
          <ns3:TrackPointExtension>
            <ns3:atemp>28.0</ns3:atemp>
            <ns3:hr>71</ns3:hr>
          </ns3:TrackPointExtension>
        </extensions>
      </trkpt>
      <trkpt lat="46.8021368421614170074462890625" lon="-122.40878275595605373382568359375">
        <ele>275.600006103515625</ele>
        <time>2026-07-18T21:17:21.000Z</time>
        <extensions>
          <ns3:TrackPointExtension>
            <ns3:atemp>28.0</ns3:atemp>
            <ns3:hr>72</ns3:hr>
          </ns3:TrackPointExtension>
        </extensions>
      </trkpt>
      <trkpt lat="46.80215737782418727874755859375" lon="-122.40876984782516956329345703125">
        <ele>275.399993896484375</ele>
        <time>2026-07-18T21:17:25.000Z</time>
        <extensions>
          <ns3:TrackPointExtension>
            <ns3:atemp>28.0</ns3:atemp>
            <ns3:hr>71</ns3:hr>
          </ns3:TrackPointExtension>
        </extensions>
      </trkpt>
      <trkpt lat="46.80216643027961254119873046875" lon="-122.40875241346657276153564453125">
        <ele>275.79998779296875</ele>
        <time>2026-07-18T21:17:27.000Z</time>
        <extensions>
          <ns3:TrackPointExtension>
            <ns3:atemp>28.0</ns3:atemp>
            <ns3:hr>71</ns3:hr>
          </ns3:TrackPointExtension>
        </extensions>
      </trkpt>
      <trkpt lat="46.80217280052602291107177734375" lon="-122.40872257389128208160400390625">
        <ele>275.79998779296875</ele>
        <time>2026-07-18T21:17:29.000Z</time>
        <extensions>
          <ns3:TrackPointExtension>
            <ns3:atemp>28.0</ns3:atemp>
            <ns3:hr>72</ns3:hr>
          </ns3:TrackPointExtension>
        </extensions>
      </trkpt>
      <trkpt lat="46.80217212997376918792724609375" lon="-122.40868351422250270843505859375">
        <ele>275.600006103515625</ele>
        <time>2026-07-18T21:17:34.000Z</time>
        <extensions>
          <ns3:TrackPointExtension>
            <ns3:atemp>28.0</ns3:atemp>
            <ns3:hr>74</ns3:hr>
          </ns3:TrackPointExtension>
        </extensions>
      </trkpt>
      <trkpt lat="46.80216676555573940277099609375" lon="-122.40866222418844699859619140625">
        <ele>275.79998779296875</ele>
        <time>2026-07-18T21:17:37.000Z</time>
        <extensions>
          <ns3:TrackPointExtension>
            <ns3:atemp>28.0</ns3:atemp>
            <ns3:hr>77</ns3:hr>
          </ns3:TrackPointExtension>
        </extensions>
      </trkpt>
      <trkpt lat="46.80216525681316852569580078125" lon="-122.40861729718744754791259765625">
        <ele>276</ele>
        <time>2026-07-18T21:17:40.000Z</time>
        <extensions>
          <ns3:TrackPointExtension>
            <ns3:atemp>28.0</ns3:atemp>
            <ns3:hr>80</ns3:hr>
          </ns3:TrackPointExtension>
        </extensions>
      </trkpt>
      <trkpt lat="46.8021636642515659332275390625" lon="-122.40860690362751483917236328125">
        <ele>276</ele>
        <time>2026-07-18T21:17:41.000Z</time>
        <extensions>
          <ns3:TrackPointExtension>
            <ns3:atemp>28.0</ns3:atemp>
            <ns3:hr>80</ns3:hr>
          </ns3:TrackPointExtension>
        </extensions>
      </trkpt>
      <trkpt lat="46.80217095650732517242431640625" lon="-122.40855510346591472625732421875">
        <ele>276.20001220703125</ele>
        <time>2026-07-18T21:17:48.000Z</time>
        <extensions>
          <ns3:TrackPointExtension>
            <ns3:atemp>28.0</ns3:atemp>
            <ns3:hr>78</ns3:hr>
          </ns3:TrackPointExtension>
        </extensions>
      </trkpt>
      <trkpt lat="46.80220280773937702178955078125" lon="-122.40848570130765438079833984375">
        <ele>276.399993896484375</ele>
        <time>2026-07-18T21:17:54.000Z</time>
        <extensions>
          <ns3:TrackPointExtension>
            <ns3:atemp>28.0</ns3:atemp>
            <ns3:hr>76</ns3:hr>
          </ns3:TrackPointExtension>
        </extensions>
      </trkpt>
      <trkpt lat="46.802210770547389984130859375" lon="-122.40839324891567230224609375">
        <ele>276.399993896484375</ele>
        <time>2026-07-18T21:17:59.000Z</time>
        <extensions>
          <ns3:TrackPointExtension>
            <ns3:atemp>28.0</ns3:atemp>
            <ns3:hr>75</ns3:hr>
          </ns3:TrackPointExtension>
        </extensions>
      </trkpt>
      <trkpt lat="46.80219291709363460540771484375" lon="-122.4083454720675945281982421875">
        <ele>276.399993896484375</ele>
        <time>2026-07-18T21:18:02.000Z</time>
        <extensions>
          <ns3:TrackPointExtension>
            <ns3:atemp>28.0</ns3:atemp>
            <ns3:hr>77</ns3:hr>
          </ns3:TrackPointExtension>
        </extensions>
      </trkpt>
      <trkpt lat="46.80218487046658992767333984375" lon="-122.40827682428061962127685546875">
        <ele>276.399993896484375</ele>
        <time>2026-07-18T21:18:08.000Z</time>
        <extensions>
          <ns3:TrackPointExtension>
            <ns3:atemp>28.0</ns3:atemp>
            <ns3:hr>75</ns3:hr>
          </ns3:TrackPointExtension>
        </extensions>
      </trkpt>
      <trkpt lat="46.80218470282852649688720703125" lon="-122.4082318134605884552001953125">
        <ele>276.600006103515625</ele>
        <time>2026-07-18T21:18:17.000Z</time>
        <extensions>
          <ns3:TrackPointExtension>
            <ns3:atemp>28.0</ns3:atemp>
            <ns3:hr>72</ns3:hr>
          </ns3:TrackPointExtension>
        </extensions>
      </trkpt>
      <trkpt lat="46.8021753989160060882568359375" lon="-122.4082331545650959014892578125">
        <ele>276.399993896484375</ele>
        <time>2026-07-18T21:18:18.000Z</time>
        <extensions>
          <ns3:TrackPointExtension>
            <ns3:atemp>28.0</ns3:atemp>
            <ns3:hr>73</ns3:hr>
          </ns3:TrackPointExtension>
        </extensions>
      </trkpt>
      <trkpt lat="46.802177913486957550048828125" lon="-122.40826643072068691253662109375">
        <ele>276.399993896484375</ele>
        <time>2026-07-18T21:18:24.000Z</time>
        <extensions>
          <ns3:TrackPointExtension>
            <ns3:atemp>28.0</ns3:atemp>
            <ns3:hr>72</ns3:hr>
          </ns3:TrackPointExtension>
        </extensions>
      </trkpt>
      <trkpt lat="46.80222560651600360870361328125" lon="-122.40821756422519683837890625">
        <ele>276.600006103515625</ele>
        <time>2026-07-18T21:18:33.000Z</time>
        <extensions>
          <ns3:TrackPointExtension>
            <ns3:atemp>28.0</ns3:atemp>
            <ns3:hr>73</ns3:hr>
          </ns3:TrackPointExtension>
        </extensions>
      </trkpt>
      <trkpt lat="46.802229546010494232177734375" lon="-122.4081780016422271728515625">
        <ele>276.20001220703125</ele>
        <time>2026-07-18T21:18:36.000Z</time>
        <extensions>
          <ns3:TrackPointExtension>
            <ns3:atemp>28.0</ns3:atemp>
            <ns3:hr>71</ns3:hr>
          </ns3:TrackPointExtension>
        </extensions>
      </trkpt>
      <trkpt lat="46.80225544609129428863525390625" lon="-122.40815721452236175537109375">
        <ele>276.20001220703125</ele>
        <time>2026-07-18T21:18:39.000Z</time>
        <extensions>
          <ns3:TrackPointExtension>
            <ns3:atemp>28.0</ns3:atemp>
            <ns3:hr>71</ns3:hr>
          </ns3:TrackPointExtension>
        </extensions>
      </trkpt>
      <trkpt lat="46.802228204905986785888671875" lon="-122.40811119787395000457763671875">
        <ele>276.20001220703125</ele>
        <time>2026-07-18T21:18:43.000Z</time>
        <extensions>
          <ns3:TrackPointExtension>
            <ns3:atemp>28.0</ns3:atemp>
            <ns3:hr>71</ns3:hr>
          </ns3:TrackPointExtension>
        </extensions>
      </trkpt>
      <trkpt lat="46.80222895927727222442626953125" lon="-122.40809024311602115631103515625">
        <ele>276.20001220703125</ele>
        <time>2026-07-18T21:18:46.000Z</time>
        <extensions>
          <ns3:TrackPointExtension>
            <ns3:atemp>28.0</ns3:atemp>
            <ns3:hr>70</ns3:hr>
          </ns3:TrackPointExtension>
        </extensions>
      </trkpt>
      <trkpt lat="46.8022280372679233551025390625" lon="-122.40813768468797206878662109375">
        <ele>276.20001220703125</ele>
        <time>2026-07-18T21:18:53.000Z</time>
        <extensions>
          <ns3:TrackPointExtension>
            <ns3:atemp>28.0</ns3:atemp>
            <ns3:hr>70</ns3:hr>
          </ns3:TrackPointExtension>
        </extensions>
      </trkpt>
      <trkpt lat="46.80225729010999202728271484375" lon="-122.40816500969231128692626953125">
        <ele>276.399993896484375</ele>
        <time>2026-07-18T21:19:00.000Z</time>
        <extensions>
          <ns3:TrackPointExtension>
            <ns3:atemp>28.0</ns3:atemp>
            <ns3:hr>67</ns3:hr>
          </ns3:TrackPointExtension>
        </extensions>
      </trkpt>
      <trkpt lat="46.80230473168194293975830078125" lon="-122.408211864531040191650390625">
        <ele>276.79998779296875</ele>
        <time>2026-07-18T21:19:06.000Z</time>
        <extensions>
          <ns3:TrackPointExtension>
            <ns3:atemp>28.0</ns3:atemp>
            <ns3:hr>65</ns3:hr>
          </ns3:TrackPointExtension>
        </extensions>
      </trkpt>
      <trkpt lat="46.8023269437253475189208984375" lon="-122.40823390893638134002685546875">
        <ele>277</ele>
        <time>2026-07-18T21:19:08.000Z</time>
        <extensions>
          <ns3:TrackPointExtension>
            <ns3:atemp>28.0</ns3:atemp>
            <ns3:hr>64</ns3:hr>
          </ns3:TrackPointExtension>
        </extensions>
      </trkpt>
      <trkpt lat="46.8023326434195041656494140625" lon="-122.4082519300282001495361328125">
        <ele>277</ele>
        <time>2026-07-18T21:19:11.000Z</time>
        <extensions>
          <ns3:TrackPointExtension>
            <ns3:atemp>28.0</ns3:atemp>
            <ns3:hr>64</ns3:hr>
          </ns3:TrackPointExtension>
        </extensions>
      </trkpt>
      <trkpt lat="46.80235133506357669830322265625" lon="-122.4082556180655956268310546875">
        <ele>277</ele>
        <time>2026-07-18T21:19:13.000Z</time>
        <extensions>
          <ns3:TrackPointExtension>
            <ns3:atemp>28.0</ns3:atemp>
            <ns3:hr>62</ns3:hr>
          </ns3:TrackPointExtension>
        </extensions>
      </trkpt>
      <trkpt lat="46.8023574538528919219970703125" lon="-122.4082599766552448272705078125">
        <ele>277</ele>
        <time>2026-07-18T21:19:14.000Z</time>
        <extensions>
          <ns3:TrackPointExtension>
            <ns3:atemp>28.0</ns3:atemp>
            <ns3:hr>62</ns3:hr>
          </ns3:TrackPointExtension>
        </extensions>
      </trkpt>
      <trkpt lat="46.802389137446880340576171875" lon="-122.408254779875278472900390625">
        <ele>277</ele>
        <time>2026-07-18T21:19:16.000Z</time>
        <extensions>
          <ns3:TrackPointExtension>
            <ns3:atemp>28.0</ns3:atemp>
            <ns3:hr>62</ns3:hr>
          </ns3:TrackPointExtension>
        </extensions>
      </trkpt>
      <trkpt lat="46.80239777080714702606201171875" lon="-122.408274896442890167236328125">
        <ele>277</ele>
        <time>2026-07-18T21:19:19.000Z</time>
        <extensions>
          <ns3:TrackPointExtension>
            <ns3:atemp>28.0</ns3:atemp>
            <ns3:hr>59</ns3:hr>
          </ns3:TrackPointExtension>
        </extensions>
      </trkpt>
      <trkpt lat="46.80239726789295673370361328125" lon="-122.4082787521183490753173828125">
        <ele>277</ele>
        <time>2026-07-18T21:19:20.000Z</time>
        <extensions>
          <ns3:TrackPointExtension>
            <ns3:atemp>28.0</ns3:atemp>
            <ns3:hr>59</ns3:hr>
          </ns3:TrackPointExtension>
        </extensions>
      </trkpt>
      <trkpt lat="46.8023956753313541412353515625" lon="-122.40829526446759700775146484375">
        <ele>277</ele>
        <time>2026-07-18T21:19:21.000Z</time>
        <extensions>
          <ns3:TrackPointExtension>
            <ns3:atemp>28.0</ns3:atemp>
            <ns3:hr>63</ns3:hr>
          </ns3:TrackPointExtension>
        </extensions>
      </trkpt>
      <trkpt lat="46.8023899756371974945068359375" lon="-122.40833130665123462677001953125">
        <ele>277</ele>
        <time>2026-07-18T21:19:24.000Z</time>
        <extensions>
          <ns3:TrackPointExtension>
            <ns3:atemp>28.0</ns3:atemp>
            <ns3:hr>63</ns3:hr>
          </ns3:TrackPointExtension>
        </extensions>
      </trkpt>
      <trkpt lat="46.8023939989507198333740234375" lon="-122.408337928354740142822265625">
        <ele>277</ele>
        <time>2026-07-18T21:19:25.000Z</time>
        <extensions>
          <ns3:TrackPointExtension>
            <ns3:atemp>28.0</ns3:atemp>
            <ns3:hr>63</ns3:hr>
          </ns3:TrackPointExtension>
        </extensions>
      </trkpt>
      <trkpt lat="46.8023921549320220947265625" lon="-122.40834362804889678955078125">
        <ele>276.79998779296875</ele>
        <time>2026-07-18T21:19:26.000Z</time>
        <extensions>
          <ns3:TrackPointExtension>
            <ns3:atemp>28.0</ns3:atemp>
            <ns3:hr>64</ns3:hr>
          </ns3:TrackPointExtension>
        </extensions>
      </trkpt>
      <trkpt lat="46.80237941443920135498046875" lon="-122.4083565361797809600830078125">
        <ele>276.600006103515625</ele>
        <time>2026-07-18T21:19:28.000Z</time>
        <extensions>
          <ns3:TrackPointExtension>
            <ns3:atemp>28.0</ns3:atemp>
            <ns3:hr>65</ns3:hr>
          </ns3:TrackPointExtension>
        </extensions>
      </trkpt>
      <trkpt lat="46.80234597064554691314697265625" lon="-122.4083783291280269622802734375">
        <ele>276.600006103515625</ele>
        <time>2026-07-18T21:19:30.000Z</time>
        <extensions>
          <ns3:TrackPointExtension>
            <ns3:atemp>28.0</ns3:atemp>
            <ns3:hr>65</ns3:hr>
          </ns3:TrackPointExtension>
        </extensions>
      </trkpt>
      <trkpt lat="46.80232769809663295745849609375" lon="-122.40841495804488658905029296875">
        <ele>276.399993896484375</ele>
        <time>2026-07-18T21:19:33.000Z</time>
        <extensions>
          <ns3:TrackPointExtension>
            <ns3:atemp>28.0</ns3:atemp>
            <ns3:hr>68</ns3:hr>
          </ns3:TrackPointExtension>
        </extensions>
      </trkpt>
      <trkpt lat="46.80233021266758441925048828125" lon="-122.4084262736141681671142578125">
        <ele>276.399993896484375</ele>
        <time>2026-07-18T21:19:34.000Z</time>
        <extensions>
          <ns3:TrackPointExtension>
            <ns3:atemp>28.0</ns3:atemp>
            <ns3:hr>68</ns3:hr>
          </ns3:TrackPointExtension>
        </extensions>
      </trkpt>
      <trkpt lat="46.80234429426491260528564453125" lon="-122.408452592790126800537109375">
        <ele>276.399993896484375</ele>
        <time>2026-07-18T21:19:36.000Z</time>
        <extensions>
          <ns3:TrackPointExtension>
            <ns3:atemp>28.0</ns3:atemp>
            <ns3:hr>70</ns3:hr>
          </ns3:TrackPointExtension>
        </extensions>
      </trkpt>
      <trkpt lat="46.8023492395877838134765625" lon="-122.40846390835940837860107421875">
        <ele>276.399993896484375</ele>
        <time>2026-07-18T21:19:37.000Z</time>
        <extensions>
          <ns3:TrackPointExtension>
            <ns3:atemp>28.0</ns3:atemp>
            <ns3:hr>70</ns3:hr>
          </ns3:TrackPointExtension>
        </extensions>
      </trkpt>
      <trkpt lat="46.80237631313502788543701171875" lon="-122.4084624834358692169189453125">
        <ele>276.399993896484375</ele>
        <time>2026-07-18T21:19:43.000Z</time>
        <extensions>
          <ns3:TrackPointExtension>
            <ns3:atemp>28.0</ns3:atemp>
            <ns3:hr>72</ns3:hr>
          </ns3:TrackPointExtension>
        </extensions>
      </trkpt>
      <trkpt lat="46.80237228982150554656982421875" lon="-122.4084631539881229400634765625">
        <ele>276.20001220703125</ele>
        <time>2026-07-18T21:19:46.000Z</time>
        <extensions>
          <ns3:TrackPointExtension>
            <ns3:atemp>28.0</ns3:atemp>
            <ns3:hr>76</ns3:hr>
          </ns3:TrackPointExtension>
        </extensions>
      </trkpt>
      <trkpt lat="46.80235133506357669830322265625" lon="-122.4084829352796077728271484375">
        <ele>276.20001220703125</ele>
        <time>2026-07-18T21:19:48.000Z</time>
        <extensions>
          <ns3:TrackPointExtension>
            <ns3:atemp>28.0</ns3:atemp>
            <ns3:hr>80</ns3:hr>
          </ns3:TrackPointExtension>
        </extensions>
      </trkpt>
      <trkpt lat="46.80235049687325954437255859375" lon="-122.40847195498645305633544921875">
        <ele>276.399993896484375</ele>
        <time>2026-07-18T21:19:50.000Z</time>
        <extensions>
          <ns3:TrackPointExtension>
            <ns3:atemp>28.0</ns3:atemp>
            <ns3:hr>82</ns3:hr>
          </ns3:TrackPointExtension>
        </extensions>
      </trkpt>
      <trkpt lat="46.802352257072925567626953125" lon="-122.40846692584455013275146484375">
        <ele>276.399993896484375</ele>
        <time>2026-07-18T21:19:51.000Z</time>
        <extensions>
          <ns3:TrackPointExtension>
            <ns3:atemp>28.0</ns3:atemp>
            <ns3:hr>85</ns3:hr>
          </ns3:TrackPointExtension>
        </extensions>
      </trkpt>
      <trkpt lat="46.80236290208995342254638671875" lon="-122.40846726112067699432373046875">
        <ele>276.20001220703125</ele>
        <time>2026-07-18T21:19:54.000Z</time>
        <extensions>
          <ns3:TrackPointExtension>
            <ns3:atemp>28.0</ns3:atemp>
            <ns3:hr>90</ns3:hr>
          </ns3:TrackPointExtension>
        </extensions>
      </trkpt>
      <trkpt lat="46.80235921405255794525146484375" lon="-122.40847631357610225677490234375">
        <ele>276</ele>
        <time>2026-07-18T21:19:56.000Z</time>
        <extensions>
          <ns3:TrackPointExtension>
            <ns3:atemp>28.0</ns3:atemp>
            <ns3:hr>87</ns3:hr>
          </ns3:TrackPointExtension>
        </extensions>
      </trkpt>
      <trkpt lat="46.80235116742551326751708984375" lon="-122.40848737768828868865966796875">
        <ele>276</ele>
        <time>2026-07-18T21:20:01.000Z</time>
        <extensions>
          <ns3:TrackPointExtension>
            <ns3:atemp>28.0</ns3:atemp>
            <ns3:hr>85</ns3:hr>
          </ns3:TrackPointExtension>
        </extensions>
      </trkpt>
      <trkpt lat="46.8023599684238433837890625" lon="-122.40855753421783447265625">
        <ele>276</ele>
        <time>2026-07-18T21:20:07.000Z</time>
        <extensions>
          <ns3:TrackPointExtension>
            <ns3:atemp>28.0</ns3:atemp>
            <ns3:hr>84</ns3:hr>
          </ns3:TrackPointExtension>
        </extensions>
      </trkpt>
      <trkpt lat="46.80235653184354305267333984375" lon="-122.40858502686023712158203125">
        <ele>275.79998779296875</ele>
        <time>2026-07-18T21:20:10.000Z</time>
        <extensions>
          <ns3:TrackPointExtension>
            <ns3:atemp>28.0</ns3:atemp>
            <ns3:hr>82</ns3:hr>
          </ns3:TrackPointExtension>
        </extensions>
      </trkpt>
      <trkpt lat="46.8023276142776012420654296875" lon="-122.4086143635213375091552734375">
        <ele>275.600006103515625</ele>
        <time>2026-07-18T21:20:13.000Z</time>
        <extensions>
          <ns3:TrackPointExtension>
            <ns3:atemp>28.0</ns3:atemp>
            <ns3:hr>82</ns3:hr>
          </ns3:TrackPointExtension>
        </extensions>
      </trkpt>
      <trkpt lat="46.80228293873369693756103515625" lon="-122.4086904712021350860595703125">
        <ele>275.79998779296875</ele>
        <time>2026-07-18T21:20:19.000Z</time>
        <extensions>
          <ns3:TrackPointExtension>
            <ns3:atemp>28.0</ns3:atemp>
            <ns3:hr>80</ns3:hr>
          </ns3:TrackPointExtension>
        </extensions>
      </trkpt>
      <trkpt lat="46.802269779145717620849609375" lon="-122.40870581008493900299072265625">
        <ele>275.79998779296875</ele>
        <time>2026-07-18T21:20:21.000Z</time>
        <extensions>
          <ns3:TrackPointExtension>
            <ns3:atemp>28.0</ns3:atemp>
            <ns3:hr>80</ns3:hr>
          </ns3:TrackPointExtension>
        </extensions>
      </trkpt>
      <trkpt lat="46.802216805517673492431640625" lon="-122.40874000824987888336181640625">
        <ele>275.600006103515625</ele>
        <time>2026-07-18T21:20:27.000Z</time>
        <extensions>
          <ns3:TrackPointExtension>
            <ns3:atemp>28.0</ns3:atemp>
            <ns3:hr>79</ns3:hr>
          </ns3:TrackPointExtension>
        </extensions>
      </trkpt>
      <trkpt lat="46.8021814338862895965576171875" lon="-122.40877940319478511810302734375">
        <ele>275.79998779296875</ele>
        <time>2026-07-18T21:20:32.000Z</time>
        <extensions>
          <ns3:TrackPointExtension>
            <ns3:atemp>28.0</ns3:atemp>
            <ns3:hr>76</ns3:hr>
          </ns3:TrackPointExtension>
        </extensions>
      </trkpt>
      <trkpt lat="46.8021909892559051513671875" lon="-122.4087820015847682952880859375">
        <ele>275.79998779296875</ele>
        <time>2026-07-18T21:20:33.000Z</time>
        <extensions>
          <ns3:TrackPointExtension>
            <ns3:atemp>28.0</ns3:atemp>
            <ns3:hr>77</ns3:hr>
          </ns3:TrackPointExtension>
        </extensions>
      </trkpt>
      <trkpt lat="46.8022323958575725555419921875" lon="-122.40874185226857662200927734375">
        <ele>275.600006103515625</ele>
        <time>2026-07-18T21:20:35.000Z</time>
        <extensions>
          <ns3:TrackPointExtension>
            <ns3:atemp>28.0</ns3:atemp>
            <ns3:hr>77</ns3:hr>
          </ns3:TrackPointExtension>
        </extensions>
      </trkpt>
      <trkpt lat="46.802264414727687835693359375" lon="-122.40868502296507358551025390625">
        <ele>275.600006103515625</ele>
        <time>2026-07-18T21:20:41.000Z</time>
        <extensions>
          <ns3:TrackPointExtension>
            <ns3:atemp>28.0</ns3:atemp>
            <ns3:hr>76</ns3:hr>
          </ns3:TrackPointExtension>
        </extensions>
      </trkpt>
      <trkpt lat="46.80221001617610454559326171875" lon="-122.40867312066256999969482421875">
        <ele>275.399993896484375</ele>
        <time>2026-07-18T21:20:48.000Z</time>
        <extensions>
          <ns3:TrackPointExtension>
            <ns3:atemp>28.0</ns3:atemp>
            <ns3:hr>75</ns3:hr>
          </ns3:TrackPointExtension>
        </extensions>
      </trkpt>
      <trkpt lat="46.80216827429831027984619140625" lon="-122.40869072265923023223876953125">
        <ele>275.399993896484375</ele>
        <time>2026-07-18T21:20:54.000Z</time>
        <extensions>
          <ns3:TrackPointExtension>
            <ns3:atemp>28.0</ns3:atemp>
            <ns3:hr>72</ns3:hr>
          </ns3:TrackPointExtension>
        </extensions>
      </trkpt>
      <trkpt lat="46.80217665620148181915283203125" lon="-122.40869809873402118682861328125">
        <ele>275.399993896484375</ele>
        <time>2026-07-18T21:21:01.000Z</time>
        <extensions>
          <ns3:TrackPointExtension>
            <ns3:atemp>28.0</ns3:atemp>
            <ns3:hr>70</ns3:hr>
          </ns3:TrackPointExtension>
        </extensions>
      </trkpt>
      <trkpt lat="46.80214480496942996978759765625" lon="-122.40871201269328594207763671875">
        <ele>275.20001220703125</ele>
        <time>2026-07-18T21:21:07.000Z</time>
        <extensions>
          <ns3:TrackPointExtension>
            <ns3:atemp>28.0</ns3:atemp>
            <ns3:hr>67</ns3:hr>
          </ns3:TrackPointExtension>
        </extensions>
      </trkpt>
      <trkpt lat="46.80212016217410564422607421875" lon="-122.4087159521877765655517578125">
        <ele>275</ele>
        <time>2026-07-18T21:21:14.000Z</time>
        <extensions>
          <ns3:TrackPointExtension>
            <ns3:atemp>28.0</ns3:atemp>
            <ns3:hr>67</ns3:hr>
          </ns3:TrackPointExtension>
        </extensions>
      </trkpt>
      <trkpt lat="46.802100129425525665283203125" lon="-122.4087317101657390594482421875">
        <ele>274.79998779296875</ele>
        <time>2026-07-18T21:21:15.000Z</time>
        <extensions>
          <ns3:TrackPointExtension>
            <ns3:atemp>28.0</ns3:atemp>
            <ns3:hr>67</ns3:hr>
          </ns3:TrackPointExtension>
        </extensions>
      </trkpt>
      <trkpt lat="46.80216081440448760986328125" lon="-122.40873246453702449798583984375">
        <ele>274.600006103515625</ele>
        <time>2026-07-18T21:21:20.000Z</time>
        <extensions>
          <ns3:TrackPointExtension>
            <ns3:atemp>28.0</ns3:atemp>
            <ns3:hr>66</ns3:hr>
          </ns3:TrackPointExtension>
        </extensions>
      </trkpt>
      <trkpt lat="46.80216081440448760986328125" lon="-122.40873246453702449798583984375">
        <ele>274.79998779296875</ele>
        <time>2026-07-18T21:21:25.000Z</time>
        <extensions>
          <ns3:TrackPointExtension>
            <ns3:atemp>28.0</ns3:atemp>
            <ns3:hr>63</ns3:hr>
          </ns3:TrackPointExtension>
        </extensions>
      </trkpt>
      <trkpt lat="46.802110858261585235595703125" lon="-122.40880002267658710479736328125">
        <ele>274.399993896484375</ele>
        <time>2026-07-18T21:22:05.000Z</time>
        <extensions>
          <ns3:TrackPointExtension>
            <ns3:atemp>28.0</ns3:atemp>
            <ns3:hr>67</ns3:hr>
          </ns3:TrackPointExtension>
        </extensions>
      </trkpt>
      <trkpt lat="46.802063919603824615478515625" lon="-122.40880924277007579803466796875">
        <ele>274.600006103515625</ele>
        <time>2026-07-18T21:22:14.000Z</time>
        <extensions>
          <ns3:TrackPointExtension>
            <ns3:atemp>28.0</ns3:atemp>
            <ns3:hr>64</ns3:hr>
          </ns3:TrackPointExtension>
        </extensions>
      </trkpt>
      <trkpt lat="46.80201907642185688018798828125" lon="-122.40882449783384799957275390625">
        <ele>274.399993896484375</ele>
        <time>2026-07-18T21:22:22.000Z</time>
        <extensions>
          <ns3:TrackPointExtension>
            <ns3:atemp>27.0</ns3:atemp>
            <ns3:hr>67</ns3:hr>
          </ns3:TrackPointExtension>
        </extensions>
      </trkpt>
      <trkpt lat="46.80196098983287811279296875" lon="-122.4088614620268344879150390625">
        <ele>273.79998779296875</ele>
        <time>2026-07-18T21:22:39.000Z</time>
        <extensions>
          <ns3:TrackPointExtension>
            <ns3:atemp>28.0</ns3:atemp>
            <ns3:hr>70</ns3:hr>
          </ns3:TrackPointExtension>
        </extensions>
      </trkpt>
      <trkpt lat="46.8019588105380535125732421875" lon="-122.40886338986456394195556640625">
        <ele>273.79998779296875</ele>
        <time>2026-07-18T21:22:40.000Z</time>
        <extensions>
          <ns3:TrackPointExtension>
            <ns3:atemp>28.0</ns3:atemp>
            <ns3:hr>70</ns3:hr>
          </ns3:TrackPointExtension>
        </extensions>
      </trkpt>
      <trkpt lat="46.80192586965858936309814453125" lon="-122.4088995158672332763671875">
        <ele>273.600006103515625</ele>
        <time>2026-07-18T21:22:50.000Z</time>
        <extensions>
          <ns3:TrackPointExtension>
            <ns3:atemp>28.0</ns3:atemp>
            <ns3:hr>67</ns3:hr>
          </ns3:TrackPointExtension>
        </extensions>
      </trkpt>
      <trkpt lat="46.80191815830767154693603515625" lon="-122.40890018641948699951171875">
        <ele>273.600006103515625</ele>
        <time>2026-07-18T21:22:55.000Z</time>
        <extensions>
          <ns3:TrackPointExtension>
            <ns3:atemp>28.0</ns3:atemp>
            <ns3:hr>64</ns3:hr>
          </ns3:TrackPointExtension>
        </extensions>
      </trkpt>
      <trkpt lat="46.801915057003498077392578125" lon="-122.40890018641948699951171875">
        <ele>273.600006103515625</ele>
        <time>2026-07-18T21:22:58.000Z</time>
        <extensions>
          <ns3:TrackPointExtension>
            <ns3:atemp>28.0</ns3:atemp>
            <ns3:hr>61</ns3:hr>
          </ns3:TrackPointExtension>
        </extensions>
      </trkpt>
      <trkpt lat="46.80187993682920932769775390625" lon="-122.408858947455883026123046875">
        <ele>274</ele>
        <time>2026-07-18T21:23:29.000Z</time>
        <extensions>
          <ns3:TrackPointExtension>
            <ns3:atemp>28.0</ns3:atemp>
            <ns3:hr>64</ns3:hr>
          </ns3:TrackPointExtension>
        </extensions>
      </trkpt>
      <trkpt lat="46.80189854465425014495849609375" lon="-122.40885727107524871826171875">
        <ele>273.600006103515625</ele>
        <time>2026-07-18T21:23:40.000Z</time>
        <extensions>
          <ns3:TrackPointExtension>
            <ns3:atemp>28.0</ns3:atemp>
            <ns3:hr>61</ns3:hr>
          </ns3:TrackPointExtension>
        </extensions>
      </trkpt>
      <trkpt lat="46.80190265178680419921875" lon="-122.40885701961815357208251953125">
        <ele>273.399993896484375</ele>
        <time>2026-07-18T21:23:42.000Z</time>
        <extensions>
          <ns3:TrackPointExtension>
            <ns3:atemp>28.0</ns3:atemp>
            <ns3:hr>58</ns3:hr>
          </ns3:TrackPointExtension>
        </extensions>
      </trkpt>
      <trkpt lat="46.801910363137722015380859375" lon="-122.408856935799121856689453125">
        <ele>273.20001220703125</ele>
        <time>2026-07-18T21:23:45.000Z</time>
        <extensions>
          <ns3:TrackPointExtension>
            <ns3:atemp>28.0</ns3:atemp>
            <ns3:hr>55</ns3:hr>
          </ns3:TrackPointExtension>
        </extensions>
      </trkpt>
      <trkpt lat="46.8019209243357181549072265625" lon="-122.40886531770229339599609375">
        <ele>273.600006103515625</ele>
        <time>2026-07-18T21:23:58.000Z</time>
        <extensions>
          <ns3:TrackPointExtension>
            <ns3:atemp>28.0</ns3:atemp>
            <ns3:hr>58</ns3:hr>
          </ns3:TrackPointExtension>
        </extensions>
      </trkpt>
      <trkpt lat="46.80192100815474987030029296875" lon="-122.408870346844196319580078125">
        <ele>273.399993896484375</ele>
        <time>2026-07-18T21:24:12.000Z</time>
        <extensions>
          <ns3:TrackPointExtension>
            <ns3:atemp>28.0</ns3:atemp>
            <ns3:hr>55</ns3:hr>
          </ns3:TrackPointExtension>
        </extensions>
      </trkpt>
      <trkpt lat="46.801929809153079986572265625" lon="-122.40886808373034000396728515625">
        <ele>273</ele>
        <time>2026-07-18T21:24:26.000Z</time>
        <extensions>
          <ns3:TrackPointExtension>
            <ns3:atemp>28.0</ns3:atemp>
            <ns3:hr>58</ns3:hr>
          </ns3:TrackPointExtension>
        </extensions>
      </trkpt>
      <trkpt lat="46.80193684995174407958984375" lon="-122.408868335187435150146484375">
        <ele>273.79998779296875</ele>
        <time>2026-07-18T21:24:34.000Z</time>
        <extensions>
          <ns3:TrackPointExtension>
            <ns3:atemp>28.0</ns3:atemp>
            <ns3:hr>61</ns3:hr>
          </ns3:TrackPointExtension>
        </extensions>
      </trkpt>
      <trkpt lat="46.8019388616085052490234375" lon="-122.4088685028254985809326171875">
        <ele>273.600006103515625</ele>
        <time>2026-07-18T21:24:40.000Z</time>
        <extensions>
          <ns3:TrackPointExtension>
            <ns3:atemp>28.0</ns3:atemp>
            <ns3:hr>64</ns3:hr>
          </ns3:TrackPointExtension>
        </extensions>
      </trkpt>
      <trkpt lat="46.8019393645226955413818359375" lon="-122.4088685028254985809326171875">
        <ele>273.79998779296875</ele>
        <time>2026-07-18T21:24:49.000Z</time>
        <extensions>
          <ns3:TrackPointExtension>
            <ns3:atemp>28.0</ns3:atemp>
            <ns3:hr>61</ns3:hr>
          </ns3:TrackPointExtension>
        </extensions>
      </trkpt>
      <trkpt lat="46.80193944834172725677490234375" lon="-122.4088685028254985809326171875">
        <ele>273.79998779296875</ele>
        <time>2026-07-18T21:24:52.000Z</time>
        <extensions>
          <ns3:TrackPointExtension>
            <ns3:atemp>28.0</ns3:atemp>
            <ns3:hr>58</ns3:hr>
          </ns3:TrackPointExtension>
        </extensions>
      </trkpt>
      <trkpt lat="46.80193961597979068756103515625" lon="-122.4088685028254985809326171875">
        <ele>274</ele>
        <time>2026-07-18T21:24:55.000Z</time>
        <extensions>
          <ns3:TrackPointExtension>
            <ns3:atemp>28.0</ns3:atemp>
            <ns3:hr>55</ns3:hr>
          </ns3:TrackPointExtension>
        </extensions>
      </trkpt>
      <trkpt lat="46.801939867436885833740234375" lon="-122.40886841900646686553955078125">
        <ele>273.79998779296875</ele>
        <time>2026-07-18T21:24:59.000Z</time>
        <extensions>
          <ns3:TrackPointExtension>
            <ns3:atemp>28.0</ns3:atemp>
            <ns3:hr>52</ns3:hr>
          </ns3:TrackPointExtension>
        </extensions>
      </trkpt>
      <trkpt lat="46.8019403703510761260986328125" lon="-122.4088681675493717193603515625">
        <ele>273.20001220703125</ele>
        <time>2026-07-18T21:25:08.000Z</time>
        <extensions>
          <ns3:TrackPointExtension>
            <ns3:atemp>28.0</ns3:atemp>
            <ns3:hr>55</ns3:hr>
          </ns3:TrackPointExtension>
        </extensions>
      </trkpt>
      <trkpt lat="46.801940537989139556884765625" lon="-122.40886808373034000396728515625">
        <ele>273.399993896484375</ele>
        <time>2026-07-18T21:25:10.000Z</time>
        <extensions>
          <ns3:TrackPointExtension>
            <ns3:atemp>28.0</ns3:atemp>
            <ns3:hr>58</ns3:hr>
          </ns3:TrackPointExtension>
        </extensions>
      </trkpt>
      <trkpt lat="46.80194145999848842620849609375" lon="-122.40886774845421314239501953125">
        <ele>273.600006103515625</ele>
        <time>2026-07-18T21:25:24.000Z</time>
        <extensions>
          <ns3:TrackPointExtension>
            <ns3:atemp>28.0</ns3:atemp>
            <ns3:hr>61</ns3:hr>
          </ns3:TrackPointExtension>
        </extensions>
      </trkpt>
      <trkpt lat="46.80194179527461528778076171875" lon="-122.4088678322732448577880859375">
        <ele>273.600006103515625</ele>
        <time>2026-07-18T21:25:28.000Z</time>
        <extensions>
          <ns3:TrackPointExtension>
            <ns3:atemp>28.0</ns3:atemp>
            <ns3:hr>64</ns3:hr>
          </ns3:TrackPointExtension>
        </extensions>
      </trkpt>
      <trkpt lat="46.80194221436977386474609375" lon="-122.4088678322732448577880859375">
        <ele>273.399993896484375</ele>
        <time>2026-07-18T21:25:33.000Z</time>
        <extensions>
          <ns3:TrackPointExtension>
            <ns3:atemp>28.0</ns3:atemp>
            <ns3:hr>67</ns3:hr>
          </ns3:TrackPointExtension>
        </extensions>
      </trkpt>
      <trkpt lat="46.8019427172839641571044921875" lon="-122.40886791609227657318115234375">
        <ele>274</ele>
        <time>2026-07-18T21:25:43.000Z</time>
        <extensions>
          <ns3:TrackPointExtension>
            <ns3:atemp>28.0</ns3:atemp>
            <ns3:hr>64</ns3:hr>
          </ns3:TrackPointExtension>
        </extensions>
      </trkpt>
      <trkpt lat="46.8019427172839641571044921875" lon="-122.40886791609227657318115234375">
        <ele>274</ele>
        <time>2026-07-18T21:25:44.000Z</time>
        <extensions>
          <ns3:TrackPointExtension>
            <ns3:atemp>28.0</ns3:atemp>
            <ns3:hr>61</ns3:hr>
          </ns3:TrackPointExtension>
        </extensions>
      </trkpt>
      <trkpt lat="46.80194280110299587249755859375" lon="-122.40886799991130828857421875">
        <ele>274</ele>
        <time>2026-07-18T21:25:46.000Z</time>
        <extensions>
          <ns3:TrackPointExtension>
            <ns3:atemp>28.0</ns3:atemp>
            <ns3:hr>58</ns3:hr>
          </ns3:TrackPointExtension>
        </extensions>
      </trkpt>
      <trkpt lat="46.80194280110299587249755859375" lon="-122.40886799991130828857421875">
        <ele>274</ele>
        <time>2026-07-18T21:25:48.000Z</time>
        <extensions>
          <ns3:TrackPointExtension>
            <ns3:atemp>28.0</ns3:atemp>
            <ns3:hr>57</ns3:hr>
          </ns3:TrackPointExtension>
        </extensions>
      </trkpt>
    </trkseg>
  </trk>
</gpx>
