<gpx xmlns:ns3="http://www.garmin.com/xmlschemas/TrackPointExtension/v1" xmlns="http://www.topografix.com/GPX/1/1" xmlns:xsi="http://www.w3.org/2001/XMLSchema-instance" xmlns:ns2="http://www.garmin.com/xmlschemas/GpxExtensions/v3" creator="Garmin Connect" version="1.1" xsi:schemaLocation="http://www.topografix.com/GPX/1/1 http://www.topografix.com/GPX/11.xsd">
  <extensions>
<distance>9814.8</distance>
<average_hr>126.0</average_hr>
<average_speed>3.029000043869019</average_speed>
<start_time>2026-08-03T15:35:08+00:00</start_time>
<end_time>2026-08-03T16:29:08.496000+00:00</end_time>
<moving_time>3234.966</moving_time>
<elapsed_time>3416.073</elapsed_time>
</extensions>
<metadata>
    <link href="connect.garmin.com">
      <text>Garmin Connect</text>
    </link>
    <time>2026-08-03T15:35:08.000Z</time>
  </metadata>
  <trk>
    <name>Seattle Running</name>
    <type>running</type>
    <trkseg>
      <trkpt lat="47.685919515788555145263671875" lon="-122.348393239080905914306640625">
        <ele>83.59999847412109375</ele>
        <time>2026-08-03T15:35:08.000Z</time>
        <extensions>
          <ns3:TrackPointExtension>
            <ns3:atemp>27.0</ns3:atemp>
            <ns3:hr>54</ns3:hr>
            <ns3:cad>0</ns3:cad>
          </ns3:TrackPointExtension>
        </extensions>
      </trkpt>
      <trkpt lat="47.68591649830341339111328125" lon="-122.348363734781742095947265625">
        <ele>83.59999847412109375</ele>
        <time>2026-08-03T15:35:10.000Z</time>
        <extensions>
          <ns3:TrackPointExtension>
            <ns3:atemp>27.0</ns3:atemp>
            <ns3:hr>54</ns3:hr>
            <ns3:cad>52</ns3:cad>
          </ns3:TrackPointExtension>
        </extensions>
      </trkpt>
      <trkpt lat="47.68591742031276226043701171875" lon="-122.34823892824351787567138671875">
        <ele>83.1999969482421875</ele>
        <time>2026-08-03T15:35:16.000Z</time>
        <extensions>
          <ns3:TrackPointExtension>
            <ns3:atemp>27.0</ns3:atemp>
            <ns3:hr>55</ns3:hr>
            <ns3:cad>83</ns3:cad>
          </ns3:TrackPointExtension>
        </extensions>
      </trkpt>
      <trkpt lat="47.6859230361878871917724609375" lon="-122.3481945879757404327392578125">
        <ele>83</ele>
        <time>2026-08-03T15:35:18.000Z</time>
        <extensions>
          <ns3:TrackPointExtension>
            <ns3:atemp>27.0</ns3:atemp>
            <ns3:hr>60</ns3:hr>
            <ns3:cad>90</ns3:cad>
          </ns3:TrackPointExtension>
        </extensions>
      </trkpt>
      <trkpt lat="47.6859260536730289459228515625" lon="-122.348173297941684722900390625">
        <ele>83</ele>
        <time>2026-08-03T15:35:19.000Z</time>
        <extensions>
          <ns3:TrackPointExtension>
            <ns3:atemp>27.0</ns3:atemp>
            <ns3:hr>64</ns3:hr>
            <ns3:cad>90</ns3:cad>
          </ns3:TrackPointExtension>
        </extensions>
      </trkpt>
      <trkpt lat="47.6859280653297901153564453125" lon="-122.3481245152652263641357421875">
        <ele>83</ele>
        <time>2026-08-03T15:35:21.000Z</time>
        <extensions>
          <ns3:TrackPointExtension>
            <ns3:atemp>27.0</ns3:atemp>
            <ns3:hr>69</ns3:hr>
            <ns3:cad>92</ns3:cad>
          </ns3:TrackPointExtension>
        </extensions>
      </trkpt>
      <trkpt lat="47.68592546693980693817138671875" lon="-122.34810163266956806182861328125">
        <ele>83</ele>
        <time>2026-08-03T15:35:22.000Z</time>
        <extensions>
          <ns3:TrackPointExtension>
            <ns3:atemp>27.0</ns3:atemp>
            <ns3:hr>73</ns3:hr>
            <ns3:cad>92</ns3:cad>
          </ns3:TrackPointExtension>
        </extensions>
      </trkpt>
      <trkpt lat="47.685924880206584930419921875" lon="-122.3480482399463653564453125">
        <ele>82.8000030517578125</ele>
        <time>2026-08-03T15:35:24.000Z</time>
        <extensions>
          <ns3:TrackPointExtension>
            <ns3:atemp>27.0</ns3:atemp>
            <ns3:hr>77</ns3:hr>
            <ns3:cad>92</ns3:cad>
          </ns3:TrackPointExtension>
        </extensions>
      </trkpt>
      <trkpt lat="47.68592454493045806884765625" lon="-122.3480219207704067230224609375">
        <ele>82.59999847412109375</ele>
        <time>2026-08-03T15:35:25.000Z</time>
        <extensions>
          <ns3:TrackPointExtension>
            <ns3:atemp>27.0</ns3:atemp>
            <ns3:hr>78</ns3:hr>
            <ns3:cad>92</ns3:cad>
          </ns3:TrackPointExtension>
        </extensions>
      </trkpt>
      <trkpt lat="47.6859257183969020843505859375" lon="-122.34793717972934246063232421875">
        <ele>82.40000152587890625</ele>
        <time>2026-08-03T15:35:28.000Z</time>
        <extensions>
          <ns3:TrackPointExtension>
            <ns3:atemp>27.0</ns3:atemp>
            <ns3:hr>83</ns3:hr>
            <ns3:cad>96</ns3:cad>
          </ns3:TrackPointExtension>
        </extensions>
      </trkpt>
      <trkpt lat="47.68592043779790401458740234375" lon="-122.3479116149246692657470703125">
        <ele>82.40000152587890625</ele>
        <time>2026-08-03T15:35:29.000Z</time>
        <extensions>
          <ns3:TrackPointExtension>
            <ns3:atemp>27.0</ns3:atemp>
            <ns3:hr>86</ns3:hr>
            <ns3:cad>96</ns3:cad>
          </ns3:TrackPointExtension>
        </extensions>
      </trkpt>
      <trkpt lat="47.68591473810374736785888671875" lon="-122.34788571484386920928955078125">
        <ele>82.1999969482421875</ele>
        <time>2026-08-03T15:35:30.000Z</time>
        <extensions>
          <ns3:TrackPointExtension>
            <ns3:atemp>27.0</ns3:atemp>
            <ns3:hr>86</ns3:hr>
            <ns3:cad>95</ns3:cad>
          </ns3:TrackPointExtension>
        </extensions>
      </trkpt>
      <trkpt lat="47.685914151370525360107421875" lon="-122.34785721637308597564697265625">
        <ele>82.1999969482421875</ele>
        <time>2026-08-03T15:35:31.000Z</time>
        <extensions>
          <ns3:TrackPointExtension>
            <ns3:atemp>27.0</ns3:atemp>
            <ns3:hr>87</ns3:hr>
            <ns3:cad>95</ns3:cad>
          </ns3:TrackPointExtension>
        </extensions>
      </trkpt>
      <trkpt lat="47.6859193481504917144775390625" lon="-122.34780424274504184722900390625">
        <ele>82.1999969482421875</ele>
        <time>2026-08-03T15:35:33.000Z</time>
        <extensions>
          <ns3:TrackPointExtension>
            <ns3:atemp>27.0</ns3:atemp>
            <ns3:hr>90</ns3:hr>
            <ns3:cad>95</ns3:cad>
          </ns3:TrackPointExtension>
        </extensions>
      </trkpt>
      <trkpt lat="47.68592320382595062255859375" lon="-122.34774540178477764129638671875">
        <ele>82</ele>
        <time>2026-08-03T15:35:35.000Z</time>
        <extensions>
          <ns3:TrackPointExtension>
            <ns3:atemp>27.0</ns3:atemp>
            <ns3:hr>94</ns3:hr>
            <ns3:cad>97</ns3:cad>
          </ns3:TrackPointExtension>
        </extensions>
      </trkpt>
      <trkpt lat="47.68592261709272861480712890625" lon="-122.34766141511499881744384765625">
        <ele>81.8000030517578125</ele>
        <time>2026-08-03T15:35:38.000Z</time>
        <extensions>
          <ns3:TrackPointExtension>
            <ns3:atemp>27.0</ns3:atemp>
            <ns3:hr>97</ns3:hr>
            <ns3:cad>96</ns3:cad>
          </ns3:TrackPointExtension>
        </extensions>
      </trkpt>
      <trkpt lat="47.68591574393212795257568359375" lon="-122.347606681287288665771484375">
        <ele>81.8000030517578125</ele>
        <time>2026-08-03T15:35:40.000Z</time>
        <extensions>
          <ns3:TrackPointExtension>
            <ns3:atemp>27.0</ns3:atemp>
            <ns3:hr>99</ns3:hr>
            <ns3:cad>96</ns3:cad>
          </ns3:TrackPointExtension>
        </extensions>
      </trkpt>
      <trkpt lat="47.68591658212244510650634765625" lon="-122.34758044593036174774169921875">
        <ele>81.59999847412109375</ele>
        <time>2026-08-03T15:35:41.000Z</time>
        <extensions>
          <ns3:TrackPointExtension>
            <ns3:atemp>27.0</ns3:atemp>
            <ns3:hr>100</ns3:hr>
            <ns3:cad>96</ns3:cad>
          </ns3:TrackPointExtension>
        </extensions>
      </trkpt>
      <trkpt lat="47.6859096251428127288818359375" lon="-122.34740761108696460723876953125">
        <ele>81.40000152587890625</ele>
        <time>2026-08-03T15:35:47.000Z</time>
        <extensions>
          <ns3:TrackPointExtension>
            <ns3:atemp>27.0</ns3:atemp>
            <ns3:hr>100</ns3:hr>
            <ns3:cad>96</ns3:cad>
          </ns3:TrackPointExtension>
        </extensions>
      </trkpt>
      <trkpt lat="47.68589361570775508880615234375" lon="-122.3473470099270343780517578125">
        <ele>81.1999969482421875</ele>
        <time>2026-08-03T15:35:49.000Z</time>
        <extensions>
          <ns3:TrackPointExtension>
            <ns3:atemp>27.0</ns3:atemp>
            <ns3:hr>99</ns3:hr>
            <ns3:cad>97</ns3:cad>
          </ns3:TrackPointExtension>
        </extensions>
      </trkpt>
      <trkpt lat="47.6858475990593433380126953125" lon="-122.34732203185558319091796875">
        <ele>81</ele>
        <time>2026-08-03T15:35:51.000Z</time>
        <extensions>
          <ns3:TrackPointExtension>
            <ns3:atemp>27.0</ns3:atemp>
            <ns3:hr>99</ns3:hr>
            <ns3:cad>98</ns3:cad>
          </ns3:TrackPointExtension>
        </extensions>
      </trkpt>
      <trkpt lat="47.68576486967504024505615234375" lon="-122.34731574542820453643798828125">
        <ele>80.59999847412109375</ele>
        <time>2026-08-03T15:35:54.000Z</time>
        <extensions>
          <ns3:TrackPointExtension>
            <ns3:atemp>27.0</ns3:atemp>
            <ns3:hr>99</ns3:hr>
            <ns3:cad>98</ns3:cad>
          </ns3:TrackPointExtension>
        </extensions>
      </trkpt>
      <trkpt lat="47.6856784522533416748046875" lon="-122.34729831106960773468017578125">
        <ele>80.1999969482421875</ele>
        <time>2026-08-03T15:35:58.000Z</time>
        <extensions>
          <ns3:TrackPointExtension>
            <ns3:atemp>27.0</ns3:atemp>
            <ns3:hr>100</ns3:hr>
            <ns3:cad>98</ns3:cad>
          </ns3:TrackPointExtension>
        </extensions>
      </trkpt>
      <trkpt lat="47.6855456829071044921875" lon="-122.34725137241184711456298828125">
        <ele>79.59999847412109375</ele>
        <time>2026-08-03T15:36:05.000Z</time>
        <extensions>
          <ns3:TrackPointExtension>
            <ns3:atemp>27.0</ns3:atemp>
            <ns3:hr>101</ns3:hr>
            <ns3:cad>91</ns3:cad>
          </ns3:TrackPointExtension>
        </extensions>
      </trkpt>
      <trkpt lat="47.6855290867388248443603515625" lon="-122.34724533744156360626220703125">
        <ele>79.59999847412109375</ele>
        <time>2026-08-03T15:36:06.000Z</time>
        <extensions>
          <ns3:TrackPointExtension>
            <ns3:atemp>27.0</ns3:atemp>
            <ns3:hr>101</ns3:hr>
            <ns3:cad>91</ns3:cad>
          </ns3:TrackPointExtension>
        </extensions>
      </trkpt>
      <trkpt lat="47.68549329601228237152099609375" lon="-122.34722614288330078125">
        <ele>79.40000152587890625</ele>
        <time>2026-08-03T15:36:08.000Z</time>
        <extensions>
          <ns3:TrackPointExtension>
            <ns3:atemp>27.0</ns3:atemp>
            <ns3:hr>101</ns3:hr>
            <ns3:cad>98</ns3:cad>
          </ns3:TrackPointExtension>
        </extensions>
      </trkpt>
      <trkpt lat="47.68539036624133586883544921875" lon="-122.3471797071397304534912109375">
        <ele>79</ele>
        <time>2026-08-03T15:36:12.000Z</time>
        <extensions>
          <ns3:TrackPointExtension>
            <ns3:atemp>27.0</ns3:atemp>
            <ns3:hr>102</ns3:hr>
            <ns3:cad>98</ns3:cad>
          </ns3:TrackPointExtension>
        </extensions>
      </trkpt>
      <trkpt lat="47.6852600276470184326171875" lon="-122.34718750230967998504638671875">
        <ele>78.40000152587890625</ele>
        <time>2026-08-03T15:36:16.000Z</time>
        <extensions>
          <ns3:TrackPointExtension>
            <ns3:atemp>27.0</ns3:atemp>
            <ns3:hr>103</ns3:hr>
            <ns3:cad>99</ns3:cad>
          </ns3:TrackPointExtension>
        </extensions>
      </trkpt>
      <trkpt lat="47.68520571291446685791015625" lon="-122.34719638712704181671142578125">
        <ele>78.1999969482421875</ele>
        <time>2026-08-03T15:36:18.000Z</time>
        <extensions>
          <ns3:TrackPointExtension>
            <ns3:atemp>27.0</ns3:atemp>
            <ns3:hr>103</ns3:hr>
            <ns3:cad>100</ns3:cad>
          </ns3:TrackPointExtension>
        </extensions>
      </trkpt>
      <trkpt lat="47.68516589887440204620361328125" lon="-122.3472128994762897491455078125">
        <ele>78.1999969482421875</ele>
        <time>2026-08-03T15:36:20.000Z</time>
        <extensions>
          <ns3:TrackPointExtension>
            <ns3:atemp>27.0</ns3:atemp>
            <ns3:hr>103</ns3:hr>
            <ns3:cad>100</ns3:cad>
          </ns3:TrackPointExtension>
        </extensions>
      </trkpt>
      <trkpt lat="47.6851324550807476043701171875" lon="-122.347243912518024444580078125">
        <ele>78.1999969482421875</ele>
        <time>2026-08-03T15:36:22.000Z</time>
        <extensions>
          <ns3:TrackPointExtension>
            <ns3:atemp>27.0</ns3:atemp>
            <ns3:hr>103</ns3:hr>
            <ns3:cad>100</ns3:cad>
          </ns3:TrackPointExtension>
        </extensions>
      </trkpt>
      <trkpt lat="47.68499155528843402862548828125" lon="-122.34727266244590282440185546875">
        <ele>77.8000030517578125</ele>
        <time>2026-08-03T15:36:28.000Z</time>
        <extensions>
          <ns3:TrackPointExtension>
            <ns3:atemp>27.0</ns3:atemp>
            <ns3:hr>100</ns3:hr>
            <ns3:cad>98</ns3:cad>
          </ns3:TrackPointExtension>
        </extensions>
      </trkpt>
      <trkpt lat="47.68496657721698284149169921875" lon="-122.34726998023688793182373046875">
        <ele>77.59999847412109375</ele>
        <time>2026-08-03T15:36:29.000Z</time>
        <extensions>
          <ns3:TrackPointExtension>
            <ns3:atemp>27.0</ns3:atemp>
            <ns3:hr>100</ns3:hr>
            <ns3:cad>98</ns3:cad>
          </ns3:TrackPointExtension>
        </extensions>
      </trkpt>
      <trkpt lat="47.6849473826587200164794921875" lon="-122.3472688905894756317138671875">
        <ele>77.40000152587890625</ele>
        <time>2026-08-03T15:36:30.000Z</time>
        <extensions>
          <ns3:TrackPointExtension>
            <ns3:atemp>27.0</ns3:atemp>
            <ns3:hr>99</ns3:hr>
            <ns3:cad>97</ns3:cad>
          </ns3:TrackPointExtension>
        </extensions>
      </trkpt>
      <trkpt lat="47.6847478933632373809814453125" lon="-122.34726042486727237701416015625">
        <ele>76.59999847412109375</ele>
        <time>2026-08-03T15:36:38.000Z</time>
        <extensions>
          <ns3:TrackPointExtension>
            <ns3:atemp>26.0</ns3:atemp>
            <ns3:hr>99</ns3:hr>
            <ns3:cad>101</ns3:cad>
          </ns3:TrackPointExtension>
        </extensions>
      </trkpt>
      <trkpt lat="47.684695422649383544921875" lon="-122.3472605086863040924072265625">
        <ele>76.59999847412109375</ele>
        <time>2026-08-03T15:36:40.000Z</time>
        <extensions>
          <ns3:TrackPointExtension>
            <ns3:atemp>26.0</ns3:atemp>
            <ns3:hr>99</ns3:hr>
            <ns3:cad>102</ns3:cad>
          </ns3:TrackPointExtension>
        </extensions>
      </trkpt>
      <trkpt lat="47.68460028804838657379150390625" lon="-122.3472650349140167236328125">
        <ele>76.40000152587890625</ele>
        <time>2026-08-03T15:36:44.000Z</time>
        <extensions>
          <ns3:TrackPointExtension>
            <ns3:atemp>26.0</ns3:atemp>
            <ns3:hr>100</ns3:hr>
            <ns3:cad>99</ns3:cad>
          </ns3:TrackPointExtension>
        </extensions>
      </trkpt>
      <trkpt lat="47.6845534332096576690673828125" lon="-122.347266376018524169921875">
        <ele>76</ele>
        <time>2026-08-03T15:36:46.000Z</time>
        <extensions>
          <ns3:TrackPointExtension>
            <ns3:atemp>26.0</ns3:atemp>
            <ns3:hr>101</ns3:hr>
            <ns3:cad>98</ns3:cad>
          </ns3:TrackPointExtension>
        </extensions>
      </trkpt>
      <trkpt lat="47.68438604660332202911376953125" lon="-122.34726629219949245452880859375">
        <ele>75.40000152587890625</ele>
        <time>2026-08-03T15:36:53.000Z</time>
        <extensions>
          <ns3:TrackPointExtension>
            <ns3:atemp>26.0</ns3:atemp>
            <ns3:hr>104</ns3:hr>
            <ns3:cad>99</ns3:cad>
          </ns3:TrackPointExtension>
        </extensions>
      </trkpt>
      <trkpt lat="47.68436106853187084197998046875" lon="-122.3472628556191921234130859375">
        <ele>75.1999969482421875</ele>
        <time>2026-08-03T15:36:54.000Z</time>
        <extensions>
          <ns3:TrackPointExtension>
            <ns3:atemp>26.0</ns3:atemp>
            <ns3:hr>106</ns3:hr>
            <ns3:cad>99</ns3:cad>
          </ns3:TrackPointExtension>
        </extensions>
      </trkpt>
      <trkpt lat="47.684260569512844085693359375" lon="-122.34723578207194805145263671875">
        <ele>75</ele>
        <time>2026-08-03T15:36:58.000Z</time>
        <extensions>
          <ns3:TrackPointExtension>
            <ns3:atemp>26.0</ns3:atemp>
            <ns3:hr>103</ns3:hr>
            <ns3:cad>97</ns3:cad>
          </ns3:TrackPointExtension>
        </extensions>
      </trkpt>
      <trkpt lat="47.6841145567595958709716796875" lon="-122.3472326807677745819091796875">
        <ele>74.8000030517578125</ele>
        <time>2026-08-03T15:37:03.000Z</time>
        <extensions>
          <ns3:TrackPointExtension>
            <ns3:atemp>26.0</ns3:atemp>
            <ns3:hr>104</ns3:hr>
            <ns3:cad>97</ns3:cad>
          </ns3:TrackPointExtension>
        </extensions>
      </trkpt>
      <trkpt lat="47.6840662769973278045654296875" lon="-122.3472460918128490447998046875">
        <ele>74.40000152587890625</ele>
        <time>2026-08-03T15:37:05.000Z</time>
        <extensions>
          <ns3:TrackPointExtension>
            <ns3:atemp>26.0</ns3:atemp>
            <ns3:hr>107</ns3:hr>
            <ns3:cad>97</ns3:cad>
          </ns3:TrackPointExtension>
        </extensions>
      </trkpt>
      <trkpt lat="47.684019505977630615234375" lon="-122.3472481034696102142333984375">
        <ele>74.1999969482421875</ele>
        <time>2026-08-03T15:37:07.000Z</time>
        <extensions>
          <ns3:TrackPointExtension>
            <ns3:atemp>26.0</ns3:atemp>
            <ns3:hr>107</ns3:hr>
            <ns3:cad>99</ns3:cad>
          </ns3:TrackPointExtension>
        </extensions>
      </trkpt>
      <trkpt lat="47.68398840911686420440673828125" lon="-122.34723879955708980560302734375">
        <ele>74.1999969482421875</ele>
        <time>2026-08-03T15:37:09.000Z</time>
        <extensions>
          <ns3:TrackPointExtension>
            <ns3:atemp>26.0</ns3:atemp>
            <ns3:hr>107</ns3:hr>
            <ns3:cad>99</ns3:cad>
          </ns3:TrackPointExtension>
        </extensions>
      </trkpt>
      <trkpt lat="47.683974243700504302978515625" lon="-122.347224466502666473388671875">
        <ele>74.1999969482421875</ele>
        <time>2026-08-03T15:37:10.000Z</time>
        <extensions>
          <ns3:TrackPointExtension>
            <ns3:atemp>26.0</ns3:atemp>
            <ns3:hr>111</ns3:hr>
            <ns3:cad>99</ns3:cad>
          </ns3:TrackPointExtension>
        </extensions>
      </trkpt>
      <trkpt lat="47.68395538441836833953857421875" lon="-122.34720510430634021759033203125">
        <ele>74.1999969482421875</ele>
        <time>2026-08-03T15:37:11.000Z</time>
        <extensions>
          <ns3:TrackPointExtension>
            <ns3:atemp>26.0</ns3:atemp>
            <ns3:hr>108</ns3:hr>
            <ns3:cad>98</ns3:cad>
          </ns3:TrackPointExtension>
        </extensions>
      </trkpt>
      <trkpt lat="47.68388195894658565521240234375" lon="-122.34708826057612895965576171875">
        <ele>74</ele>
        <time>2026-08-03T15:37:16.000Z</time>
        <extensions>
          <ns3:TrackPointExtension>
            <ns3:atemp>26.0</ns3:atemp>
            <ns3:hr>108</ns3:hr>
            <ns3:cad>96</ns3:cad>
          </ns3:TrackPointExtension>
        </extensions>
      </trkpt>
      <trkpt lat="47.6838399656116962432861328125" lon="-122.34699555672705173492431640625">
        <ele>73</ele>
        <time>2026-08-03T15:37:20.000Z</time>
        <extensions>
          <ns3:TrackPointExtension>
            <ns3:atemp>26.0</ns3:atemp>
            <ns3:hr>104</ns3:hr>
            <ns3:cad>97</ns3:cad>
          </ns3:TrackPointExtension>
        </extensions>
      </trkpt>
      <trkpt lat="47.68381909467279911041259765625" lon="-122.3469765298068523406982421875">
        <ele>73</ele>
        <time>2026-08-03T15:37:21.000Z</time>
        <extensions>
          <ns3:TrackPointExtension>
            <ns3:atemp>26.0</ns3:atemp>
            <ns3:hr>107</ns3:hr>
            <ns3:cad>97</ns3:cad>
          </ns3:TrackPointExtension>
        </extensions>
      </trkpt>
      <trkpt lat="47.68380082212388515472412109375" lon="-122.34695448540151119232177734375">
        <ele>72.8000030517578125</ele>
        <time>2026-08-03T15:37:22.000Z</time>
        <extensions>
          <ns3:TrackPointExtension>
            <ns3:atemp>26.0</ns3:atemp>
            <ns3:hr>109</ns3:hr>
            <ns3:cad>97</ns3:cad>
          </ns3:TrackPointExtension>
        </extensions>
      </trkpt>
      <trkpt lat="47.68374432809650897979736328125" lon="-122.34690360724925994873046875">
        <ele>72.40000152587890625</ele>
        <time>2026-08-03T15:37:25.000Z</time>
        <extensions>
          <ns3:TrackPointExtension>
            <ns3:atemp>26.0</ns3:atemp>
            <ns3:hr>113</ns3:hr>
            <ns3:cad>99</ns3:cad>
          </ns3:TrackPointExtension>
        </extensions>
      </trkpt>
      <trkpt lat="47.68370878882706165313720703125" lon="-122.3468679003417491912841796875">
        <ele>72.1999969482421875</ele>
        <time>2026-08-03T15:37:27.000Z</time>
        <extensions>
          <ns3:TrackPointExtension>
            <ns3:atemp>26.0</ns3:atemp>
            <ns3:hr>110</ns3:hr>
            <ns3:cad>100</ns3:cad>
          </ns3:TrackPointExtension>
        </extensions>
      </trkpt>
      <trkpt lat="47.68369085155427455902099609375" lon="-122.3468464426696300506591796875">
        <ele>72</ele>
        <time>2026-08-03T15:37:28.000Z</time>
        <extensions>
          <ns3:TrackPointExtension>
            <ns3:atemp>26.0</ns3:atemp>
            <ns3:hr>112</ns3:hr>
            <ns3:cad>100</ns3:cad>
          </ns3:TrackPointExtension>
        </extensions>
      </trkpt>
      <trkpt lat="47.68367123790085315704345703125" lon="-122.3468239791691303253173828125">
        <ele>72</ele>
        <time>2026-08-03T15:37:29.000Z</time>
        <extensions>
          <ns3:TrackPointExtension>
            <ns3:atemp>26.0</ns3:atemp>
            <ns3:hr>110</ns3:hr>
            <ns3:cad>100</ns3:cad>
          </ns3:TrackPointExtension>
        </extensions>
      </trkpt>
      <trkpt lat="47.68365397118031978607177734375" lon="-122.34680704772472381591796875">
        <ele>71.8000030517578125</ele>
        <time>2026-08-03T15:37:30.000Z</time>
        <extensions>
          <ns3:TrackPointExtension>
            <ns3:atemp>26.0</ns3:atemp>
            <ns3:hr>110</ns3:hr>
            <ns3:cad>99</ns3:cad>
          </ns3:TrackPointExtension>
        </extensions>
      </trkpt>
      <trkpt lat="47.68357752822339534759521484375" lon="-122.3466553352773189544677734375">
        <ele>71</ele>
        <time>2026-08-03T15:37:36.000Z</time>
        <extensions>
          <ns3:TrackPointExtension>
            <ns3:atemp>26.0</ns3:atemp>
            <ns3:hr>111</ns3:hr>
            <ns3:cad>100</ns3:cad>
          </ns3:TrackPointExtension>
        </extensions>
      </trkpt>
      <trkpt lat="47.6834329403936862945556640625" lon="-122.3465356417000293731689453125">
        <ele>69.59999847412109375</ele>
        <time>2026-08-03T15:37:41.000Z</time>
        <extensions>
          <ns3:TrackPointExtension>
            <ns3:atemp>26.0</ns3:atemp>
            <ns3:hr>111</ns3:hr>
            <ns3:cad>98</ns3:cad>
          </ns3:TrackPointExtension>
        </extensions>
      </trkpt>
      <trkpt lat="47.683402262628078460693359375" lon="-122.34651678241789340972900390625">
        <ele>69.40000152587890625</ele>
        <time>2026-08-03T15:37:42.000Z</time>
        <extensions>
          <ns3:TrackPointExtension>
            <ns3:atemp>26.0</ns3:atemp>
            <ns3:hr>111</ns3:hr>
            <ns3:cad>99</ns3:cad>
          </ns3:TrackPointExtension>
        </extensions>
      </trkpt>
      <trkpt lat="47.683331854641437530517578125" lon="-122.3464630544185638427734375">
        <ele>69.1999969482421875</ele>
        <time>2026-08-03T15:37:45.000Z</time>
        <extensions>
          <ns3:TrackPointExtension>
            <ns3:atemp>26.0</ns3:atemp>
            <ns3:hr>116</ns3:hr>
            <ns3:cad>100</ns3:cad>
          </ns3:TrackPointExtension>
        </extensions>
      </trkpt>
      <trkpt lat="47.68331215716898441314697265625" lon="-122.3464434407651424407958984375">
        <ele>69.1999969482421875</ele>
        <time>2026-08-03T15:37:46.000Z</time>
        <extensions>
          <ns3:TrackPointExtension>
            <ns3:atemp>26.0</ns3:atemp>
            <ns3:hr>113</ns3:hr>
            <ns3:cad>101</ns3:cad>
          </ns3:TrackPointExtension>
        </extensions>
      </trkpt>
      <trkpt lat="47.68326203338801860809326171875" lon="-122.3464226536452770233154296875">
        <ele>68.8000030517578125</ele>
        <time>2026-08-03T15:37:48.000Z</time>
        <extensions>
          <ns3:TrackPointExtension>
            <ns3:atemp>26.0</ns3:atemp>
            <ns3:hr>114</ns3:hr>
            <ns3:cad>101</ns3:cad>
          </ns3:TrackPointExtension>
        </extensions>
      </trkpt>
      <trkpt lat="47.68323387019336223602294921875" lon="-122.34642458148300647735595703125">
        <ele>68.59999847412109375</ele>
        <time>2026-08-03T15:37:49.000Z</time>
        <extensions>
          <ns3:TrackPointExtension>
            <ns3:atemp>26.0</ns3:atemp>
            <ns3:hr>114</ns3:hr>
            <ns3:cad>101</ns3:cad>
          </ns3:TrackPointExtension>
        </extensions>
      </trkpt>
      <trkpt lat="47.68305324018001556396484375" lon="-122.34642290510237216949462890625">
        <ele>68.1999969482421875</ele>
        <time>2026-08-03T15:37:55.000Z</time>
        <extensions>
          <ns3:TrackPointExtension>
            <ns3:atemp>26.0</ns3:atemp>
            <ns3:hr>114</ns3:hr>
            <ns3:cad>97</ns3:cad>
          </ns3:TrackPointExtension>
        </extensions>
      </trkpt>
      <trkpt lat="47.68296875059604644775390625" lon="-122.3464300297200679779052734375">
        <ele>67.40000152587890625</ele>
        <time>2026-08-03T15:37:58.000Z</time>
        <extensions>
          <ns3:TrackPointExtension>
            <ns3:atemp>26.0</ns3:atemp>
            <ns3:hr>113</ns3:hr>
            <ns3:cad>98</ns3:cad>
          </ns3:TrackPointExtension>
        </extensions>
      </trkpt>
      <trkpt lat="47.6828861050307750701904296875" lon="-122.34642483294010162353515625">
        <ele>67</ele>
        <time>2026-08-03T15:38:01.000Z</time>
        <extensions>
          <ns3:TrackPointExtension>
            <ns3:atemp>26.0</ns3:atemp>
            <ns3:hr>114</ns3:hr>
            <ns3:cad>98</ns3:cad>
          </ns3:TrackPointExtension>
        </extensions>
      </trkpt>
      <trkpt lat="47.6826819218695163726806640625" lon="-122.3464147746562957763671875">
        <ele>66.59999847412109375</ele>
        <time>2026-08-03T15:38:08.000Z</time>
        <extensions>
          <ns3:TrackPointExtension>
            <ns3:atemp>26.0</ns3:atemp>
            <ns3:hr>115</ns3:hr>
            <ns3:cad>98</ns3:cad>
          </ns3:TrackPointExtension>
        </extensions>
      </trkpt>
      <trkpt lat="47.68265065737068653106689453125" lon="-122.346409074962139129638671875">
        <ele>66.40000152587890625</ele>
        <time>2026-08-03T15:38:09.000Z</time>
        <extensions>
          <ns3:TrackPointExtension>
            <ns3:atemp>26.0</ns3:atemp>
            <ns3:hr>114</ns3:hr>
            <ns3:cad>98</ns3:cad>
          </ns3:TrackPointExtension>
        </extensions>
      </trkpt>
      <trkpt lat="47.68250648863613605499267578125" lon="-122.34645291231572628021240234375">
        <ele>65.40000152587890625</ele>
        <time>2026-08-03T15:38:14.000Z</time>
        <extensions>
          <ns3:TrackPointExtension>
            <ns3:atemp>26.0</ns3:atemp>
            <ns3:hr>118</ns3:hr>
            <ns3:cad>99</ns3:cad>
          </ns3:TrackPointExtension>
        </extensions>
      </trkpt>
      <trkpt lat="47.682478912174701690673828125" lon="-122.3464568518102169036865234375">
        <ele>65.1999969482421875</ele>
        <time>2026-08-03T15:38:15.000Z</time>
        <extensions>
          <ns3:TrackPointExtension>
            <ns3:atemp>26.0</ns3:atemp>
            <ns3:hr>115</ns3:hr>
            <ns3:cad>100</ns3:cad>
          </ns3:TrackPointExtension>
        </extensions>
      </trkpt>
      <trkpt lat="47.68244530074298381805419921875" lon="-122.34645274467766284942626953125">
        <ele>65.1999969482421875</ele>
        <time>2026-08-03T15:38:16.000Z</time>
        <extensions>
          <ns3:TrackPointExtension>
            <ns3:atemp>26.0</ns3:atemp>
            <ns3:hr>116</ns3:hr>
            <ns3:cad>100</ns3:cad>
          </ns3:TrackPointExtension>
        </extensions>
      </trkpt>
      <trkpt lat="47.68219401128590106964111328125" lon="-122.3463968373835086822509765625">
        <ele>64.40000152587890625</ele>
        <time>2026-08-03T15:38:23.000Z</time>
        <extensions>
          <ns3:TrackPointExtension>
            <ns3:atemp>26.0</ns3:atemp>
            <ns3:hr>116</ns3:hr>
            <ns3:cad>98</ns3:cad>
          </ns3:TrackPointExtension>
        </extensions>
      </trkpt>
      <trkpt lat="47.68219401128590106964111328125" lon="-122.3463968373835086822509765625">
        <ele>64.40000152587890625</ele>
        <time>2026-08-03T15:38:24.000Z</time>
        <extensions>
          <ns3:TrackPointExtension>
            <ns3:atemp>26.0</ns3:atemp>
            <ns3:hr>116</ns3:hr>
            <ns3:cad>98</ns3:cad>
          </ns3:TrackPointExtension>
        </extensions>
      </trkpt>
      <trkpt lat="47.68219401128590106964111328125" lon="-122.3463968373835086822509765625">
        <ele>64.1999969482421875</ele>
        <time>2026-08-03T15:38:25.000Z</time>
        <extensions>
          <ns3:TrackPointExtension>
            <ns3:atemp>26.0</ns3:atemp>
            <ns3:hr>116</ns3:hr>
            <ns3:cad>98</ns3:cad>
          </ns3:TrackPointExtension>
        </extensions>
      </trkpt>
      <trkpt lat="47.6820445619523525238037109375" lon="-122.34641217626631259918212890625">
        <ele>63.200000762939453125</ele>
        <time>2026-08-03T15:38:30.000Z</time>
        <extensions>
          <ns3:TrackPointExtension>
            <ns3:atemp>26.0</ns3:atemp>
            <ns3:hr>117</ns3:hr>
            <ns3:cad>100</ns3:cad>
          </ns3:TrackPointExtension>
        </extensions>
      </trkpt>
      <trkpt lat="47.682020254433155059814453125" lon="-122.34641703777015209197998046875">
        <ele>63.200000762939453125</ele>
        <time>2026-08-03T15:38:31.000Z</time>
        <extensions>
          <ns3:TrackPointExtension>
            <ns3:atemp>26.0</ns3:atemp>
            <ns3:hr>119</ns3:hr>
            <ns3:cad>100</ns3:cad>
          </ns3:TrackPointExtension>
        </extensions>
      </trkpt>
      <trkpt lat="47.6818735711276531219482421875" lon="-122.34638887457549571990966796875">
        <ele>62.799999237060546875</ele>
        <time>2026-08-03T15:38:37.000Z</time>
        <extensions>
          <ns3:TrackPointExtension>
            <ns3:atemp>26.0</ns3:atemp>
            <ns3:hr>117</ns3:hr>
            <ns3:cad>100</ns3:cad>
          </ns3:TrackPointExtension>
        </extensions>
      </trkpt>
      <trkpt lat="47.6818212680518627166748046875" lon="-122.3463954962790012359619140625">
        <ele>62.59999847412109375</ele>
        <time>2026-08-03T15:38:39.000Z</time>
        <extensions>
          <ns3:TrackPointExtension>
            <ns3:atemp>26.0</ns3:atemp>
            <ns3:hr>116</ns3:hr>
            <ns3:cad>98</ns3:cad>
          </ns3:TrackPointExtension>
        </extensions>
      </trkpt>
      <trkpt lat="47.681782543659210205078125" lon="-122.34644486568868160247802734375">
        <ele>62.59999847412109375</ele>
        <time>2026-08-03T15:38:41.000Z</time>
        <extensions>
          <ns3:TrackPointExtension>
            <ns3:atemp>26.0</ns3:atemp>
            <ns3:hr>117</ns3:hr>
            <ns3:cad>98</ns3:cad>
          </ns3:TrackPointExtension>
        </extensions>
      </trkpt>
      <trkpt lat="47.681657485663890838623046875" lon="-122.34657763503491878509521484375">
        <ele>63</ele>
        <time>2026-08-03T15:38:47.000Z</time>
        <extensions>
          <ns3:TrackPointExtension>
            <ns3:atemp>26.0</ns3:atemp>
            <ns3:hr>115</ns3:hr>
            <ns3:cad>99</ns3:cad>
          </ns3:TrackPointExtension>
        </extensions>
      </trkpt>
      <trkpt lat="47.68150837160646915435791015625" lon="-122.34676639549434185028076171875">
        <ele>63.200000762939453125</ele>
        <time>2026-08-03T15:38:55.000Z</time>
        <extensions>
          <ns3:TrackPointExtension>
            <ns3:atemp>26.0</ns3:atemp>
            <ns3:hr>119</ns3:hr>
            <ns3:cad>97</ns3:cad>
          </ns3:TrackPointExtension>
        </extensions>
      </trkpt>
      <trkpt lat="47.68133704550564289093017578125" lon="-122.346882484853267669677734375">
        <ele>63.200000762939453125</ele>
        <time>2026-08-03T15:39:02.000Z</time>
        <extensions>
          <ns3:TrackPointExtension>
            <ns3:atemp>26.0</ns3:atemp>
            <ns3:hr>117</ns3:hr>
            <ns3:cad>96</ns3:cad>
          </ns3:TrackPointExtension>
        </extensions>
      </trkpt>
      <trkpt lat="47.681241743266582489013671875" lon="-122.3469590954482555389404296875">
        <ele>63.40000152587890625</ele>
        <time>2026-08-03T15:39:06.000Z</time>
        <extensions>
          <ns3:TrackPointExtension>
            <ns3:atemp>26.0</ns3:atemp>
            <ns3:hr>120</ns3:hr>
            <ns3:cad>96</ns3:cad>
          </ns3:TrackPointExtension>
        </extensions>
      </trkpt>
      <trkpt lat="47.681115008890628814697265625" lon="-122.347035370767116546630859375">
        <ele>63.40000152587890625</ele>
        <time>2026-08-03T15:39:11.000Z</time>
        <extensions>
          <ns3:TrackPointExtension>
            <ns3:atemp>26.0</ns3:atemp>
            <ns3:hr>118</ns3:hr>
            <ns3:cad>97</ns3:cad>
          </ns3:TrackPointExtension>
        </extensions>
      </trkpt>
      <trkpt lat="47.68094276078045368194580078125" lon="-122.34713134355843067169189453125">
        <ele>63.40000152587890625</ele>
        <time>2026-08-03T15:39:19.000Z</time>
        <extensions>
          <ns3:TrackPointExtension>
            <ns3:atemp>26.0</ns3:atemp>
            <ns3:hr>116</ns3:hr>
            <ns3:cad>96</ns3:cad>
          </ns3:TrackPointExtension>
        </extensions>
      </trkpt>
      <trkpt lat="47.68077814020216464996337890625" lon="-122.3472125642001628875732421875">
        <ele>63.40000152587890625</ele>
        <time>2026-08-03T15:39:26.000Z</time>
        <extensions>
          <ns3:TrackPointExtension>
            <ns3:atemp>26.0</ns3:atemp>
            <ns3:hr>118</ns3:hr>
            <ns3:cad>99</ns3:cad>
          </ns3:TrackPointExtension>
        </extensions>
      </trkpt>
      <trkpt lat="47.68058829009532928466796875" lon="-122.3472269810736179351806640625">
        <ele>63</ele>
        <time>2026-08-03T15:39:33.000Z</time>
        <extensions>
          <ns3:TrackPointExtension>
            <ns3:atemp>26.0</ns3:atemp>
            <ns3:hr>116</ns3:hr>
            <ns3:cad>97</ns3:cad>
          </ns3:TrackPointExtension>
        </extensions>
      </trkpt>
      <trkpt lat="47.68055803142488002777099609375" lon="-122.3472323454916477203369140625">
        <ele>62.799999237060546875</ele>
        <time>2026-08-03T15:39:34.000Z</time>
        <extensions>
          <ns3:TrackPointExtension>
            <ns3:atemp>26.0</ns3:atemp>
            <ns3:hr>113</ns3:hr>
            <ns3:cad>97</ns3:cad>
          </ns3:TrackPointExtension>
        </extensions>
      </trkpt>
      <trkpt lat="47.6805294491350650787353515625" lon="-122.34723494388163089752197265625">
        <ele>62.799999237060546875</ele>
        <time>2026-08-03T15:39:35.000Z</time>
        <extensions>
          <ns3:TrackPointExtension>
            <ns3:atemp>26.0</ns3:atemp>
            <ns3:hr>116</ns3:hr>
            <ns3:cad>97</ns3:cad>
          </ns3:TrackPointExtension>
        </extensions>
      </trkpt>
      <trkpt lat="47.6803604699671268463134765625" lon="-122.34723863191902637481689453125">
        <ele>62.799999237060546875</ele>
        <time>2026-08-03T15:39:41.000Z</time>
        <extensions>
          <ns3:TrackPointExtension>
            <ns3:atemp>26.0</ns3:atemp>
            <ns3:hr>117</ns3:hr>
            <ns3:cad>96</ns3:cad>
          </ns3:TrackPointExtension>
        </extensions>
      </trkpt>
      <trkpt lat="47.68024555407464504241943359375" lon="-122.34724651090800762176513671875">
        <ele>62.200000762939453125</ele>
        <time>2026-08-03T15:39:45.000Z</time>
        <extensions>
          <ns3:TrackPointExtension>
            <ns3:atemp>26.0</ns3:atemp>
            <ns3:hr>116</ns3:hr>
            <ns3:cad>98</ns3:cad>
          </ns3:TrackPointExtension>
        </extensions>
      </trkpt>
      <trkpt lat="47.68013323657214641571044921875" lon="-122.34727182425558567047119140625">
        <ele>62</ele>
        <time>2026-08-03T15:39:50.000Z</time>
        <extensions>
          <ns3:TrackPointExtension>
            <ns3:atemp>26.0</ns3:atemp>
            <ns3:hr>115</ns3:hr>
            <ns3:cad>101</ns3:cad>
          </ns3:TrackPointExtension>
        </extensions>
      </trkpt>
      <trkpt lat="47.67997951246798038482666015625" lon="-122.3472561500966548919677734375">
        <ele>61.799999237060546875</ele>
        <time>2026-08-03T15:39:56.000Z</time>
        <extensions>
          <ns3:TrackPointExtension>
            <ns3:atemp>26.0</ns3:atemp>
            <ns3:hr>117</ns3:hr>
            <ns3:cad>97</ns3:cad>
          </ns3:TrackPointExtension>
        </extensions>
      </trkpt>
      <trkpt lat="47.67976426519453525543212890625" lon="-122.34721398912370204925537109375">
        <ele>61.200000762939453125</ele>
        <time>2026-08-03T15:40:02.000Z</time>
        <extensions>
          <ns3:TrackPointExtension>
            <ns3:atemp>26.0</ns3:atemp>
            <ns3:hr>120</ns3:hr>
            <ns3:cad>97</ns3:cad>
          </ns3:TrackPointExtension>
        </extensions>
      </trkpt>
      <trkpt lat="47.6797043345868587493896484375" lon="-122.34721164219081401824951171875">
        <ele>61.200000762939453125</ele>
        <time>2026-08-03T15:40:06.000Z</time>
        <extensions>
          <ns3:TrackPointExtension>
            <ns3:atemp>26.0</ns3:atemp>
            <ns3:hr>121</ns3:hr>
            <ns3:cad>97</ns3:cad>
          </ns3:TrackPointExtension>
        </extensions>
      </trkpt>
      <trkpt lat="47.6795407198369503021240234375" lon="-122.3472675494849681854248046875">
        <ele>60.200000762939453125</ele>
        <time>2026-08-03T15:40:13.000Z</time>
        <extensions>
          <ns3:TrackPointExtension>
            <ns3:atemp>26.0</ns3:atemp>
            <ns3:hr>125</ns3:hr>
            <ns3:cad>98</ns3:cad>
          </ns3:TrackPointExtension>
        </extensions>
      </trkpt>
      <trkpt lat="47.67953426577150821685791015625" lon="-122.34727702103555202484130859375">
        <ele>60.200000762939453125</ele>
        <time>2026-08-03T15:40:14.000Z</time>
        <extensions>
          <ns3:TrackPointExtension>
            <ns3:atemp>26.0</ns3:atemp>
            <ns3:hr>124</ns3:hr>
            <ns3:cad>98</ns3:cad>
          </ns3:TrackPointExtension>
        </extensions>
      </trkpt>
      <trkpt lat="47.67942664213478565216064453125" lon="-122.34730736352503299713134765625">
        <ele>59.799999237060546875</ele>
        <time>2026-08-03T15:40:19.000Z</time>
        <extensions>
          <ns3:TrackPointExtension>
            <ns3:atemp>26.0</ns3:atemp>
            <ns3:hr>124</ns3:hr>
            <ns3:cad>96</ns3:cad>
          </ns3:TrackPointExtension>
        </extensions>
      </trkpt>
      <trkpt lat="47.6792250573635101318359375" lon="-122.34732781536877155303955078125">
        <ele>59.200000762939453125</ele>
        <time>2026-08-03T15:40:26.000Z</time>
        <extensions>
          <ns3:TrackPointExtension>
            <ns3:atemp>26.0</ns3:atemp>
            <ns3:hr>123</ns3:hr>
            <ns3:cad>98</ns3:cad>
          </ns3:TrackPointExtension>
        </extensions>
      </trkpt>
      <trkpt lat="47.67919546924531459808349609375" lon="-122.34732697717845439910888671875">
        <ele>59</ele>
        <time>2026-08-03T15:40:27.000Z</time>
        <extensions>
          <ns3:TrackPointExtension>
            <ns3:atemp>26.0</ns3:atemp>
            <ns3:hr>122</ns3:hr>
            <ns3:cad>98</ns3:cad>
          </ns3:TrackPointExtension>
        </extensions>
      </trkpt>
      <trkpt lat="47.6791387237608432769775390625" lon="-122.3473205231130123138427734375">
        <ele>59</ele>
        <time>2026-08-03T15:40:29.000Z</time>
        <extensions>
          <ns3:TrackPointExtension>
            <ns3:atemp>26.0</ns3:atemp>
            <ns3:hr>119</ns3:hr>
            <ns3:cad>97</ns3:cad>
          </ns3:TrackPointExtension>
        </extensions>
      </trkpt>
      <trkpt lat="47.67908030189573764801025390625" lon="-122.3473161645233631134033203125">
        <ele>58.799999237060546875</ele>
        <time>2026-08-03T15:40:31.000Z</time>
        <extensions>
          <ns3:TrackPointExtension>
            <ns3:atemp>26.0</ns3:atemp>
            <ns3:hr>123</ns3:hr>
            <ns3:cad>97</ns3:cad>
          </ns3:TrackPointExtension>
        </extensions>
      </trkpt>
      <trkpt lat="47.6790059544146060943603515625" lon="-122.3473007418215274810791015625">
        <ele>58.59999847412109375</ele>
        <time>2026-08-03T15:40:34.000Z</time>
        <extensions>
          <ns3:TrackPointExtension>
            <ns3:atemp>26.0</ns3:atemp>
            <ns3:hr>123</ns3:hr>
            <ns3:cad>100</ns3:cad>
          </ns3:TrackPointExtension>
        </extensions>
      </trkpt>
      <trkpt lat="47.67895909957587718963623046875" lon="-122.34729981981217861175537109375">
        <ele>58.59999847412109375</ele>
        <time>2026-08-03T15:40:36.000Z</time>
        <extensions>
          <ns3:TrackPointExtension>
            <ns3:atemp>26.0</ns3:atemp>
            <ns3:hr>126</ns3:hr>
            <ns3:cad>100</ns3:cad>
          </ns3:TrackPointExtension>
        </extensions>
      </trkpt>
      <trkpt lat="47.6789047010242938995361328125" lon="-122.3473025858402252197265625">
        <ele>58.40000152587890625</ele>
        <time>2026-08-03T15:40:38.000Z</time>
        <extensions>
          <ns3:TrackPointExtension>
            <ns3:atemp>26.0</ns3:atemp>
            <ns3:hr>122</ns3:hr>
            <ns3:cad>98</ns3:cad>
          </ns3:TrackPointExtension>
        </extensions>
      </trkpt>
      <trkpt lat="47.678845189511775970458984375" lon="-122.34729428775608539581298828125">
        <ele>58</ele>
        <time>2026-08-03T15:40:40.000Z</time>
        <extensions>
          <ns3:TrackPointExtension>
            <ns3:atemp>26.0</ns3:atemp>
            <ns3:hr>124</ns3:hr>
            <ns3:cad>97</ns3:cad>
          </ns3:TrackPointExtension>
        </extensions>
      </trkpt>
      <trkpt lat="47.678762041032314300537109375" lon="-122.34729395247995853424072265625">
        <ele>57.799999237060546875</ele>
        <time>2026-08-03T15:40:43.000Z</time>
        <extensions>
          <ns3:TrackPointExtension>
            <ns3:atemp>26.0</ns3:atemp>
            <ns3:hr>121</ns3:hr>
            <ns3:cad>96</ns3:cad>
          </ns3:TrackPointExtension>
        </extensions>
      </trkpt>
      <trkpt lat="47.67866053618490695953369140625" lon="-122.347284816205501556396484375">
        <ele>57.40000152587890625</ele>
        <time>2026-08-03T15:40:47.000Z</time>
        <extensions>
          <ns3:TrackPointExtension>
            <ns3:atemp>26.0</ns3:atemp>
            <ns3:hr>124</ns3:hr>
            <ns3:cad>98</ns3:cad>
          </ns3:TrackPointExtension>
        </extensions>
      </trkpt>
      <trkpt lat="47.6785027049481868743896484375" lon="-122.34732043929398059844970703125">
        <ele>57.40000152587890625</ele>
        <time>2026-08-03T15:40:53.000Z</time>
        <extensions>
          <ns3:TrackPointExtension>
            <ns3:atemp>26.0</ns3:atemp>
            <ns3:hr>124</ns3:hr>
            <ns3:cad>96</ns3:cad>
          </ns3:TrackPointExtension>
        </extensions>
      </trkpt>
      <trkpt lat="47.678344957530498504638671875" lon="-122.347300238907337188720703125">
        <ele>56.799999237060546875</ele>
        <time>2026-08-03T15:40:58.000Z</time>
        <extensions>
          <ns3:TrackPointExtension>
            <ns3:atemp>26.0</ns3:atemp>
            <ns3:hr>124</ns3:hr>
            <ns3:cad>98</ns3:cad>
          </ns3:TrackPointExtension>
        </extensions>
      </trkpt>
      <trkpt lat="47.6782448776066303253173828125" lon="-122.3473208583891391754150390625">
        <ele>56.59999847412109375</ele>
        <time>2026-08-03T15:41:02.000Z</time>
        <extensions>
          <ns3:TrackPointExtension>
            <ns3:atemp>26.0</ns3:atemp>
            <ns3:hr>124</ns3:hr>
            <ns3:cad>96</ns3:cad>
          </ns3:TrackPointExtension>
        </extensions>
      </trkpt>
      <trkpt lat="47.67804765142500400543212890625" lon="-122.34734156168997287750244140625">
        <ele>56</ele>
        <time>2026-08-03T15:41:09.000Z</time>
        <extensions>
          <ns3:TrackPointExtension>
            <ns3:atemp>26.0</ns3:atemp>
            <ns3:hr>122</ns3:hr>
            <ns3:cad>97</ns3:cad>
          </ns3:TrackPointExtension>
        </extensions>
      </trkpt>
      <trkpt lat="47.6779927499592304229736328125" lon="-122.34733770601451396942138671875">
        <ele>56</ele>
        <time>2026-08-03T15:41:11.000Z</time>
        <extensions>
          <ns3:TrackPointExtension>
            <ns3:atemp>26.0</ns3:atemp>
            <ns3:hr>122</ns3:hr>
            <ns3:cad>97</ns3:cad>
          </ns3:TrackPointExtension>
        </extensions>
      </trkpt>
      <trkpt lat="47.67785302363336086273193359375" lon="-122.34733007848262786865234375">
        <ele>55.59999847412109375</ele>
        <time>2026-08-03T15:41:16.000Z</time>
        <extensions>
          <ns3:TrackPointExtension>
            <ns3:atemp>26.0</ns3:atemp>
            <ns3:hr>123</ns3:hr>
            <ns3:cad>97</ns3:cad>
          </ns3:TrackPointExtension>
        </extensions>
      </trkpt>
      <trkpt lat="47.67779418267309665679931640625" lon="-122.34732739627361297607421875">
        <ele>55.40000152587890625</ele>
        <time>2026-08-03T15:41:18.000Z</time>
        <extensions>
          <ns3:TrackPointExtension>
            <ns3:atemp>26.0</ns3:atemp>
            <ns3:hr>122</ns3:hr>
            <ns3:cad>97</ns3:cad>
          </ns3:TrackPointExtension>
        </extensions>
      </trkpt>
      <trkpt lat="47.6776138879358768463134765625" lon="-122.3473449982702732086181640625">
        <ele>55.40000152587890625</ele>
        <time>2026-08-03T15:41:25.000Z</time>
        <extensions>
          <ns3:TrackPointExtension>
            <ns3:atemp>26.0</ns3:atemp>
            <ns3:hr>122</ns3:hr>
            <ns3:cad>98</ns3:cad>
          </ns3:TrackPointExtension>
        </extensions>
      </trkpt>
      <trkpt lat="47.67759502865374088287353515625" lon="-122.34734483063220977783203125">
        <ele>55.200000762939453125</ele>
        <time>2026-08-03T15:41:26.000Z</time>
        <extensions>
          <ns3:TrackPointExtension>
            <ns3:atemp>26.0</ns3:atemp>
            <ns3:hr>122</ns3:hr>
            <ns3:cad>97</ns3:cad>
          </ns3:TrackPointExtension>
        </extensions>
      </trkpt>
      <trkpt lat="47.67755630426108837127685546875" lon="-122.347341477870941162109375">
        <ele>55</ele>
        <time>2026-08-03T15:41:28.000Z</time>
        <extensions>
          <ns3:TrackPointExtension>
            <ns3:atemp>26.0</ns3:atemp>
            <ns3:hr>119</ns3:hr>
            <ns3:cad>97</ns3:cad>
          </ns3:TrackPointExtension>
        </extensions>
      </trkpt>
      <trkpt lat="47.6775283925235271453857421875" lon="-122.3473392985761165618896484375">
        <ele>54.799999237060546875</ele>
        <time>2026-08-03T15:41:29.000Z</time>
        <extensions>
          <ns3:TrackPointExtension>
            <ns3:atemp>26.0</ns3:atemp>
            <ns3:hr>122</ns3:hr>
            <ns3:cad>97</ns3:cad>
          </ns3:TrackPointExtension>
        </extensions>
      </trkpt>
      <trkpt lat="47.67741984687745571136474609375" lon="-122.3473441600799560546875">
        <ele>54.799999237060546875</ele>
        <time>2026-08-03T15:41:33.000Z</time>
        <extensions>
          <ns3:TrackPointExtension>
            <ns3:atemp>26.0</ns3:atemp>
            <ns3:hr>122</ns3:hr>
            <ns3:cad>97</ns3:cad>
          </ns3:TrackPointExtension>
        </extensions>
      </trkpt>
      <trkpt lat="47.67731943167746067047119140625" lon="-122.3473503626883029937744140625">
        <ele>54.59999847412109375</ele>
        <time>2026-08-03T15:41:37.000Z</time>
        <extensions>
          <ns3:TrackPointExtension>
            <ns3:atemp>26.0</ns3:atemp>
            <ns3:hr>122</ns3:hr>
            <ns3:cad>97</ns3:cad>
          </ns3:TrackPointExtension>
        </extensions>
      </trkpt>
      <trkpt lat="47.6771786995232105255126953125" lon="-122.3473426513373851776123046875">
        <ele>54</ele>
        <time>2026-08-03T15:41:43.000Z</time>
        <extensions>
          <ns3:TrackPointExtension>
            <ns3:atemp>26.0</ns3:atemp>
            <ns3:hr>121</ns3:hr>
            <ns3:cad>96</ns3:cad>
          </ns3:TrackPointExtension>
        </extensions>
      </trkpt>
      <trkpt lat="47.67698097042739391326904296875" lon="-122.34733502380549907684326171875">
        <ele>53.799999237060546875</ele>
        <time>2026-08-03T15:41:50.000Z</time>
        <extensions>
          <ns3:TrackPointExtension>
            <ns3:atemp>26.0</ns3:atemp>
            <ns3:hr>122</ns3:hr>
            <ns3:cad>96</ns3:cad>
          </ns3:TrackPointExtension>
        </extensions>
      </trkpt>
      <trkpt lat="47.67683596350252628326416015625" lon="-122.34731825999915599822998046875">
        <ele>53.799999237060546875</ele>
        <time>2026-08-03T15:41:56.000Z</time>
        <extensions>
          <ns3:TrackPointExtension>
            <ns3:atemp>26.0</ns3:atemp>
            <ns3:hr>124</ns3:hr>
            <ns3:cad>99</ns3:cad>
          </ns3:TrackPointExtension>
        </extensions>
      </trkpt>
      <trkpt lat="47.6767458580434322357177734375" lon="-122.3472890071570873260498046875">
        <ele>53.799999237060546875</ele>
        <time>2026-08-03T15:42:00.000Z</time>
        <extensions>
          <ns3:TrackPointExtension>
            <ns3:atemp>26.0</ns3:atemp>
            <ns3:hr>127</ns3:hr>
            <ns3:cad>100</ns3:cad>
          </ns3:TrackPointExtension>
        </extensions>
      </trkpt>
      <trkpt lat="47.67670302651822566986083984375" lon="-122.3472811281681060791015625">
        <ele>53.799999237060546875</ele>
        <time>2026-08-03T15:42:02.000Z</time>
        <extensions>
          <ns3:TrackPointExtension>
            <ns3:atemp>26.0</ns3:atemp>
            <ns3:hr>124</ns3:hr>
            <ns3:cad>102</ns3:cad>
          </ns3:TrackPointExtension>
        </extensions>
      </trkpt>
      <trkpt lat="47.676675952970981597900390625" lon="-122.347276769578456878662109375">
        <ele>53.40000152587890625</ele>
        <time>2026-08-03T15:42:03.000Z</time>
        <extensions>
          <ns3:TrackPointExtension>
            <ns3:atemp>26.0</ns3:atemp>
            <ns3:hr>126</ns3:hr>
            <ns3:cad>102</ns3:cad>
          </ns3:TrackPointExtension>
        </extensions>
      </trkpt>
      <trkpt lat="47.6766221411526203155517578125" lon="-122.347261011600494384765625">
        <ele>53.200000762939453125</ele>
        <time>2026-08-03T15:42:04.000Z</time>
        <extensions>
          <ns3:TrackPointExtension>
            <ns3:atemp>26.0</ns3:atemp>
            <ns3:hr>122</ns3:hr>
            <ns3:cad>102</ns3:cad>
          </ns3:TrackPointExtension>
        </extensions>
      </trkpt>
      <trkpt lat="47.6766221411526203155517578125" lon="-122.347261011600494384765625">
        <ele>53.200000762939453125</ele>
        <time>2026-08-03T15:42:05.000Z</time>
        <extensions>
          <ns3:TrackPointExtension>
            <ns3:atemp>26.0</ns3:atemp>
            <ns3:hr>122</ns3:hr>
            <ns3:cad>99</ns3:cad>
          </ns3:TrackPointExtension>
        </extensions>
      </trkpt>
      <trkpt lat="47.67651736736297607421875" lon="-122.3472447507083415985107421875">
        <ele>53.200000762939453125</ele>
        <time>2026-08-03T15:42:09.000Z</time>
        <extensions>
          <ns3:TrackPointExtension>
            <ns3:atemp>26.0</ns3:atemp>
            <ns3:hr>119</ns3:hr>
            <ns3:cad>97</ns3:cad>
          </ns3:TrackPointExtension>
        </extensions>
      </trkpt>
      <trkpt lat="47.67648861743509769439697265625" lon="-122.3472440801560878753662109375">
        <ele>53.200000762939453125</ele>
        <time>2026-08-03T15:42:10.000Z</time>
        <extensions>
          <ns3:TrackPointExtension>
            <ns3:atemp>26.0</ns3:atemp>
            <ns3:hr>122</ns3:hr>
            <ns3:cad>97</ns3:cad>
          </ns3:TrackPointExtension>
        </extensions>
      </trkpt>
      <trkpt lat="47.67642843537032604217529296875" lon="-122.34723930247128009796142578125">
        <ele>52.799999237060546875</ele>
        <time>2026-08-03T15:42:12.000Z</time>
        <extensions>
          <ns3:TrackPointExtension>
            <ns3:atemp>26.0</ns3:atemp>
            <ns3:hr>122</ns3:hr>
            <ns3:cad>97</ns3:cad>
          </ns3:TrackPointExtension>
        </extensions>
      </trkpt>
      <trkpt lat="47.67636557109653949737548828125" lon="-122.3472236283123493194580078125">
        <ele>52.40000152587890625</ele>
        <time>2026-08-03T15:42:14.000Z</time>
        <extensions>
          <ns3:TrackPointExtension>
            <ns3:atemp>26.0</ns3:atemp>
            <ns3:hr>122</ns3:hr>
            <ns3:cad>96</ns3:cad>
          </ns3:TrackPointExtension>
        </extensions>
      </trkpt>
      <trkpt lat="47.67620849423110485076904296875" lon="-122.347256653010845184326171875">
        <ele>52</ele>
        <time>2026-08-03T15:42:19.000Z</time>
        <extensions>
          <ns3:TrackPointExtension>
            <ns3:atemp>26.0</ns3:atemp>
            <ns3:hr>120</ns3:hr>
            <ns3:cad>99</ns3:cad>
          </ns3:TrackPointExtension>
        </extensions>
      </trkpt>
      <trkpt lat="47.676100619137287139892578125" lon="-122.3473617620766162872314453125">
        <ele>51.799999237060546875</ele>
        <time>2026-08-03T15:42:24.000Z</time>
        <extensions>
          <ns3:TrackPointExtension>
            <ns3:atemp>26.0</ns3:atemp>
            <ns3:hr>119</ns3:hr>
            <ns3:cad>98</ns3:cad>
          </ns3:TrackPointExtension>
        </extensions>
      </trkpt>
      <trkpt lat="47.67601403407752513885498046875" lon="-122.3474348522722721099853515625">
        <ele>51.799999237060546875</ele>
        <time>2026-08-03T15:42:28.000Z</time>
        <extensions>
          <ns3:TrackPointExtension>
            <ns3:atemp>26.0</ns3:atemp>
            <ns3:hr>121</ns3:hr>
            <ns3:cad>99</ns3:cad>
          </ns3:TrackPointExtension>
        </extensions>
      </trkpt>
      <trkpt lat="47.67596340738236904144287109375" lon="-122.347480952739715576171875">
        <ele>51.799999237060546875</ele>
        <time>2026-08-03T15:42:30.000Z</time>
        <extensions>
          <ns3:TrackPointExtension>
            <ns3:atemp>26.0</ns3:atemp>
            <ns3:hr>118</ns3:hr>
            <ns3:cad>96</ns3:cad>
          </ns3:TrackPointExtension>
        </extensions>
      </trkpt>
      <trkpt lat="47.6759286224842071533203125" lon="-122.3475359380245208740234375">
        <ele>51.799999237060546875</ele>
        <time>2026-08-03T15:42:32.000Z</time>
        <extensions>
          <ns3:TrackPointExtension>
            <ns3:atemp>26.0</ns3:atemp>
            <ns3:hr>120</ns3:hr>
            <ns3:cad>96</ns3:cad>
          </ns3:TrackPointExtension>
        </extensions>
      </trkpt>
      <trkpt lat="47.6759066618978977203369140625" lon="-122.3475600779056549072265625">
        <ele>51.799999237060546875</ele>
        <time>2026-08-03T15:42:33.000Z</time>
        <extensions>
          <ns3:TrackPointExtension>
            <ns3:atemp>26.0</ns3:atemp>
            <ns3:hr>117</ns3:hr>
            <ns3:cad>96</ns3:cad>
          </ns3:TrackPointExtension>
        </extensions>
      </trkpt>
      <trkpt lat="47.67585041932761669158935546875" lon="-122.3475976288318634033203125">
        <ele>51.799999237060546875</ele>
        <time>2026-08-03T15:42:35.000Z</time>
        <extensions>
          <ns3:TrackPointExtension>
            <ns3:atemp>26.0</ns3:atemp>
            <ns3:hr>121</ns3:hr>
            <ns3:cad>98</ns3:cad>
          </ns3:TrackPointExtension>
        </extensions>
      </trkpt>
      <trkpt lat="47.67576240934431552886962890625" lon="-122.34764465130865573883056640625">
        <ele>51.59999847412109375</ele>
        <time>2026-08-03T15:42:38.000Z</time>
        <extensions>
          <ns3:TrackPointExtension>
            <ns3:atemp>26.0</ns3:atemp>
            <ns3:hr>122</ns3:hr>
            <ns3:cad>97</ns3:cad>
          </ns3:TrackPointExtension>
        </extensions>
      </trkpt>
      <trkpt lat="47.67564875073730945587158203125" lon="-122.3477131314575672149658203125">
        <ele>51.59999847412109375</ele>
        <time>2026-08-03T15:42:43.000Z</time>
        <extensions>
          <ns3:TrackPointExtension>
            <ns3:atemp>26.0</ns3:atemp>
            <ns3:hr>121</ns3:hr>
            <ns3:cad>97</ns3:cad>
          </ns3:TrackPointExtension>
        </extensions>
      </trkpt>
      <trkpt lat="47.67561522312462329864501953125" lon="-122.34772210009396076202392578125">
        <ele>51.59999847412109375</ele>
        <time>2026-08-03T15:42:44.000Z</time>
        <extensions>
          <ns3:TrackPointExtension>
            <ns3:atemp>26.0</ns3:atemp>
            <ns3:hr>122</ns3:hr>
            <ns3:cad>97</ns3:cad>
          </ns3:TrackPointExtension>
        </extensions>
      </trkpt>
      <trkpt lat="47.67555537633597850799560546875" lon="-122.34771908260881900787353515625">
        <ele>51.59999847412109375</ele>
        <time>2026-08-03T15:42:46.000Z</time>
        <extensions>
          <ns3:TrackPointExtension>
            <ns3:atemp>26.0</ns3:atemp>
            <ns3:hr>119</ns3:hr>
            <ns3:cad>97</ns3:cad>
          </ns3:TrackPointExtension>
        </extensions>
      </trkpt>
      <trkpt lat="47.6755277998745441436767578125" lon="-122.3477171547710895538330078125">
        <ele>51.59999847412109375</ele>
        <time>2026-08-03T15:42:47.000Z</time>
        <extensions>
          <ns3:TrackPointExtension>
            <ns3:atemp>26.0</ns3:atemp>
            <ns3:hr>121</ns3:hr>
            <ns3:cad>96</ns3:cad>
          </ns3:TrackPointExtension>
        </extensions>
      </trkpt>
      <trkpt lat="47.67534415237605571746826171875" lon="-122.34771941788494586944580078125">
        <ele>51.59999847412109375</ele>
        <time>2026-08-03T15:42:54.000Z</time>
        <extensions>
          <ns3:TrackPointExtension>
            <ns3:atemp>26.0</ns3:atemp>
            <ns3:hr>122</ns3:hr>
            <ns3:cad>95</ns3:cad>
          </ns3:TrackPointExtension>
        </extensions>
      </trkpt>
      <trkpt lat="47.675243318080902099609375" lon="-122.3476834595203399658203125">
        <ele>51.200000762939453125</ele>
        <time>2026-08-03T15:42:59.000Z</time>
        <extensions>
          <ns3:TrackPointExtension>
            <ns3:atemp>26.0</ns3:atemp>
            <ns3:hr>123</ns3:hr>
            <ns3:cad>92</ns3:cad>
          </ns3:TrackPointExtension>
        </extensions>
      </trkpt>
      <trkpt lat="47.67521188594400882720947265625" lon="-122.34765688888728618621826171875">
        <ele>51.200000762939453125</ele>
        <time>2026-08-03T15:43:01.000Z</time>
        <extensions>
          <ns3:TrackPointExtension>
            <ns3:atemp>26.0</ns3:atemp>
            <ns3:hr>123</ns3:hr>
            <ns3:cad>92</ns3:cad>
          </ns3:TrackPointExtension>
        </extensions>
      </trkpt>
      <trkpt lat="47.67521205358207225799560546875" lon="-122.3476378619670867919921875">
        <ele>51.200000762939453125</ele>
        <time>2026-08-03T15:43:03.000Z</time>
        <extensions>
          <ns3:TrackPointExtension>
            <ns3:atemp>26.0</ns3:atemp>
            <ns3:hr>124</ns3:hr>
            <ns3:cad>92</ns3:cad>
          </ns3:TrackPointExtension>
        </extensions>
      </trkpt>
      <trkpt lat="47.675220184028148651123046875" lon="-122.34760341234505176544189453125">
        <ele>51.200000762939453125</ele>
        <time>2026-08-03T15:43:05.000Z</time>
        <extensions>
          <ns3:TrackPointExtension>
            <ns3:atemp>26.0</ns3:atemp>
            <ns3:hr>124</ns3:hr>
            <ns3:cad>95</ns3:cad>
          </ns3:TrackPointExtension>
        </extensions>
      </trkpt>
      <trkpt lat="47.67518590204417705535888671875" lon="-122.3475320823490619659423828125">
        <ele>51.200000762939453125</ele>
        <time>2026-08-03T15:43:06.000Z</time>
        <extensions>
          <ns3:TrackPointExtension>
            <ns3:atemp>26.0</ns3:atemp>
            <ns3:hr>124</ns3:hr>
            <ns3:cad>96</ns3:cad>
          </ns3:TrackPointExtension>
        </extensions>
      </trkpt>
      <trkpt lat="47.6751593314111232757568359375" lon="-122.347515486180782318115234375">
        <ele>51.59999847412109375</ele>
        <time>2026-08-03T15:43:09.000Z</time>
        <extensions>
          <ns3:TrackPointExtension>
            <ns3:atemp>26.0</ns3:atemp>
            <ns3:hr>124</ns3:hr>
            <ns3:cad>99</ns3:cad>
          </ns3:TrackPointExtension>
        </extensions>
      </trkpt>
      <trkpt lat="47.67503351904451847076416015625" lon="-122.34750836156308650970458984375">
        <ele>52</ele>
        <time>2026-08-03T15:43:14.000Z</time>
        <extensions>
          <ns3:TrackPointExtension>
            <ns3:atemp>26.0</ns3:atemp>
            <ns3:hr>125</ns3:hr>
            <ns3:cad>101</ns3:cad>
          </ns3:TrackPointExtension>
        </extensions>
      </trkpt>
      <trkpt lat="47.67493444494903087615966796875" lon="-122.34750852920114994049072265625">
        <ele>52.40000152587890625</ele>
        <time>2026-08-03T15:43:18.000Z</time>
        <extensions>
          <ns3:TrackPointExtension>
            <ns3:atemp>26.0</ns3:atemp>
            <ns3:hr>124</ns3:hr>
            <ns3:cad>95</ns3:cad>
          </ns3:TrackPointExtension>
        </extensions>
      </trkpt>
      <trkpt lat="47.67481290735304355621337890625" lon="-122.347516156733036041259765625">
        <ele>52.799999237060546875</ele>
        <time>2026-08-03T15:43:23.000Z</time>
        <extensions>
          <ns3:TrackPointExtension>
            <ns3:atemp>25.0</ns3:atemp>
            <ns3:hr>123</ns3:hr>
            <ns3:cad>96</ns3:cad>
          </ns3:TrackPointExtension>
        </extensions>
      </trkpt>
      <trkpt lat="47.67475239001214504241943359375" lon="-122.3475156538188457489013671875">
        <ele>53</ele>
        <time>2026-08-03T15:43:25.000Z</time>
        <extensions>
          <ns3:TrackPointExtension>
            <ns3:atemp>25.0</ns3:atemp>
            <ns3:hr>124</ns3:hr>
            <ns3:cad>96</ns3:cad>
          </ns3:TrackPointExtension>
        </extensions>
      </trkpt>
      <trkpt lat="47.6746513880789279937744140625" lon="-122.347491681575775146484375">
        <ele>53.200000762939453125</ele>
        <time>2026-08-03T15:43:30.000Z</time>
        <extensions>
          <ns3:TrackPointExtension>
            <ns3:atemp>25.0</ns3:atemp>
            <ns3:hr>123</ns3:hr>
            <ns3:cad>97</ns3:cad>
          </ns3:TrackPointExtension>
        </extensions>
      </trkpt>
      <trkpt lat="47.67456413246691226959228515625" lon="-122.347419261932373046875">
        <ele>53.40000152587890625</ele>
        <time>2026-08-03T15:43:35.000Z</time>
        <extensions>
          <ns3:TrackPointExtension>
            <ns3:atemp>25.0</ns3:atemp>
            <ns3:hr>123</ns3:hr>
            <ns3:cad>98</ns3:cad>
          </ns3:TrackPointExtension>
        </extensions>
      </trkpt>
      <trkpt lat="47.67454049549996852874755859375" lon="-122.34740342013537883758544921875">
        <ele>53.59999847412109375</ele>
        <time>2026-08-03T15:43:36.000Z</time>
        <extensions>
          <ns3:TrackPointExtension>
            <ns3:atemp>25.0</ns3:atemp>
            <ns3:hr>123</ns3:hr>
            <ns3:cad>97</ns3:cad>
          </ns3:TrackPointExtension>
        </extensions>
      </trkpt>
      <trkpt lat="47.6743841730058193206787109375" lon="-122.3473347723484039306640625">
        <ele>53.59999847412109375</ele>
        <time>2026-08-03T15:43:42.000Z</time>
        <extensions>
          <ns3:TrackPointExtension>
            <ns3:atemp>25.0</ns3:atemp>
            <ns3:hr>122</ns3:hr>
            <ns3:cad>97</ns3:cad>
          </ns3:TrackPointExtension>
        </extensions>
      </trkpt>
      <trkpt lat="47.67414922825992107391357421875" lon="-122.34692967496812343597412109375">
        <ele>54.40000152587890625</ele>
        <time>2026-08-03T15:43:55.000Z</time>
        <extensions>
          <ns3:TrackPointExtension>
            <ns3:atemp>25.0</ns3:atemp>
            <ns3:hr>123</ns3:hr>
            <ns3:cad>98</ns3:cad>
          </ns3:TrackPointExtension>
        </extensions>
      </trkpt>
      <trkpt lat="47.6740753836929798126220703125" lon="-122.34690989367663860321044921875">
        <ele>54.40000152587890625</ele>
        <time>2026-08-03T15:43:57.000Z</time>
        <extensions>
          <ns3:TrackPointExtension>
            <ns3:atemp>25.0</ns3:atemp>
            <ns3:hr>122</ns3:hr>
            <ns3:cad>98</ns3:cad>
          </ns3:TrackPointExtension>
        </extensions>
      </trkpt>
      <trkpt lat="47.674042694270610809326171875" lon="-122.34683026559650897979736328125">
        <ele>54.40000152587890625</ele>
        <time>2026-08-03T15:43:59.000Z</time>
        <extensions>
          <ns3:TrackPointExtension>
            <ns3:atemp>25.0</ns3:atemp>
            <ns3:hr>123</ns3:hr>
            <ns3:cad>97</ns3:cad>
          </ns3:TrackPointExtension>
        </extensions>
      </trkpt>
      <trkpt lat="47.674003131687641143798828125" lon="-122.34670721925795078277587890625">
        <ele>54.799999237060546875</ele>
        <time>2026-08-03T15:44:03.000Z</time>
        <extensions>
          <ns3:TrackPointExtension>
            <ns3:atemp>25.0</ns3:atemp>
            <ns3:hr>124</ns3:hr>
            <ns3:cad>97</ns3:cad>
          </ns3:TrackPointExtension>
        </extensions>
      </trkpt>
      <trkpt lat="47.67401444725692272186279296875" lon="-122.3464910499751567840576171875">
        <ele>54.799999237060546875</ele>
        <time>2026-08-03T15:44:09.000Z</time>
        <extensions>
          <ns3:TrackPointExtension>
            <ns3:atemp>25.0</ns3:atemp>
            <ns3:hr>123</ns3:hr>
            <ns3:cad>97</ns3:cad>
          </ns3:TrackPointExtension>
        </extensions>
      </trkpt>
      <trkpt lat="47.67401595599949359893798828125" lon="-122.346462719142436981201171875">
        <ele>54.799999237060546875</ele>
        <time>2026-08-03T15:44:10.000Z</time>
        <extensions>
          <ns3:TrackPointExtension>
            <ns3:atemp>25.0</ns3:atemp>
            <ns3:hr>123</ns3:hr>
            <ns3:cad>97</ns3:cad>
          </ns3:TrackPointExtension>
        </extensions>
      </trkpt>
      <trkpt lat="47.6740810833871364593505859375" lon="-122.346248812973499298095703125">
        <ele>53.40000152587890625</ele>
        <time>2026-08-03T15:44:16.000Z</time>
        <extensions>
          <ns3:TrackPointExtension>
            <ns3:atemp>25.0</ns3:atemp>
            <ns3:hr>122</ns3:hr>
            <ns3:cad>96</ns3:cad>
          </ns3:TrackPointExtension>
        </extensions>
      </trkpt>
      <trkpt lat="47.67413347028195858001708984375" lon="-122.34612098895013332366943359375">
        <ele>52.200000762939453125</ele>
        <time>2026-08-03T15:44:20.000Z</time>
        <extensions>
          <ns3:TrackPointExtension>
            <ns3:atemp>25.0</ns3:atemp>
            <ns3:hr>123</ns3:hr>
            <ns3:cad>97</ns3:cad>
          </ns3:TrackPointExtension>
        </extensions>
      </trkpt>
      <trkpt lat="47.6741825044155120849609375" lon="-122.345981597900390625">
        <ele>51.200000762939453125</ele>
        <time>2026-08-03T15:44:24.000Z</time>
        <extensions>
          <ns3:TrackPointExtension>
            <ns3:atemp>25.0</ns3:atemp>
            <ns3:hr>122</ns3:hr>
            <ns3:cad>99</ns3:cad>
          </ns3:TrackPointExtension>
        </extensions>
      </trkpt>
      <trkpt lat="47.674270011484622955322265625" lon="-122.34582728706300258636474609375">
        <ele>50</ele>
        <time>2026-08-03T15:44:29.000Z</time>
        <extensions>
          <ns3:TrackPointExtension>
            <ns3:atemp>25.0</ns3:atemp>
            <ns3:hr>122</ns3:hr>
            <ns3:cad>98</ns3:cad>
          </ns3:TrackPointExtension>
        </extensions>
      </trkpt>
      <trkpt lat="47.674270011484622955322265625" lon="-122.3457963578402996063232421875">
        <ele>50</ele>
        <time>2026-08-03T15:44:30.000Z</time>
        <extensions>
          <ns3:TrackPointExtension>
            <ns3:atemp>25.0</ns3:atemp>
            <ns3:hr>122</ns3:hr>
            <ns3:cad>98</ns3:cad>
          </ns3:TrackPointExtension>
        </extensions>
      </trkpt>
      <trkpt lat="47.67425266094505786895751953125" lon="-122.345695607364177703857421875">
        <ele>49.59999847412109375</ele>
        <time>2026-08-03T15:44:33.000Z</time>
        <extensions>
          <ns3:TrackPointExtension>
            <ns3:atemp>25.0</ns3:atemp>
            <ns3:hr>122</ns3:hr>
            <ns3:cad>95</ns3:cad>
          </ns3:TrackPointExtension>
        </extensions>
      </trkpt>
      <trkpt lat="47.67423539422452449798583984375" lon="-122.34563014470040798187255859375">
        <ele>49.40000152587890625</ele>
        <time>2026-08-03T15:44:35.000Z</time>
        <extensions>
          <ns3:TrackPointExtension>
            <ns3:atemp>25.0</ns3:atemp>
            <ns3:hr>122</ns3:hr>
            <ns3:cad>97</ns3:cad>
          </ns3:TrackPointExtension>
        </extensions>
      </trkpt>
      <trkpt lat="47.67415962181985378265380859375" lon="-122.3455003090202808380126953125">
        <ele>49.200000762939453125</ele>
        <time>2026-08-03T15:44:39.000Z</time>
        <extensions>
          <ns3:TrackPointExtension>
            <ns3:atemp>25.0</ns3:atemp>
            <ns3:hr>126</ns3:hr>
            <ns3:cad>97</ns3:cad>
          </ns3:TrackPointExtension>
        </extensions>
      </trkpt>
      <trkpt lat="47.6741374097764492034912109375" lon="-122.34546569176018238067626953125">
        <ele>49.200000762939453125</ele>
        <time>2026-08-03T15:44:40.000Z</time>
        <extensions>
          <ns3:TrackPointExtension>
            <ns3:atemp>25.0</ns3:atemp>
            <ns3:hr>124</ns3:hr>
            <ns3:cad>97</ns3:cad>
          </ns3:TrackPointExtension>
        </extensions>
      </trkpt>
      <trkpt lat="47.674091644585132598876953125" lon="-122.34536175616085529327392578125">
        <ele>49</ele>
        <time>2026-08-03T15:44:43.000Z</time>
        <extensions>
          <ns3:TrackPointExtension>
            <ns3:atemp>25.0</ns3:atemp>
            <ns3:hr>122</ns3:hr>
            <ns3:cad>97</ns3:cad>
          </ns3:TrackPointExtension>
        </extensions>
      </trkpt>
      <trkpt lat="47.674028612673282623291015625" lon="-122.3452579043805599212646484375">
        <ele>49</ele>
        <time>2026-08-03T15:44:46.000Z</time>
        <extensions>
          <ns3:TrackPointExtension>
            <ns3:atemp>24.0</ns3:atemp>
            <ns3:hr>121</ns3:hr>
            <ns3:cad>95</ns3:cad>
          </ns3:TrackPointExtension>
        </extensions>
      </trkpt>
      <trkpt lat="47.6739518344402313232421875" lon="-122.34512069262564182281494140625">
        <ele>48.40000152587890625</ele>
        <time>2026-08-03T15:44:50.000Z</time>
        <extensions>
          <ns3:TrackPointExtension>
            <ns3:atemp>24.0</ns3:atemp>
            <ns3:hr>122</ns3:hr>
            <ns3:cad>97</ns3:cad>
          </ns3:TrackPointExtension>
        </extensions>
      </trkpt>
      <trkpt lat="47.673927359282970428466796875" lon="-122.3450897634029388427734375">
        <ele>48.200000762939453125</ele>
        <time>2026-08-03T15:44:51.000Z</time>
        <extensions>
          <ns3:TrackPointExtension>
            <ns3:atemp>24.0</ns3:atemp>
            <ns3:hr>124</ns3:hr>
            <ns3:cad>97</ns3:cad>
          </ns3:TrackPointExtension>
        </extensions>
      </trkpt>
      <trkpt lat="47.67386491410434246063232421875" lon="-122.34500183723866939544677734375">
        <ele>48.200000762939453125</ele>
        <time>2026-08-03T15:44:54.000Z</time>
        <extensions>
          <ns3:TrackPointExtension>
            <ns3:atemp>24.0</ns3:atemp>
            <ns3:hr>121</ns3:hr>
            <ns3:cad>96</ns3:cad>
          </ns3:TrackPointExtension>
        </extensions>
      </trkpt>
      <trkpt lat="47.67372644506394863128662109375" lon="-122.34482824802398681640625">
        <ele>48.40000152587890625</ele>
        <time>2026-08-03T15:45:00.000Z</time>
        <extensions>
          <ns3:TrackPointExtension>
            <ns3:atemp>24.0</ns3:atemp>
            <ns3:hr>122</ns3:hr>
            <ns3:cad>96</ns3:cad>
          </ns3:TrackPointExtension>
        </extensions>
      </trkpt>
      <trkpt lat="47.67363809980452060699462890625" lon="-122.34468818642199039459228515625">
        <ele>48.200000762939453125</ele>
        <time>2026-08-03T15:45:05.000Z</time>
        <extensions>
          <ns3:TrackPointExtension>
            <ns3:atemp>24.0</ns3:atemp>
            <ns3:hr>125</ns3:hr>
            <ns3:cad>97</ns3:cad>
          </ns3:TrackPointExtension>
        </extensions>
      </trkpt>
      <trkpt lat="47.67359711229801177978515625" lon="-122.3446299321949481964111328125">
        <ele>48.200000762939453125</ele>
        <time>2026-08-03T15:45:07.000Z</time>
        <extensions>
          <ns3:TrackPointExtension>
            <ns3:atemp>24.0</ns3:atemp>
            <ns3:hr>123</ns3:hr>
            <ns3:cad>97</ns3:cad>
          </ns3:TrackPointExtension>
        </extensions>
      </trkpt>
      <trkpt lat="47.67348789609968662261962890625" lon="-122.34452675096690654754638671875">
        <ele>47.799999237060546875</ele>
        <time>2026-08-03T15:45:11.000Z</time>
        <extensions>
          <ns3:TrackPointExtension>
            <ns3:atemp>24.0</ns3:atemp>
            <ns3:hr>123</ns3:hr>
            <ns3:cad>96</ns3:cad>
          </ns3:TrackPointExtension>
        </extensions>
      </trkpt>
      <trkpt lat="47.67346258275210857391357421875" lon="-122.3445052094757556915283203125">
        <ele>47.799999237060546875</ele>
        <time>2026-08-03T15:45:12.000Z</time>
        <extensions>
          <ns3:TrackPointExtension>
            <ns3:atemp>24.0</ns3:atemp>
            <ns3:hr>124</ns3:hr>
            <ns3:cad>96</ns3:cad>
          </ns3:TrackPointExtension>
        </extensions>
      </trkpt>
      <trkpt lat="47.67332553863525390625" lon="-122.34435441903769969940185546875">
        <ele>47.799999237060546875</ele>
        <time>2026-08-03T15:45:19.000Z</time>
        <extensions>
          <ns3:TrackPointExtension>
            <ns3:atemp>24.0</ns3:atemp>
            <ns3:hr>123</ns3:hr>
            <ns3:cad>96</ns3:cad>
          </ns3:TrackPointExtension>
        </extensions>
      </trkpt>
      <trkpt lat="47.673209868371486663818359375" lon="-122.34428619034588336944580078125">
        <ele>47.799999237060546875</ele>
        <time>2026-08-03T15:45:23.000Z</time>
        <extensions>
          <ns3:TrackPointExtension>
            <ns3:atemp>24.0</ns3:atemp>
            <ns3:hr>123</ns3:hr>
            <ns3:cad>96</ns3:cad>
          </ns3:TrackPointExtension>
        </extensions>
      </trkpt>
      <trkpt lat="47.6731902547180652618408203125" lon="-122.3442685045301914215087890625">
        <ele>47.799999237060546875</ele>
        <time>2026-08-03T15:45:24.000Z</time>
        <extensions>
          <ns3:TrackPointExtension>
            <ns3:atemp>24.0</ns3:atemp>
            <ns3:hr>123</ns3:hr>
            <ns3:cad>96</ns3:cad>
          </ns3:TrackPointExtension>
        </extensions>
      </trkpt>
      <trkpt lat="47.673104591667652130126953125" lon="-122.3441467992961406707763671875">
        <ele>47.40000152587890625</ele>
        <time>2026-08-03T15:45:29.000Z</time>
        <extensions>
          <ns3:TrackPointExtension>
            <ns3:atemp>24.0</ns3:atemp>
            <ns3:hr>124</ns3:hr>
            <ns3:cad>97</ns3:cad>
          </ns3:TrackPointExtension>
        </extensions>
      </trkpt>
      <trkpt lat="47.6730115525424480438232421875" lon="-122.34400824643671512603759765625">
        <ele>47.40000152587890625</ele>
        <time>2026-08-03T15:45:34.000Z</time>
        <extensions>
          <ns3:TrackPointExtension>
            <ns3:atemp>24.0</ns3:atemp>
            <ns3:hr>126</ns3:hr>
            <ns3:cad>100</ns3:cad>
          </ns3:TrackPointExtension>
        </extensions>
      </trkpt>
      <trkpt lat="47.67298615537583827972412109375" lon="-122.3439835198223590850830078125">
        <ele>47.40000152587890625</ele>
        <time>2026-08-03T15:45:35.000Z</time>
        <extensions>
          <ns3:TrackPointExtension>
            <ns3:atemp>24.0</ns3:atemp>
            <ns3:hr>122</ns3:hr>
            <ns3:cad>100</ns3:cad>
          </ns3:TrackPointExtension>
        </extensions>
      </trkpt>
      <trkpt lat="47.67285204492509365081787109375" lon="-122.343883104622364044189453125">
        <ele>46.799999237060546875</ele>
        <time>2026-08-03T15:45:40.000Z</time>
        <extensions>
          <ns3:TrackPointExtension>
            <ns3:atemp>24.0</ns3:atemp>
            <ns3:hr>121</ns3:hr>
            <ns3:cad>98</ns3:cad>
          </ns3:TrackPointExtension>
        </extensions>
      </trkpt>
      <trkpt lat="47.672772668302059173583984375" lon="-122.343834154307842254638671875">
        <ele>46.59999847412109375</ele>
        <time>2026-08-03T15:45:43.000Z</time>
        <extensions>
          <ns3:TrackPointExtension>
            <ns3:atemp>24.0</ns3:atemp>
            <ns3:hr>124</ns3:hr>
            <ns3:cad>101</ns3:cad>
          </ns3:TrackPointExtension>
        </extensions>
      </trkpt>
      <trkpt lat="47.67269144766032695770263671875" lon="-122.34379266388714313507080078125">
        <ele>46.59999847412109375</ele>
        <time>2026-08-03T15:45:46.000Z</time>
        <extensions>
          <ns3:TrackPointExtension>
            <ns3:atemp>24.0</ns3:atemp>
            <ns3:hr>123</ns3:hr>
            <ns3:cad>100</ns3:cad>
          </ns3:TrackPointExtension>
        </extensions>
      </trkpt>
      <trkpt lat="47.67261634580790996551513671875" lon="-122.3437189869582653045654296875">
        <ele>46.799999237060546875</ele>
        <time>2026-08-03T15:45:49.000Z</time>
        <extensions>
          <ns3:TrackPointExtension>
            <ns3:atemp>24.0</ns3:atemp>
            <ns3:hr>123</ns3:hr>
            <ns3:cad>98</ns3:cad>
          </ns3:TrackPointExtension>
        </extensions>
      </trkpt>
      <trkpt lat="47.67260511405766010284423828125" lon="-122.34365117736160755157470703125">
        <ele>46.799999237060546875</ele>
        <time>2026-08-03T15:45:51.000Z</time>
        <extensions>
          <ns3:TrackPointExtension>
            <ns3:atemp>24.0</ns3:atemp>
            <ns3:hr>123</ns3:hr>
            <ns3:cad>99</ns3:cad>
          </ns3:TrackPointExtension>
        </extensions>
      </trkpt>
      <trkpt lat="47.67259798943996429443359375" lon="-122.3436294682323932647705078125">
        <ele>46.799999237060546875</ele>
        <time>2026-08-03T15:45:52.000Z</time>
        <extensions>
          <ns3:TrackPointExtension>
            <ns3:atemp>24.0</ns3:atemp>
            <ns3:hr>123</ns3:hr>
            <ns3:cad>99</ns3:cad>
          </ns3:TrackPointExtension>
        </extensions>
      </trkpt>
      <trkpt lat="47.672561109066009521484375" lon="-122.343598119914531707763671875">
        <ele>46.799999237060546875</ele>
        <time>2026-08-03T15:45:54.000Z</time>
        <extensions>
          <ns3:TrackPointExtension>
            <ns3:atemp>24.0</ns3:atemp>
            <ns3:hr>123</ns3:hr>
            <ns3:cad>99</ns3:cad>
          </ns3:TrackPointExtension>
        </extensions>
      </trkpt>
      <trkpt lat="47.6724144257605075836181640625" lon="-122.34352712519466876983642578125">
        <ele>46.40000152587890625</ele>
        <time>2026-08-03T15:46:00.000Z</time>
        <extensions>
          <ns3:TrackPointExtension>
            <ns3:atemp>24.0</ns3:atemp>
            <ns3:hr>124</ns3:hr>
            <ns3:cad>96</ns3:cad>
          </ns3:TrackPointExtension>
        </extensions>
      </trkpt>
      <trkpt lat="47.67236153595149517059326171875" lon="-122.34351958148181438446044921875">
        <ele>46.40000152587890625</ele>
        <time>2026-08-03T15:46:01.000Z</time>
        <extensions>
          <ns3:TrackPointExtension>
            <ns3:atemp>24.0</ns3:atemp>
            <ns3:hr>120</ns3:hr>
            <ns3:cad>96</ns3:cad>
          </ns3:TrackPointExtension>
        </extensions>
      </trkpt>
      <trkpt lat="47.672307305037975311279296875" lon="-122.3434651829302310943603515625">
        <ele>46</ele>
        <time>2026-08-03T15:46:05.000Z</time>
        <extensions>
          <ns3:TrackPointExtension>
            <ns3:atemp>24.0</ns3:atemp>
            <ns3:hr>124</ns3:hr>
            <ns3:cad>96</ns3:cad>
          </ns3:TrackPointExtension>
        </extensions>
      </trkpt>
      <trkpt lat="47.67226028256118297576904296875" lon="-122.34345068223774433135986328125">
        <ele>46</ele>
        <time>2026-08-03T15:46:07.000Z</time>
        <extensions>
          <ns3:TrackPointExtension>
            <ns3:atemp>24.0</ns3:atemp>
            <ns3:hr>124</ns3:hr>
            <ns3:cad>96</ns3:cad>
          </ns3:TrackPointExtension>
        </extensions>
      </trkpt>
      <trkpt lat="47.6722008548676967620849609375" lon="-122.3434470780193805694580078125">
        <ele>45.799999237060546875</ele>
        <time>2026-08-03T15:46:09.000Z</time>
        <extensions>
          <ns3:TrackPointExtension>
            <ns3:atemp>24.0</ns3:atemp>
            <ns3:hr>123</ns3:hr>
            <ns3:cad>96</ns3:cad>
          </ns3:TrackPointExtension>
        </extensions>
      </trkpt>
      <trkpt lat="47.672076635062694549560546875" lon="-122.3433749936521053314208984375">
        <ele>45.200000762939453125</ele>
        <time>2026-08-03T15:48:37.000Z</time>
        <extensions>
          <ns3:TrackPointExtension>
            <ns3:atemp>24.0</ns3:atemp>
            <ns3:hr>77</ns3:hr>
            <ns3:cad>54</ns3:cad>
          </ns3:TrackPointExtension>
        </extensions>
      </trkpt>
      <trkpt lat="47.6720757968723773956298828125" lon="-122.3433827050030231475830078125">
        <ele>45.200000762939453125</ele>
        <time>2026-08-03T15:48:38.000Z</time>
        <extensions>
          <ns3:TrackPointExtension>
            <ns3:atemp>24.0</ns3:atemp>
            <ns3:hr>74</ns3:hr>
            <ns3:cad>0</ns3:cad>
          </ns3:TrackPointExtension>
        </extensions>
      </trkpt>
      <trkpt lat="47.6720630563795566558837890625" lon="-122.34339536167681217193603515625">
        <ele>45.40000152587890625</ele>
        <time>2026-08-03T15:48:39.000Z</time>
        <extensions>
          <ns3:TrackPointExtension>
            <ns3:atemp>24.0</ns3:atemp>
            <ns3:hr>74</ns3:hr>
            <ns3:cad>0</ns3:cad>
          </ns3:TrackPointExtension>
        </extensions>
      </trkpt>
      <trkpt lat="47.67197680659592151641845703125" lon="-122.34341648407280445098876953125">
        <ele>45.40000152587890625</ele>
        <time>2026-08-03T15:48:43.000Z</time>
        <extensions>
          <ns3:TrackPointExtension>
            <ns3:atemp>24.0</ns3:atemp>
            <ns3:hr>74</ns3:hr>
            <ns3:cad>94</ns3:cad>
          </ns3:TrackPointExtension>
        </extensions>
      </trkpt>
      <trkpt lat="47.6717861182987689971923828125" lon="-122.3434467427432537078857421875">
        <ele>45.40000152587890625</ele>
        <time>2026-08-03T15:48:51.000Z</time>
        <extensions>
          <ns3:TrackPointExtension>
            <ns3:atemp>24.0</ns3:atemp>
            <ns3:hr>73</ns3:hr>
            <ns3:cad>96</ns3:cad>
          </ns3:TrackPointExtension>
        </extensions>
      </trkpt>
      <trkpt lat="47.67174261622130870819091796875" lon="-122.343417070806026458740234375">
        <ele>45.59999847412109375</ele>
        <time>2026-08-03T15:48:54.000Z</time>
        <extensions>
          <ns3:TrackPointExtension>
            <ns3:atemp>24.0</ns3:atemp>
            <ns3:hr>76</ns3:hr>
            <ns3:cad>95</ns3:cad>
          </ns3:TrackPointExtension>
        </extensions>
      </trkpt>
      <trkpt lat="47.67169852741062641143798828125" lon="-122.34335747547447681427001953125">
        <ele>46</ele>
        <time>2026-08-03T15:48:57.000Z</time>
        <extensions>
          <ns3:TrackPointExtension>
            <ns3:atemp>24.0</ns3:atemp>
            <ns3:hr>81</ns3:hr>
            <ns3:cad>96</ns3:cad>
          </ns3:TrackPointExtension>
        </extensions>
      </trkpt>
      <trkpt lat="47.67165963537991046905517578125" lon="-122.34330215491354465484619140625">
        <ele>46</ele>
        <time>2026-08-03T15:49:00.000Z</time>
        <extensions>
          <ns3:TrackPointExtension>
            <ns3:atemp>24.0</ns3:atemp>
            <ns3:hr>84</ns3:hr>
            <ns3:cad>99</ns3:cad>
          </ns3:TrackPointExtension>
        </extensions>
      </trkpt>
      <trkpt lat="47.67162744887173175811767578125" lon="-122.34324012883007526397705078125">
        <ele>46</ele>
        <time>2026-08-03T15:49:03.000Z</time>
        <extensions>
          <ns3:TrackPointExtension>
            <ns3:atemp>24.0</ns3:atemp>
            <ns3:hr>91</ns3:hr>
            <ns3:cad>98</ns3:cad>
          </ns3:TrackPointExtension>
        </extensions>
      </trkpt>
      <trkpt lat="47.67161705531179904937744140625" lon="-122.34321800060570240020751953125">
        <ele>46</ele>
        <time>2026-08-03T15:49:04.000Z</time>
        <extensions>
          <ns3:TrackPointExtension>
            <ns3:atemp>24.0</ns3:atemp>
            <ns3:hr>95</ns3:hr>
            <ns3:cad>98</ns3:cad>
          </ns3:TrackPointExtension>
        </extensions>
      </trkpt>
      <trkpt lat="47.67159928567707538604736328125" lon="-122.3431889154016971588134765625">
        <ele>46</ele>
        <time>2026-08-03T15:49:05.000Z</time>
        <extensions>
          <ns3:TrackPointExtension>
            <ns3:atemp>24.0</ns3:atemp>
            <ns3:hr>99</ns3:hr>
            <ns3:cad>99</ns3:cad>
          </ns3:TrackPointExtension>
        </extensions>
      </trkpt>
      <trkpt lat="47.6715673506259918212890625" lon="-122.34312345273792743682861328125">
        <ele>45.799999237060546875</ele>
        <time>2026-08-03T15:49:07.000Z</time>
        <extensions>
          <ns3:TrackPointExtension>
            <ns3:atemp>24.0</ns3:atemp>
            <ns3:hr>103</ns3:hr>
            <ns3:cad>99</ns3:cad>
          </ns3:TrackPointExtension>
        </extensions>
      </trkpt>
      <trkpt lat="47.67155402339994907379150390625" lon="-122.34306000173091888427734375">
        <ele>45.799999237060546875</ele>
        <time>2026-08-03T15:49:09.000Z</time>
        <extensions>
          <ns3:TrackPointExtension>
            <ns3:atemp>24.0</ns3:atemp>
            <ns3:hr>105</ns3:hr>
            <ns3:cad>98</ns3:cad>
          </ns3:TrackPointExtension>
        </extensions>
      </trkpt>
      <trkpt lat="47.67140951938927173614501953125" lon="-122.34286176972091197967529296875">
        <ele>45.59999847412109375</ele>
        <time>2026-08-03T15:49:14.000Z</time>
        <extensions>
          <ns3:TrackPointExtension>
            <ns3:atemp>24.0</ns3:atemp>
            <ns3:hr>106</ns3:hr>
            <ns3:cad>97</ns3:cad>
          </ns3:TrackPointExtension>
        </extensions>
      </trkpt>
      <trkpt lat="47.67141915857791900634765625" lon="-122.3427399806678295135498046875">
        <ele>45.799999237060546875</ele>
        <time>2026-08-03T15:49:17.000Z</time>
        <extensions>
          <ns3:TrackPointExtension>
            <ns3:atemp>24.0</ns3:atemp>
            <ns3:hr>107</ns3:hr>
            <ns3:cad>97</ns3:cad>
          </ns3:TrackPointExtension>
        </extensions>
      </trkpt>
      <trkpt lat="47.67143080942332744598388671875" lon="-122.34260695986449718475341796875">
        <ele>45.799999237060546875</ele>
        <time>2026-08-03T15:49:20.000Z</time>
        <extensions>
          <ns3:TrackPointExtension>
            <ns3:atemp>24.0</ns3:atemp>
            <ns3:hr>108</ns3:hr>
            <ns3:cad>97</ns3:cad>
          </ns3:TrackPointExtension>
        </extensions>
      </trkpt>
      <trkpt lat="47.67141924239695072174072265625" lon="-122.3425237275660037994384765625">
        <ele>45.799999237060546875</ele>
        <time>2026-08-03T15:49:22.000Z</time>
        <extensions>
          <ns3:TrackPointExtension>
            <ns3:atemp>24.0</ns3:atemp>
            <ns3:hr>110</ns3:hr>
            <ns3:cad>97</ns3:cad>
          </ns3:TrackPointExtension>
        </extensions>
      </trkpt>
      <trkpt lat="47.67141639254987239837646484375" lon="-122.3424811474978923797607421875">
        <ele>45.799999237060546875</ele>
        <time>2026-08-03T15:49:23.000Z</time>
        <extensions>
          <ns3:TrackPointExtension>
            <ns3:atemp>24.0</ns3:atemp>
            <ns3:hr>110</ns3:hr>
            <ns3:cad>97</ns3:cad>
          </ns3:TrackPointExtension>
        </extensions>
      </trkpt>
      <trkpt lat="47.67143567092716693878173828125" lon="-122.342358939349651336669921875">
        <ele>45.59999847412109375</ele>
        <time>2026-08-03T15:49:26.000Z</time>
        <extensions>
          <ns3:TrackPointExtension>
            <ns3:atemp>24.0</ns3:atemp>
            <ns3:hr>113</ns3:hr>
            <ns3:cad>96</ns3:cad>
          </ns3:TrackPointExtension>
        </extensions>
      </trkpt>
      <trkpt lat="47.6714719645678997039794921875" lon="-122.342086024582386016845703125">
        <ele>45.40000152587890625</ele>
        <time>2026-08-03T15:49:33.000Z</time>
        <extensions>
          <ns3:TrackPointExtension>
            <ns3:atemp>24.0</ns3:atemp>
            <ns3:hr>115</ns3:hr>
            <ns3:cad>97</ns3:cad>
          </ns3:TrackPointExtension>
        </extensions>
      </trkpt>
      <trkpt lat="47.67146886326372623443603515625" lon="-122.34204755164682865142822265625">
        <ele>45.59999847412109375</ele>
        <time>2026-08-03T15:49:34.000Z</time>
        <extensions>
          <ns3:TrackPointExtension>
            <ns3:atemp>24.0</ns3:atemp>
            <ns3:hr>115</ns3:hr>
            <ns3:cad>97</ns3:cad>
          </ns3:TrackPointExtension>
        </extensions>
      </trkpt>
      <trkpt lat="47.67150104977190494537353515625" lon="-122.3418823443353176116943359375">
        <ele>45.59999847412109375</ele>
        <time>2026-08-03T15:49:39.000Z</time>
        <extensions>
          <ns3:TrackPointExtension>
            <ns3:atemp>23.0</ns3:atemp>
            <ns3:hr>117</ns3:hr>
            <ns3:cad>99</ns3:cad>
          </ns3:TrackPointExtension>
        </extensions>
      </trkpt>
      <trkpt lat="47.67154254019260406494140625" lon="-122.34168536961078643798828125">
        <ele>45.200000762939453125</ele>
        <time>2026-08-03T15:49:44.000Z</time>
        <extensions>
          <ns3:TrackPointExtension>
            <ns3:atemp>23.0</ns3:atemp>
            <ns3:hr>118</ns3:hr>
            <ns3:cad>96</ns3:cad>
          </ns3:TrackPointExtension>
        </extensions>
      </trkpt>
      <trkpt lat="47.67156106419861316680908203125" lon="-122.341528125107288360595703125">
        <ele>45.200000762939453125</ele>
        <time>2026-08-03T15:49:48.000Z</time>
        <extensions>
          <ns3:TrackPointExtension>
            <ns3:atemp>23.0</ns3:atemp>
            <ns3:hr>118</ns3:hr>
            <ns3:cad>95</ns3:cad>
          </ns3:TrackPointExtension>
        </extensions>
      </trkpt>
      <trkpt lat="47.6715941727161407470703125" lon="-122.3414344154298305511474609375">
        <ele>45.200000762939453125</ele>
        <time>2026-08-03T15:49:51.000Z</time>
        <extensions>
          <ns3:TrackPointExtension>
            <ns3:atemp>23.0</ns3:atemp>
            <ns3:hr>119</ns3:hr>
            <ns3:cad>96</ns3:cad>
          </ns3:TrackPointExtension>
        </extensions>
      </trkpt>
      <trkpt lat="47.67159475944936275482177734375" lon="-122.34135420061647891998291015625">
        <ele>45.200000762939453125</ele>
        <time>2026-08-03T15:49:53.000Z</time>
        <extensions>
          <ns3:TrackPointExtension>
            <ns3:atemp>23.0</ns3:atemp>
            <ns3:hr>119</ns3:hr>
            <ns3:cad>95</ns3:cad>
          </ns3:TrackPointExtension>
        </extensions>
      </trkpt>
      <trkpt lat="47.67163616605103015899658203125" lon="-122.3412057571113109588623046875">
        <ele>45.40000152587890625</ele>
        <time>2026-08-03T15:49:57.000Z</time>
        <extensions>
          <ns3:TrackPointExtension>
            <ns3:atemp>23.0</ns3:atemp>
            <ns3:hr>121</ns3:hr>
            <ns3:cad>97</ns3:cad>
          </ns3:TrackPointExtension>
        </extensions>
      </trkpt>
      <trkpt lat="47.6716489903628826141357421875" lon="-122.34109302051365375518798828125">
        <ele>45.200000762939453125</ele>
        <time>2026-08-03T15:50:00.000Z</time>
        <extensions>
          <ns3:TrackPointExtension>
            <ns3:atemp>23.0</ns3:atemp>
            <ns3:hr>124</ns3:hr>
            <ns3:cad>97</ns3:cad>
          </ns3:TrackPointExtension>
        </extensions>
      </trkpt>
      <trkpt lat="47.67166189849376678466796875" lon="-122.3410267196595668792724609375">
        <ele>45.200000762939453125</ele>
        <time>2026-08-03T15:50:02.000Z</time>
        <extensions>
          <ns3:TrackPointExtension>
            <ns3:atemp>23.0</ns3:atemp>
            <ns3:hr>123</ns3:hr>
            <ns3:cad>97</ns3:cad>
          </ns3:TrackPointExtension>
        </extensions>
      </trkpt>
      <trkpt lat="47.67167053185403347015380859375" lon="-122.34089948236942291259765625">
        <ele>45.40000152587890625</ele>
        <time>2026-08-03T15:50:05.000Z</time>
        <extensions>
          <ns3:TrackPointExtension>
            <ns3:atemp>23.0</ns3:atemp>
            <ns3:hr>124</ns3:hr>
            <ns3:cad>98</ns3:cad>
          </ns3:TrackPointExtension>
        </extensions>
      </trkpt>
      <trkpt lat="47.67166550271213054656982421875" lon="-122.34082303941249847412109375">
        <ele>45.59999847412109375</ele>
        <time>2026-08-03T15:50:07.000Z</time>
        <extensions>
          <ns3:TrackPointExtension>
            <ns3:atemp>23.0</ns3:atemp>
            <ns3:hr>122</ns3:hr>
            <ns3:cad>98</ns3:cad>
          </ns3:TrackPointExtension>
        </extensions>
      </trkpt>
      <trkpt lat="47.67171311192214488983154296875" lon="-122.34060854651033878326416015625">
        <ele>45.40000152587890625</ele>
        <time>2026-08-03T15:50:13.000Z</time>
        <extensions>
          <ns3:TrackPointExtension>
            <ns3:atemp>23.0</ns3:atemp>
            <ns3:hr>123</ns3:hr>
            <ns3:cad>95</ns3:cad>
          </ns3:TrackPointExtension>
        </extensions>
      </trkpt>
      <trkpt lat="47.67173926346004009246826171875" lon="-122.3403907008469104766845703125">
        <ele>45</ele>
        <time>2026-08-03T15:50:18.000Z</time>
        <extensions>
          <ns3:TrackPointExtension>
            <ns3:atemp>23.0</ns3:atemp>
            <ns3:hr>123</ns3:hr>
            <ns3:cad>95</ns3:cad>
          </ns3:TrackPointExtension>
        </extensions>
      </trkpt>
      <trkpt lat="47.67179341055452823638916015625" lon="-122.340199090540409088134765625">
        <ele>44.799999237060546875</ele>
        <time>2026-08-03T15:50:23.000Z</time>
        <extensions>
          <ns3:TrackPointExtension>
            <ns3:atemp>23.0</ns3:atemp>
            <ns3:hr>125</ns3:hr>
            <ns3:cad>96</ns3:cad>
          </ns3:TrackPointExtension>
        </extensions>
      </trkpt>
      <trkpt lat="47.67182090319693088531494140625" lon="-122.3401563428342342376708984375">
        <ele>45</ele>
        <time>2026-08-03T15:50:24.000Z</time>
        <extensions>
          <ns3:TrackPointExtension>
            <ns3:atemp>23.0</ns3:atemp>
            <ns3:hr>125</ns3:hr>
            <ns3:cad>96</ns3:cad>
          </ns3:TrackPointExtension>
        </extensions>
      </trkpt>
      <trkpt lat="47.6718893833458423614501953125" lon="-122.339965403079986572265625">
        <ele>45.200000762939453125</ele>
        <time>2026-08-03T15:50:28.000Z</time>
        <extensions>
          <ns3:TrackPointExtension>
            <ns3:atemp>23.0</ns3:atemp>
            <ns3:hr>126</ns3:hr>
            <ns3:cad>97</ns3:cad>
          </ns3:TrackPointExtension>
        </extensions>
      </trkpt>
      <trkpt lat="47.67191804945468902587890625" lon="-122.339867837727069854736328125">
        <ele>45.40000152587890625</ele>
        <time>2026-08-03T15:50:30.000Z</time>
        <extensions>
          <ns3:TrackPointExtension>
            <ns3:atemp>23.0</ns3:atemp>
            <ns3:hr>125</ns3:hr>
            <ns3:cad>97</ns3:cad>
          </ns3:TrackPointExtension>
        </extensions>
      </trkpt>
      <trkpt lat="47.67194931395351886749267578125" lon="-122.339696846902370452880859375">
        <ele>45.799999237060546875</ele>
        <time>2026-08-03T15:50:34.000Z</time>
        <extensions>
          <ns3:TrackPointExtension>
            <ns3:atemp>23.0</ns3:atemp>
            <ns3:hr>124</ns3:hr>
            <ns3:cad>96</ns3:cad>
          </ns3:TrackPointExtension>
        </extensions>
      </trkpt>
      <trkpt lat="47.67198971472680568695068359375" lon="-122.339514456689357757568359375">
        <ele>45.799999237060546875</ele>
        <time>2026-08-03T15:50:39.000Z</time>
        <extensions>
          <ns3:TrackPointExtension>
            <ns3:atemp>23.0</ns3:atemp>
            <ns3:hr>124</ns3:hr>
            <ns3:cad>96</ns3:cad>
          </ns3:TrackPointExtension>
        </extensions>
      </trkpt>
      <trkpt lat="47.6720177941024303436279296875" lon="-122.33930733986198902130126953125">
        <ele>45.40000152587890625</ele>
        <time>2026-08-03T15:50:44.000Z</time>
        <extensions>
          <ns3:TrackPointExtension>
            <ns3:atemp>23.0</ns3:atemp>
            <ns3:hr>125</ns3:hr>
            <ns3:cad>95</ns3:cad>
          </ns3:TrackPointExtension>
        </extensions>
      </trkpt>
      <trkpt lat="47.67215064726769924163818359375" lon="-122.33895848505198955535888671875">
        <ele>44.200000762939453125</ele>
        <time>2026-08-03T15:50:51.000Z</time>
        <extensions>
          <ns3:TrackPointExtension>
            <ns3:atemp>23.0</ns3:atemp>
            <ns3:hr>126</ns3:hr>
            <ns3:cad>95</ns3:cad>
          </ns3:TrackPointExtension>
        </extensions>
      </trkpt>
      <trkpt lat="47.67222382128238677978515625" lon="-122.3387624323368072509765625">
        <ele>43.799999237060546875</ele>
        <time>2026-08-03T15:50:58.000Z</time>
        <extensions>
          <ns3:TrackPointExtension>
            <ns3:atemp>23.0</ns3:atemp>
            <ns3:hr>128</ns3:hr>
            <ns3:cad>96</ns3:cad>
          </ns3:TrackPointExtension>
        </extensions>
      </trkpt>
      <trkpt lat="47.67228090204298496246337890625" lon="-122.3386150784790515899658203125">
        <ele>43.40000152587890625</ele>
        <time>2026-08-03T15:51:02.000Z</time>
        <extensions>
          <ns3:TrackPointExtension>
            <ns3:atemp>23.0</ns3:atemp>
            <ns3:hr>125</ns3:hr>
            <ns3:cad>96</ns3:cad>
          </ns3:TrackPointExtension>
        </extensions>
      </trkpt>
      <trkpt lat="47.6723165251314640045166015625" lon="-122.338538803160190582275390625">
        <ele>43.40000152587890625</ele>
        <time>2026-08-03T15:51:04.000Z</time>
        <extensions>
          <ns3:TrackPointExtension>
            <ns3:atemp>23.0</ns3:atemp>
            <ns3:hr>124</ns3:hr>
            <ns3:cad>97</ns3:cad>
          </ns3:TrackPointExtension>
        </extensions>
      </trkpt>
      <trkpt lat="47.6723342947661876678466796875" lon="-122.338505946099758148193359375">
        <ele>43.200000762939453125</ele>
        <time>2026-08-03T15:51:05.000Z</time>
        <extensions>
          <ns3:TrackPointExtension>
            <ns3:atemp>23.0</ns3:atemp>
            <ns3:hr>124</ns3:hr>
            <ns3:cad>97</ns3:cad>
          </ns3:TrackPointExtension>
        </extensions>
      </trkpt>
      <trkpt lat="47.6724409125745296478271484375" lon="-122.33832028694450855255126953125">
        <ele>42.59999847412109375</ele>
        <time>2026-08-03T15:51:11.000Z</time>
        <extensions>
          <ns3:TrackPointExtension>
            <ns3:atemp>23.0</ns3:atemp>
            <ns3:hr>123</ns3:hr>
            <ns3:cad>97</ns3:cad>
          </ns3:TrackPointExtension>
        </extensions>
      </trkpt>
      <trkpt lat="47.6725616119801998138427734375" lon="-122.3381225578486919403076171875">
        <ele>42.799999237060546875</ele>
        <time>2026-08-03T15:51:17.000Z</time>
        <extensions>
          <ns3:TrackPointExtension>
            <ns3:atemp>23.0</ns3:atemp>
            <ns3:hr>122</ns3:hr>
            <ns3:cad>95</ns3:cad>
          </ns3:TrackPointExtension>
        </extensions>
      </trkpt>
      <trkpt lat="47.6726751029491424560546875" lon="-122.3378657363355159759521484375">
        <ele>42.799999237060546875</ele>
        <time>2026-08-03T15:51:24.000Z</time>
        <extensions>
          <ns3:TrackPointExtension>
            <ns3:atemp>23.0</ns3:atemp>
            <ns3:hr>123</ns3:hr>
            <ns3:cad>96</ns3:cad>
          </ns3:TrackPointExtension>
        </extensions>
      </trkpt>
      <trkpt lat="47.6727144978940486907958984375" lon="-122.3377995193004608154296875">
        <ele>42.799999237060546875</ele>
        <time>2026-08-03T15:51:26.000Z</time>
        <extensions>
          <ns3:TrackPointExtension>
            <ns3:atemp>23.0</ns3:atemp>
            <ns3:hr>124</ns3:hr>
            <ns3:cad>95</ns3:cad>
          </ns3:TrackPointExtension>
        </extensions>
      </trkpt>
      <trkpt lat="47.67284785397350788116455078125" lon="-122.337599359452724456787109375">
        <ele>42.799999237060546875</ele>
        <time>2026-08-03T15:51:33.000Z</time>
        <extensions>
          <ns3:TrackPointExtension>
            <ns3:atemp>22.0</ns3:atemp>
            <ns3:hr>124</ns3:hr>
            <ns3:cad>95</ns3:cad>
          </ns3:TrackPointExtension>
        </extensions>
      </trkpt>
      <trkpt lat="47.672863863408565521240234375" lon="-122.33756859786808490753173828125">
        <ele>43.200000762939453125</ele>
        <time>2026-08-03T15:51:34.000Z</time>
        <extensions>
          <ns3:TrackPointExtension>
            <ns3:atemp>22.0</ns3:atemp>
            <ns3:hr>124</ns3:hr>
            <ns3:cad>95</ns3:cad>
          </ns3:TrackPointExtension>
        </extensions>
      </trkpt>
      <trkpt lat="47.67298045568168163299560546875" lon="-122.33734932728111743927001953125">
        <ele>43</ele>
        <time>2026-08-03T15:51:41.000Z</time>
        <extensions>
          <ns3:TrackPointExtension>
            <ns3:atemp>22.0</ns3:atemp>
            <ns3:hr>125</ns3:hr>
            <ns3:cad>95</ns3:cad>
          </ns3:TrackPointExtension>
        </extensions>
      </trkpt>
      <trkpt lat="47.67301213927567005157470703125" lon="-122.33728922903537750244140625">
        <ele>43.200000762939453125</ele>
        <time>2026-08-03T15:51:43.000Z</time>
        <extensions>
          <ns3:TrackPointExtension>
            <ns3:atemp>22.0</ns3:atemp>
            <ns3:hr>125</ns3:hr>
            <ns3:cad>95</ns3:cad>
          </ns3:TrackPointExtension>
        </extensions>
      </trkpt>
      <trkpt lat="47.6730273105204105377197265625" lon="-122.33725813217461109161376953125">
        <ele>43.200000762939453125</ele>
        <time>2026-08-03T15:51:44.000Z</time>
        <extensions>
          <ns3:TrackPointExtension>
            <ns3:atemp>22.0</ns3:atemp>
            <ns3:hr>122</ns3:hr>
            <ns3:cad>95</ns3:cad>
          </ns3:TrackPointExtension>
        </extensions>
      </trkpt>
      <trkpt lat="47.67304549925029277801513671875" lon="-122.3372213356196880340576171875">
        <ele>43.200000762939453125</ele>
        <time>2026-08-03T15:51:45.000Z</time>
        <extensions>
          <ns3:TrackPointExtension>
            <ns3:atemp>22.0</ns3:atemp>
            <ns3:hr>125</ns3:hr>
            <ns3:cad>95</ns3:cad>
          </ns3:TrackPointExtension>
        </extensions>
      </trkpt>
      <trkpt lat="47.6730799488723278045654296875" lon="-122.33715302310883998870849609375">
        <ele>43.200000762939453125</ele>
        <time>2026-08-03T15:51:47.000Z</time>
        <extensions>
          <ns3:TrackPointExtension>
            <ns3:atemp>22.0</ns3:atemp>
            <ns3:hr>125</ns3:hr>
            <ns3:cad>95</ns3:cad>
          </ns3:TrackPointExtension>
        </extensions>
      </trkpt>
      <trkpt lat="47.67319520004093647003173828125" lon="-122.336937524378299713134765625">
        <ele>43</ele>
        <time>2026-08-03T15:51:54.000Z</time>
        <extensions>
          <ns3:TrackPointExtension>
            <ns3:atemp>22.0</ns3:atemp>
            <ns3:hr>126</ns3:hr>
            <ns3:cad>95</ns3:cad>
          </ns3:TrackPointExtension>
        </extensions>
      </trkpt>
      <trkpt lat="47.6732298173010349273681640625" lon="-122.33687122352421283721923828125">
        <ele>43</ele>
        <time>2026-08-03T15:51:56.000Z</time>
        <extensions>
          <ns3:TrackPointExtension>
            <ns3:atemp>22.0</ns3:atemp>
            <ns3:hr>127</ns3:hr>
            <ns3:cad>95</ns3:cad>
          </ns3:TrackPointExtension>
        </extensions>
      </trkpt>
      <trkpt lat="47.67334892414510250091552734375" lon="-122.33667743392288684844970703125">
        <ele>43</ele>
        <time>2026-08-03T15:52:02.000Z</time>
        <extensions>
          <ns3:TrackPointExtension>
            <ns3:atemp>22.0</ns3:atemp>
            <ns3:hr>127</ns3:hr>
            <ns3:cad>94</ns3:cad>
          </ns3:TrackPointExtension>
        </extensions>
      </trkpt>
      <trkpt lat="47.67348119057714939117431640625" lon="-122.33651599846780300140380859375">
        <ele>42.799999237060546875</ele>
        <time>2026-08-03T15:52:08.000Z</time>
        <extensions>
          <ns3:TrackPointExtension>
            <ns3:atemp>22.0</ns3:atemp>
            <ns3:hr>127</ns3:hr>
            <ns3:cad>95</ns3:cad>
          </ns3:TrackPointExtension>
        </extensions>
      </trkpt>
      <trkpt lat="47.6736059971153736114501953125" lon="-122.33629622496664524078369140625">
        <ele>42.799999237060546875</ele>
        <time>2026-08-03T15:52:14.000Z</time>
        <extensions>
          <ns3:TrackPointExtension>
            <ns3:atemp>22.0</ns3:atemp>
            <ns3:hr>128</ns3:hr>
            <ns3:cad>94</ns3:cad>
          </ns3:TrackPointExtension>
        </extensions>
      </trkpt>
      <trkpt lat="47.67376651056110858917236328125" lon="-122.3361219651997089385986328125">
        <ele>42.799999237060546875</ele>
        <time>2026-08-03T15:52:21.000Z</time>
        <extensions>
          <ns3:TrackPointExtension>
            <ns3:atemp>22.0</ns3:atemp>
            <ns3:hr>128</ns3:hr>
            <ns3:cad>96</ns3:cad>
          </ns3:TrackPointExtension>
        </extensions>
      </trkpt>
      <trkpt lat="47.6737910695374011993408203125" lon="-122.33609966933727264404296875">
        <ele>42.799999237060546875</ele>
        <time>2026-08-03T15:52:22.000Z</time>
        <extensions>
          <ns3:TrackPointExtension>
            <ns3:atemp>22.0</ns3:atemp>
            <ns3:hr>128</ns3:hr>
            <ns3:cad>95</ns3:cad>
          </ns3:TrackPointExtension>
        </extensions>
      </trkpt>
      <trkpt lat="47.6738896407186985015869140625" lon="-122.33596094883978366851806640625">
        <ele>42.799999237060546875</ele>
        <time>2026-08-03T15:52:27.000Z</time>
        <extensions>
          <ns3:TrackPointExtension>
            <ns3:atemp>22.0</ns3:atemp>
            <ns3:hr>129</ns3:hr>
            <ns3:cad>94</ns3:cad>
          </ns3:TrackPointExtension>
        </extensions>
      </trkpt>
      <trkpt lat="47.674027271568775177001953125" lon="-122.33578727580606937408447265625">
        <ele>43</ele>
        <time>2026-08-03T15:52:33.000Z</time>
        <extensions>
          <ns3:TrackPointExtension>
            <ns3:atemp>22.0</ns3:atemp>
            <ns3:hr>130</ns3:hr>
            <ns3:cad>94</ns3:cad>
          </ns3:TrackPointExtension>
        </extensions>
      </trkpt>
      <trkpt lat="47.6741984300315380096435546875" lon="-122.33557923696935176849365234375">
        <ele>42.799999237060546875</ele>
        <time>2026-08-03T15:52:40.000Z</time>
        <extensions>
          <ns3:TrackPointExtension>
            <ns3:atemp>22.0</ns3:atemp>
            <ns3:hr>131</ns3:hr>
            <ns3:cad>95</ns3:cad>
          </ns3:TrackPointExtension>
        </extensions>
      </trkpt>
      <trkpt lat="47.67433874309062957763671875" lon="-122.33542534522712230682373046875">
        <ele>42.799999237060546875</ele>
        <time>2026-08-03T15:52:46.000Z</time>
        <extensions>
          <ns3:TrackPointExtension>
            <ns3:atemp>22.0</ns3:atemp>
            <ns3:hr>129</ns3:hr>
            <ns3:cad>95</ns3:cad>
          </ns3:TrackPointExtension>
        </extensions>
      </trkpt>
      <trkpt lat="47.67441359348595142364501953125" lon="-122.33534839935600757598876953125">
        <ele>42.59999847412109375</ele>
        <time>2026-08-03T15:52:51.000Z</time>
        <extensions>
          <ns3:TrackPointExtension>
            <ns3:atemp>22.0</ns3:atemp>
            <ns3:hr>129</ns3:hr>
            <ns3:cad>96</ns3:cad>
          </ns3:TrackPointExtension>
        </extensions>
      </trkpt>
      <trkpt lat="47.6745752803981304168701171875" lon="-122.335202805697917938232421875">
        <ele>42.40000152587890625</ele>
        <time>2026-08-03T15:52:57.000Z</time>
        <extensions>
          <ns3:TrackPointExtension>
            <ns3:atemp>22.0</ns3:atemp>
            <ns3:hr>126</ns3:hr>
            <ns3:cad>96</ns3:cad>
          </ns3:TrackPointExtension>
        </extensions>
      </trkpt>
      <trkpt lat="47.67472908832132816314697265625" lon="-122.33506123535335063934326171875">
        <ele>42.40000152587890625</ele>
        <time>2026-08-03T15:53:03.000Z</time>
        <extensions>
          <ns3:TrackPointExtension>
            <ns3:atemp>22.0</ns3:atemp>
            <ns3:hr>125</ns3:hr>
            <ns3:cad>97</ns3:cad>
          </ns3:TrackPointExtension>
        </extensions>
      </trkpt>
      <trkpt lat="47.67475582659244537353515625" lon="-122.3350343294441699981689453125">
        <ele>42.200000762939453125</ele>
        <time>2026-08-03T15:53:04.000Z</time>
        <extensions>
          <ns3:TrackPointExtension>
            <ns3:atemp>22.0</ns3:atemp>
            <ns3:hr>125</ns3:hr>
            <ns3:cad>97</ns3:cad>
          </ns3:TrackPointExtension>
        </extensions>
      </trkpt>
      <trkpt lat="47.67480812966823577880859375" lon="-122.33499049209058284759521484375">
        <ele>42.200000762939453125</ele>
        <time>2026-08-03T15:53:06.000Z</time>
        <extensions>
          <ns3:TrackPointExtension>
            <ns3:atemp>22.0</ns3:atemp>
            <ns3:hr>124</ns3:hr>
            <ns3:cad>96</ns3:cad>
          </ns3:TrackPointExtension>
        </extensions>
      </trkpt>
      <trkpt lat="47.67485230229794979095458984375" lon="-122.334939949214458465576171875">
        <ele>42</ele>
        <time>2026-08-03T15:53:08.000Z</time>
        <extensions>
          <ns3:TrackPointExtension>
            <ns3:atemp>22.0</ns3:atemp>
            <ns3:hr>124</ns3:hr>
            <ns3:cad>96</ns3:cad>
          </ns3:TrackPointExtension>
        </extensions>
      </trkpt>
      <trkpt lat="47.67490510828793048858642578125" lon="-122.33487850986421108245849609375">
        <ele>42</ele>
        <time>2026-08-03T15:53:10.000Z</time>
        <extensions>
          <ns3:TrackPointExtension>
            <ns3:atemp>22.0</ns3:atemp>
            <ns3:hr>124</ns3:hr>
            <ns3:cad>95</ns3:cad>
          </ns3:TrackPointExtension>
        </extensions>
      </trkpt>
      <trkpt lat="47.675043828785419464111328125" lon="-122.3347087763249874114990234375">
        <ele>42.40000152587890625</ele>
        <time>2026-08-03T15:53:15.000Z</time>
        <extensions>
          <ns3:TrackPointExtension>
            <ns3:atemp>22.0</ns3:atemp>
            <ns3:hr>121</ns3:hr>
            <ns3:cad>95</ns3:cad>
          </ns3:TrackPointExtension>
        </extensions>
      </trkpt>
      <trkpt lat="47.6750731654465198516845703125" lon="-122.3346477560698986053466796875">
        <ele>42.40000152587890625</ele>
        <time>2026-08-03T15:53:17.000Z</time>
        <extensions>
          <ns3:TrackPointExtension>
            <ns3:atemp>22.0</ns3:atemp>
            <ns3:hr>125</ns3:hr>
            <ns3:cad>95</ns3:cad>
          </ns3:TrackPointExtension>
        </extensions>
      </trkpt>
      <trkpt lat="47.67519495449960231781005859375" lon="-122.334492690861225128173828125">
        <ele>42.40000152587890625</ele>
        <time>2026-08-03T15:53:22.000Z</time>
        <extensions>
          <ns3:TrackPointExtension>
            <ns3:atemp>22.0</ns3:atemp>
            <ns3:hr>125</ns3:hr>
            <ns3:cad>94</ns3:cad>
          </ns3:TrackPointExtension>
        </extensions>
      </trkpt>
      <trkpt lat="47.67530593089759349822998046875" lon="-122.33432941138744354248046875">
        <ele>42.200000762939453125</ele>
        <time>2026-08-03T15:53:27.000Z</time>
        <extensions>
          <ns3:TrackPointExtension>
            <ns3:atemp>22.0</ns3:atemp>
            <ns3:hr>125</ns3:hr>
            <ns3:cad>94</ns3:cad>
          </ns3:TrackPointExtension>
        </extensions>
      </trkpt>
      <trkpt lat="47.67542227171361446380615234375" lon="-122.3341797105967998504638671875">
        <ele>41.799999237060546875</ele>
        <time>2026-08-03T15:53:32.000Z</time>
        <extensions>
          <ns3:TrackPointExtension>
            <ns3:atemp>22.0</ns3:atemp>
            <ns3:hr>127</ns3:hr>
            <ns3:cad>94</ns3:cad>
          </ns3:TrackPointExtension>
        </extensions>
      </trkpt>
      <trkpt lat="47.67554867081344127655029296875" lon="-122.3339854180812835693359375">
        <ele>42.200000762939453125</ele>
        <time>2026-08-03T15:53:38.000Z</time>
        <extensions>
          <ns3:TrackPointExtension>
            <ns3:atemp>22.0</ns3:atemp>
            <ns3:hr>128</ns3:hr>
            <ns3:cad>94</ns3:cad>
          </ns3:TrackPointExtension>
        </extensions>
      </trkpt>
      <trkpt lat="47.67569518648087978363037109375" lon="-122.33377109281718730926513671875">
        <ele>41.59999847412109375</ele>
        <time>2026-08-03T15:53:45.000Z</time>
        <extensions>
          <ns3:TrackPointExtension>
            <ns3:atemp>22.0</ns3:atemp>
            <ns3:hr>128</ns3:hr>
            <ns3:cad>95</ns3:cad>
          </ns3:TrackPointExtension>
        </extensions>
      </trkpt>
      <trkpt lat="47.67571764998137950897216796875" lon="-122.3337240703403949737548828125">
        <ele>41.59999847412109375</ele>
        <time>2026-08-03T15:53:46.000Z</time>
        <extensions>
          <ns3:TrackPointExtension>
            <ns3:atemp>22.0</ns3:atemp>
            <ns3:hr>129</ns3:hr>
            <ns3:cad>95</ns3:cad>
          </ns3:TrackPointExtension>
        </extensions>
      </trkpt>
      <trkpt lat="47.6758600585162639617919921875" lon="-122.333506308495998382568359375">
        <ele>41.40000152587890625</ele>
        <time>2026-08-03T15:53:53.000Z</time>
        <extensions>
          <ns3:TrackPointExtension>
            <ns3:atemp>22.0</ns3:atemp>
            <ns3:hr>128</ns3:hr>
            <ns3:cad>95</ns3:cad>
          </ns3:TrackPointExtension>
        </extensions>
      </trkpt>
      <trkpt lat="47.6760226674377918243408203125" lon="-122.3333220742642879486083984375">
        <ele>41.59999847412109375</ele>
        <time>2026-08-03T15:54:00.000Z</time>
        <extensions>
          <ns3:TrackPointExtension>
            <ns3:atemp>22.0</ns3:atemp>
            <ns3:hr>128</ns3:hr>
            <ns3:cad>94</ns3:cad>
          </ns3:TrackPointExtension>
        </extensions>
      </trkpt>
      <trkpt lat="47.6760662533342838287353515625" lon="-122.33327396214008331298828125">
        <ele>41.799999237060546875</ele>
        <time>2026-08-03T15:54:02.000Z</time>
        <extensions>
          <ns3:TrackPointExtension>
            <ns3:atemp>22.0</ns3:atemp>
            <ns3:hr>128</ns3:hr>
            <ns3:cad>94</ns3:cad>
          </ns3:TrackPointExtension>
        </extensions>
      </trkpt>
      <trkpt lat="47.67624503932893276214599609375" lon="-122.33312317170202732086181640625">
        <ele>41.799999237060546875</ele>
        <time>2026-08-03T15:54:10.000Z</time>
        <extensions>
          <ns3:TrackPointExtension>
            <ns3:atemp>21.0</ns3:atemp>
            <ns3:hr>127</ns3:hr>
            <ns3:cad>95</ns3:cad>
          </ns3:TrackPointExtension>
        </extensions>
      </trkpt>
      <trkpt lat="47.6763559319078922271728515625" lon="-122.3330548591911792755126953125">
        <ele>42</ele>
        <time>2026-08-03T15:54:14.000Z</time>
        <extensions>
          <ns3:TrackPointExtension>
            <ns3:atemp>21.0</ns3:atemp>
            <ns3:hr>130</ns3:hr>
            <ns3:cad>94</ns3:cad>
          </ns3:TrackPointExtension>
        </extensions>
      </trkpt>
      <trkpt lat="47.67637914977967739105224609375" lon="-122.3330391012132167816162109375">
        <ele>42</ele>
        <time>2026-08-03T15:54:15.000Z</time>
        <extensions>
          <ns3:TrackPointExtension>
            <ns3:atemp>21.0</ns3:atemp>
            <ns3:hr>127</ns3:hr>
            <ns3:cad>94</ns3:cad>
          </ns3:TrackPointExtension>
        </extensions>
      </trkpt>
      <trkpt lat="47.676418460905551910400390625" lon="-122.33299492858350276947021484375">
        <ele>41.799999237060546875</ele>
        <time>2026-08-03T15:54:17.000Z</time>
        <extensions>
          <ns3:TrackPointExtension>
            <ns3:atemp>21.0</ns3:atemp>
            <ns3:hr>127</ns3:hr>
            <ns3:cad>95</ns3:cad>
          </ns3:TrackPointExtension>
        </extensions>
      </trkpt>
      <trkpt lat="47.67645106650888919830322265625" lon="-122.3329608142375946044921875">
        <ele>41.799999237060546875</ele>
        <time>2026-08-03T15:54:19.000Z</time>
        <extensions>
          <ns3:TrackPointExtension>
            <ns3:atemp>21.0</ns3:atemp>
            <ns3:hr>127</ns3:hr>
            <ns3:cad>95</ns3:cad>
          </ns3:TrackPointExtension>
        </extensions>
      </trkpt>
      <trkpt lat="47.6765701733529567718505859375" lon="-122.33292049728333950042724609375">
        <ele>41.799999237060546875</ele>
        <time>2026-08-03T15:54:24.000Z</time>
        <extensions>
          <ns3:TrackPointExtension>
            <ns3:atemp>21.0</ns3:atemp>
            <ns3:hr>126</ns3:hr>
            <ns3:cad>95</ns3:cad>
          </ns3:TrackPointExtension>
        </extensions>
      </trkpt>
      <trkpt lat="47.67674862407147884368896484375" lon="-122.33288512565195560455322265625">
        <ele>41.799999237060546875</ele>
        <time>2026-08-03T15:54:30.000Z</time>
        <extensions>
          <ns3:TrackPointExtension>
            <ns3:atemp>21.0</ns3:atemp>
            <ns3:hr>126</ns3:hr>
            <ns3:cad>94</ns3:cad>
          </ns3:TrackPointExtension>
        </extensions>
      </trkpt>
      <trkpt lat="47.67694727517664432525634765625" lon="-122.3328025639057159423828125">
        <ele>41.799999237060546875</ele>
        <time>2026-08-03T15:54:37.000Z</time>
        <extensions>
          <ns3:TrackPointExtension>
            <ns3:atemp>21.0</ns3:atemp>
            <ns3:hr>126</ns3:hr>
            <ns3:cad>95</ns3:cad>
          </ns3:TrackPointExtension>
        </extensions>
      </trkpt>
      <trkpt lat="47.67708775587379932403564453125" lon="-122.332758642733097076416015625">
        <ele>41.59999847412109375</ele>
        <time>2026-08-03T15:54:42.000Z</time>
        <extensions>
          <ns3:TrackPointExtension>
            <ns3:atemp>21.0</ns3:atemp>
            <ns3:hr>125</ns3:hr>
            <ns3:cad>95</ns3:cad>
          </ns3:TrackPointExtension>
        </extensions>
      </trkpt>
      <trkpt lat="47.67726696096360683441162109375" lon="-122.33269217424094676971435546875">
        <ele>41.799999237060546875</ele>
        <time>2026-08-03T15:54:48.000Z</time>
        <extensions>
          <ns3:TrackPointExtension>
            <ns3:atemp>21.0</ns3:atemp>
            <ns3:hr>124</ns3:hr>
            <ns3:cad>94</ns3:cad>
          </ns3:TrackPointExtension>
        </extensions>
      </trkpt>
      <trkpt lat="47.67731557600200176239013671875" lon="-122.3326726444065570831298828125">
        <ele>42</ele>
        <time>2026-08-03T15:54:50.000Z</time>
        <extensions>
          <ns3:TrackPointExtension>
            <ns3:atemp>21.0</ns3:atemp>
            <ns3:hr>125</ns3:hr>
            <ns3:cad>94</ns3:cad>
          </ns3:TrackPointExtension>
        </extensions>
      </trkpt>
      <trkpt lat="47.67749696038663387298583984375" lon="-122.33260349370539188385009765625">
        <ele>41.59999847412109375</ele>
        <time>2026-08-03T15:54:56.000Z</time>
        <extensions>
          <ns3:TrackPointExtension>
            <ns3:atemp>21.0</ns3:atemp>
            <ns3:hr>125</ns3:hr>
            <ns3:cad>96</ns3:cad>
          </ns3:TrackPointExtension>
        </extensions>
      </trkpt>
      <trkpt lat="47.6775867305696010589599609375" lon="-122.33251431025564670562744140625">
        <ele>41.200000762939453125</ele>
        <time>2026-08-03T15:55:00.000Z</time>
        <extensions>
          <ns3:TrackPointExtension>
            <ns3:atemp>21.0</ns3:atemp>
            <ns3:hr>126</ns3:hr>
            <ns3:cad>97</ns3:cad>
          </ns3:TrackPointExtension>
        </extensions>
      </trkpt>
      <trkpt lat="47.67778144218027591705322265625" lon="-122.3323853127658367156982421875">
        <ele>41.40000152587890625</ele>
        <time>2026-08-03T15:55:06.000Z</time>
        <extensions>
          <ns3:TrackPointExtension>
            <ns3:atemp>21.0</ns3:atemp>
            <ns3:hr>127</ns3:hr>
            <ns3:cad>95</ns3:cad>
          </ns3:TrackPointExtension>
        </extensions>
      </trkpt>
      <trkpt lat="47.67781128175556659698486328125" lon="-122.33236360363662242889404296875">
        <ele>41.40000152587890625</ele>
        <time>2026-08-03T15:55:07.000Z</time>
        <extensions>
          <ns3:TrackPointExtension>
            <ns3:atemp>21.0</ns3:atemp>
            <ns3:hr>127</ns3:hr>
            <ns3:cad>95</ns3:cad>
          </ns3:TrackPointExtension>
        </extensions>
      </trkpt>
      <trkpt lat="47.6779823563992977142333984375" lon="-122.33224458061158657073974609375">
        <ele>41.40000152587890625</ele>
        <time>2026-08-03T15:55:14.000Z</time>
        <extensions>
          <ns3:TrackPointExtension>
            <ns3:atemp>21.0</ns3:atemp>
            <ns3:hr>126</ns3:hr>
            <ns3:cad>95</ns3:cad>
          </ns3:TrackPointExtension>
        </extensions>
      </trkpt>
      <trkpt lat="47.67801831476390361785888671875" lon="-122.33221591450273990631103515625">
        <ele>41.59999847412109375</ele>
        <time>2026-08-03T15:55:15.000Z</time>
        <extensions>
          <ns3:TrackPointExtension>
            <ns3:atemp>21.0</ns3:atemp>
            <ns3:hr>126</ns3:hr>
            <ns3:cad>95</ns3:cad>
          </ns3:TrackPointExtension>
        </extensions>
      </trkpt>
      <trkpt lat="47.6781749725341796875" lon="-122.3320694826543331146240234375">
        <ele>41.200000762939453125</ele>
        <time>2026-08-03T15:55:21.000Z</time>
        <extensions>
          <ns3:TrackPointExtension>
            <ns3:atemp>21.0</ns3:atemp>
            <ns3:hr>127</ns3:hr>
            <ns3:cad>94</ns3:cad>
          </ns3:TrackPointExtension>
        </extensions>
      </trkpt>
      <trkpt lat="47.67827563919126987457275390625" lon="-122.33194350264966487884521484375">
        <ele>41.200000762939453125</ele>
        <time>2026-08-03T15:55:26.000Z</time>
        <extensions>
          <ns3:TrackPointExtension>
            <ns3:atemp>21.0</ns3:atemp>
            <ns3:hr>123</ns3:hr>
            <ns3:cad>95</ns3:cad>
          </ns3:TrackPointExtension>
        </extensions>
      </trkpt>
      <trkpt lat="47.67829500138759613037109375" lon="-122.33191550709307193756103515625">
        <ele>41.200000762939453125</ele>
        <time>2026-08-03T15:55:27.000Z</time>
        <extensions>
          <ns3:TrackPointExtension>
            <ns3:atemp>21.0</ns3:atemp>
            <ns3:hr>125</ns3:hr>
            <ns3:cad>94</ns3:cad>
          </ns3:TrackPointExtension>
        </extensions>
      </trkpt>
      <trkpt lat="47.67842835746705532073974609375" lon="-122.3317378945648670196533203125">
        <ele>41.200000762939453125</ele>
        <time>2026-08-03T15:55:33.000Z</time>
        <extensions>
          <ns3:TrackPointExtension>
            <ns3:atemp>21.0</ns3:atemp>
            <ns3:hr>125</ns3:hr>
            <ns3:cad>95</ns3:cad>
          </ns3:TrackPointExtension>
        </extensions>
      </trkpt>
      <trkpt lat="47.67855643294751644134521484375" lon="-122.3315420933067798614501953125">
        <ele>41</ele>
        <time>2026-08-03T15:55:39.000Z</time>
        <extensions>
          <ns3:TrackPointExtension>
            <ns3:atemp>21.0</ns3:atemp>
            <ns3:hr>126</ns3:hr>
            <ns3:cad>94</ns3:cad>
          </ns3:TrackPointExtension>
        </extensions>
      </trkpt>
      <trkpt lat="47.67857353202998638153076171875" lon="-122.3315089009702205657958984375">
        <ele>41</ele>
        <time>2026-08-03T15:55:40.000Z</time>
        <extensions>
          <ns3:TrackPointExtension>
            <ns3:atemp>21.0</ns3:atemp>
            <ns3:hr>126</ns3:hr>
            <ns3:cad>94</ns3:cad>
          </ns3:TrackPointExtension>
        </extensions>
      </trkpt>
      <trkpt lat="47.6786532439291477203369140625" lon="-122.3313328810036182403564453125">
        <ele>40.799999237060546875</ele>
        <time>2026-08-03T15:55:45.000Z</time>
        <extensions>
          <ns3:TrackPointExtension>
            <ns3:atemp>21.0</ns3:atemp>
            <ns3:hr>127</ns3:hr>
            <ns3:cad>96</ns3:cad>
          </ns3:TrackPointExtension>
        </extensions>
      </trkpt>
      <trkpt lat="47.6787424273788928985595703125" lon="-122.33112752437591552734375">
        <ele>40.59999847412109375</ele>
        <time>2026-08-03T15:55:50.000Z</time>
        <extensions>
          <ns3:TrackPointExtension>
            <ns3:atemp>21.0</ns3:atemp>
            <ns3:hr>130</ns3:hr>
            <ns3:cad>95</ns3:cad>
          </ns3:TrackPointExtension>
        </extensions>
      </trkpt>
      <trkpt lat="47.67875139601528644561767578125" lon="-122.33108486048877239227294921875">
        <ele>40.59999847412109375</ele>
        <time>2026-08-03T15:55:51.000Z</time>
        <extensions>
          <ns3:TrackPointExtension>
            <ns3:atemp>21.0</ns3:atemp>
            <ns3:hr>128</ns3:hr>
            <ns3:cad>95</ns3:cad>
          </ns3:TrackPointExtension>
        </extensions>
      </trkpt>
      <trkpt lat="47.67882834188640117645263671875" lon="-122.3308272846043109893798828125">
        <ele>40.40000152587890625</ele>
        <time>2026-08-03T15:55:57.000Z</time>
        <extensions>
          <ns3:TrackPointExtension>
            <ns3:atemp>21.0</ns3:atemp>
            <ns3:hr>130</ns3:hr>
            <ns3:cad>97</ns3:cad>
          </ns3:TrackPointExtension>
        </extensions>
      </trkpt>
      <trkpt lat="47.67883940599858760833740234375" lon="-122.3307786695659160614013671875">
        <ele>40.40000152587890625</ele>
        <time>2026-08-03T15:55:58.000Z</time>
        <extensions>
          <ns3:TrackPointExtension>
            <ns3:atemp>21.0</ns3:atemp>
            <ns3:hr>127</ns3:hr>
            <ns3:cad>97</ns3:cad>
          </ns3:TrackPointExtension>
        </extensions>
      </trkpt>
      <trkpt lat="47.67884024418890476226806640625" lon="-122.33053131960332393646240234375">
        <ele>40</ele>
        <time>2026-08-03T15:56:03.000Z</time>
        <extensions>
          <ns3:TrackPointExtension>
            <ns3:atemp>21.0</ns3:atemp>
            <ns3:hr>128</ns3:hr>
            <ns3:cad>96</ns3:cad>
          </ns3:TrackPointExtension>
        </extensions>
      </trkpt>
      <trkpt lat="47.67881442792713642120361328125" lon="-122.33027391135692596435546875">
        <ele>39.799999237060546875</ele>
        <time>2026-08-03T15:56:09.000Z</time>
        <extensions>
          <ns3:TrackPointExtension>
            <ns3:atemp>21.0</ns3:atemp>
            <ns3:hr>130</ns3:hr>
            <ns3:cad>99</ns3:cad>
          </ns3:TrackPointExtension>
        </extensions>
      </trkpt>
      <trkpt lat="47.6788322813808917999267578125" lon="-122.33005640096962451934814453125">
        <ele>40</ele>
        <time>2026-08-03T15:56:14.000Z</time>
        <extensions>
          <ns3:TrackPointExtension>
            <ns3:atemp>21.0</ns3:atemp>
            <ns3:hr>129</ns3:hr>
            <ns3:cad>98</ns3:cad>
          </ns3:TrackPointExtension>
        </extensions>
      </trkpt>
      <trkpt lat="47.678864635527133941650390625" lon="-122.32984299771487712860107421875">
        <ele>40</ele>
        <time>2026-08-03T15:56:19.000Z</time>
        <extensions>
          <ns3:TrackPointExtension>
            <ns3:atemp>21.0</ns3:atemp>
            <ns3:hr>126</ns3:hr>
            <ns3:cad>95</ns3:cad>
          </ns3:TrackPointExtension>
        </extensions>
      </trkpt>
      <trkpt lat="47.67890788614749908447265625" lon="-122.32978046871721744537353515625">
        <ele>40</ele>
        <time>2026-08-03T15:56:21.000Z</time>
        <extensions>
          <ns3:TrackPointExtension>
            <ns3:atemp>21.0</ns3:atemp>
            <ns3:hr>125</ns3:hr>
            <ns3:cad>96</ns3:cad>
          </ns3:TrackPointExtension>
        </extensions>
      </trkpt>
      <trkpt lat="47.678993046283721923828125" lon="-122.3296481184661388397216796875">
        <ele>39.799999237060546875</ele>
        <time>2026-08-03T15:56:26.000Z</time>
        <extensions>
          <ns3:TrackPointExtension>
            <ns3:atemp>21.0</ns3:atemp>
            <ns3:hr>126</ns3:hr>
            <ns3:cad>96</ns3:cad>
          </ns3:TrackPointExtension>
        </extensions>
      </trkpt>
      <trkpt lat="47.67907829023897647857666015625" lon="-122.32951107434928417205810546875">
        <ele>40.40000152587890625</ele>
        <time>2026-08-03T15:56:32.000Z</time>
        <extensions>
          <ns3:TrackPointExtension>
            <ns3:atemp>21.0</ns3:atemp>
            <ns3:hr>125</ns3:hr>
            <ns3:cad>96</ns3:cad>
          </ns3:TrackPointExtension>
        </extensions>
      </trkpt>
      <trkpt lat="47.6791330240666866302490234375" lon="-122.32945826835930347442626953125">
        <ele>40.200000762939453125</ele>
        <time>2026-08-03T15:56:35.000Z</time>
        <extensions>
          <ns3:TrackPointExtension>
            <ns3:atemp>21.0</ns3:atemp>
            <ns3:hr>129</ns3:hr>
            <ns3:cad>96</ns3:cad>
          </ns3:TrackPointExtension>
        </extensions>
      </trkpt>
      <trkpt lat="47.67915037460625171661376953125" lon="-122.3294412530958652496337890625">
        <ele>40.200000762939453125</ele>
        <time>2026-08-03T15:56:36.000Z</time>
        <extensions>
          <ns3:TrackPointExtension>
            <ns3:atemp>21.0</ns3:atemp>
            <ns3:hr>129</ns3:hr>
            <ns3:cad>96</ns3:cad>
          </ns3:TrackPointExtension>
        </extensions>
      </trkpt>
      <trkpt lat="47.679243497550487518310546875" lon="-122.329383753240108489990234375">
        <ele>40.40000152587890625</ele>
        <time>2026-08-03T15:56:40.000Z</time>
        <extensions>
          <ns3:TrackPointExtension>
            <ns3:atemp>21.0</ns3:atemp>
            <ns3:hr>129</ns3:hr>
            <ns3:cad>96</ns3:cad>
          </ns3:TrackPointExtension>
        </extensions>
      </trkpt>
      <trkpt lat="47.67944742925465106964111328125" lon="-122.3293161951005458831787109375">
        <ele>40.40000152587890625</ele>
        <time>2026-08-03T15:56:48.000Z</time>
        <extensions>
          <ns3:TrackPointExtension>
            <ns3:atemp>21.0</ns3:atemp>
            <ns3:hr>128</ns3:hr>
            <ns3:cad>95</ns3:cad>
          </ns3:TrackPointExtension>
        </extensions>
      </trkpt>
      <trkpt lat="47.6794718205928802490234375" lon="-122.32931426726281642913818359375">
        <ele>40.59999847412109375</ele>
        <time>2026-08-03T15:56:49.000Z</time>
        <extensions>
          <ns3:TrackPointExtension>
            <ns3:atemp>21.0</ns3:atemp>
            <ns3:hr>127</ns3:hr>
            <ns3:cad>95</ns3:cad>
          </ns3:TrackPointExtension>
        </extensions>
      </trkpt>
      <trkpt lat="47.67965697683393955230712890625" lon="-122.32926565222442150115966796875">
        <ele>40.40000152587890625</ele>
        <time>2026-08-03T15:56:56.000Z</time>
        <extensions>
          <ns3:TrackPointExtension>
            <ns3:atemp>21.0</ns3:atemp>
            <ns3:hr>127</ns3:hr>
            <ns3:cad>95</ns3:cad>
          </ns3:TrackPointExtension>
        </extensions>
      </trkpt>
      <trkpt lat="47.67977315001189708709716796875" lon="-122.329256348311901092529296875">
        <ele>40.40000152587890625</ele>
        <time>2026-08-03T15:57:01.000Z</time>
        <extensions>
          <ns3:TrackPointExtension>
            <ns3:atemp>21.0</ns3:atemp>
            <ns3:hr>129</ns3:hr>
            <ns3:cad>97</ns3:cad>
          </ns3:TrackPointExtension>
        </extensions>
      </trkpt>
      <trkpt lat="47.67990994267165660858154296875" lon="-122.32923799194395542144775390625">
        <ele>40.200000762939453125</ele>
        <time>2026-08-03T15:57:06.000Z</time>
        <extensions>
          <ns3:TrackPointExtension>
            <ns3:atemp>21.0</ns3:atemp>
            <ns3:hr>126</ns3:hr>
            <ns3:cad>98</ns3:cad>
          </ns3:TrackPointExtension>
        </extensions>
      </trkpt>
      <trkpt lat="47.679994516074657440185546875" lon="-122.32926380820572376251220703125">
        <ele>40</ele>
        <time>2026-08-03T15:57:10.000Z</time>
        <extensions>
          <ns3:TrackPointExtension>
            <ns3:atemp>21.0</ns3:atemp>
            <ns3:hr>129</ns3:hr>
            <ns3:cad>97</ns3:cad>
          </ns3:TrackPointExtension>
        </extensions>
      </trkpt>
      <trkpt lat="47.68001354299485683441162109375" lon="-122.32926565222442150115966796875">
        <ele>40</ele>
        <time>2026-08-03T15:57:11.000Z</time>
        <extensions>
          <ns3:TrackPointExtension>
            <ns3:atemp>21.0</ns3:atemp>
            <ns3:hr>129</ns3:hr>
            <ns3:cad>97</ns3:cad>
          </ns3:TrackPointExtension>
        </extensions>
      </trkpt>
      <trkpt lat="47.68019190989434719085693359375" lon="-122.32924528419971466064453125">
        <ele>40</ele>
        <time>2026-08-03T15:57:17.000Z</time>
        <extensions>
          <ns3:TrackPointExtension>
            <ns3:atemp>21.0</ns3:atemp>
            <ns3:hr>131</ns3:hr>
            <ns3:cad>95</ns3:cad>
          </ns3:TrackPointExtension>
        </extensions>
      </trkpt>
      <trkpt lat="47.68023147247731685638427734375" lon="-122.32922843657433986663818359375">
        <ele>39.799999237060546875</ele>
        <time>2026-08-03T15:57:19.000Z</time>
        <extensions>
          <ns3:TrackPointExtension>
            <ns3:atemp>21.0</ns3:atemp>
            <ns3:hr>130</ns3:hr>
            <ns3:cad>95</ns3:cad>
          </ns3:TrackPointExtension>
        </extensions>
      </trkpt>
      <trkpt lat="47.68025192432105541229248046875" lon="-122.329222820699214935302734375">
        <ele>39.799999237060546875</ele>
        <time>2026-08-03T15:57:20.000Z</time>
        <extensions>
          <ns3:TrackPointExtension>
            <ns3:atemp>21.0</ns3:atemp>
            <ns3:hr>130</ns3:hr>
            <ns3:cad>95</ns3:cad>
          </ns3:TrackPointExtension>
        </extensions>
      </trkpt>
      <trkpt lat="47.68043582327663898468017578125" lon="-122.3291968367993831634521484375">
        <ele>39.799999237060546875</ele>
        <time>2026-08-03T15:57:26.000Z</time>
        <extensions>
          <ns3:TrackPointExtension>
            <ns3:atemp>21.0</ns3:atemp>
            <ns3:hr>132</ns3:hr>
            <ns3:cad>96</ns3:cad>
          </ns3:TrackPointExtension>
        </extensions>
      </trkpt>
      <trkpt lat="47.680461890995502471923828125" lon="-122.32919289730489253997802734375">
        <ele>39.799999237060546875</ele>
        <time>2026-08-03T15:57:27.000Z</time>
        <extensions>
          <ns3:TrackPointExtension>
            <ns3:atemp>21.0</ns3:atemp>
            <ns3:hr>132</ns3:hr>
            <ns3:cad>96</ns3:cad>
          </ns3:TrackPointExtension>
        </extensions>
      </trkpt>
      <trkpt lat="47.68064067699015140533447265625" lon="-122.32915299944579601287841796875">
        <ele>39.59999847412109375</ele>
        <time>2026-08-03T15:57:33.000Z</time>
        <extensions>
          <ns3:TrackPointExtension>
            <ns3:atemp>21.0</ns3:atemp>
            <ns3:hr>136</ns3:hr>
            <ns3:cad>96</ns3:cad>
          </ns3:TrackPointExtension>
        </extensions>
      </trkpt>
      <trkpt lat="47.68066783435642719268798828125" lon="-122.32914478518068790435791015625">
        <ele>39.59999847412109375</ele>
        <time>2026-08-03T15:57:34.000Z</time>
        <extensions>
          <ns3:TrackPointExtension>
            <ns3:atemp>21.0</ns3:atemp>
            <ns3:hr>133</ns3:hr>
            <ns3:cad>96</ns3:cad>
          </ns3:TrackPointExtension>
        </extensions>
      </trkpt>
      <trkpt lat="47.68067873083055019378662109375" lon="-122.32913455925881862640380859375">
        <ele>40</ele>
        <time>2026-08-03T15:57:35.000Z</time>
        <extensions>
          <ns3:TrackPointExtension>
            <ns3:atemp>21.0</ns3:atemp>
            <ns3:hr>133</ns3:hr>
            <ns3:cad>97</ns3:cad>
          </ns3:TrackPointExtension>
        </extensions>
      </trkpt>
      <trkpt lat="47.68079943023622035980224609375" lon="-122.3291026242077350616455078125">
        <ele>40.59999847412109375</ele>
        <time>2026-08-03T15:57:39.000Z</time>
        <extensions>
          <ns3:TrackPointExtension>
            <ns3:atemp>21.0</ns3:atemp>
            <ns3:hr>132</ns3:hr>
            <ns3:cad>97</ns3:cad>
          </ns3:TrackPointExtension>
        </extensions>
      </trkpt>
      <trkpt lat="47.680961787700653076171875" lon="-122.329025678336620330810546875">
        <ele>40</ele>
        <time>2026-08-03T15:57:45.000Z</time>
        <extensions>
          <ns3:TrackPointExtension>
            <ns3:atemp>21.0</ns3:atemp>
            <ns3:hr>132</ns3:hr>
            <ns3:cad>35</ns3:cad>
          </ns3:TrackPointExtension>
        </extensions>
      </trkpt>
      <trkpt lat="47.68117242492735385894775390625" lon="-122.3289929889142513275146484375">
        <ele>40.200000762939453125</ele>
        <time>2026-08-03T15:57:50.000Z</time>
        <extensions>
          <ns3:TrackPointExtension>
            <ns3:atemp>21.0</ns3:atemp>
            <ns3:hr>136</ns3:hr>
            <ns3:cad>98</ns3:cad>
          </ns3:TrackPointExtension>
        </extensions>
      </trkpt>
      <trkpt lat="47.68117242492735385894775390625" lon="-122.3289929889142513275146484375">
        <ele>40.200000762939453125</ele>
        <time>2026-08-03T15:57:51.000Z</time>
        <extensions>
          <ns3:TrackPointExtension>
            <ns3:atemp>21.0</ns3:atemp>
            <ns3:hr>136</ns3:hr>
            <ns3:cad>98</ns3:cad>
          </ns3:TrackPointExtension>
        </extensions>
      </trkpt>
      <trkpt lat="47.68117242492735385894775390625" lon="-122.3289929889142513275146484375">
        <ele>40.200000762939453125</ele>
        <time>2026-08-03T15:57:52.000Z</time>
        <extensions>
          <ns3:TrackPointExtension>
            <ns3:atemp>21.0</ns3:atemp>
            <ns3:hr>133</ns3:hr>
            <ns3:cad>98</ns3:cad>
          </ns3:TrackPointExtension>
        </extensions>
      </trkpt>
      <trkpt lat="47.6812878437340259552001953125" lon="-122.32896205969154834747314453125">
        <ele>40.40000152587890625</ele>
        <time>2026-08-03T15:57:56.000Z</time>
        <extensions>
          <ns3:TrackPointExtension>
            <ns3:atemp>21.0</ns3:atemp>
            <ns3:hr>130</ns3:hr>
            <ns3:cad>96</ns3:cad>
          </ns3:TrackPointExtension>
        </extensions>
      </trkpt>
      <trkpt lat="47.6813160069286823272705078125" lon="-122.32895585708320140838623046875">
        <ele>40.40000152587890625</ele>
        <time>2026-08-03T15:57:57.000Z</time>
        <extensions>
          <ns3:TrackPointExtension>
            <ns3:atemp>21.0</ns3:atemp>
            <ns3:hr>130</ns3:hr>
            <ns3:cad>95</ns3:cad>
          </ns3:TrackPointExtension>
        </extensions>
      </trkpt>
      <trkpt lat="47.68145472742617130279541015625" lon="-122.328980080783367156982421875">
        <ele>40</ele>
        <time>2026-08-03T15:58:02.000Z</time>
        <extensions>
          <ns3:TrackPointExtension>
            <ns3:atemp>21.0</ns3:atemp>
            <ns3:hr>128</ns3:hr>
            <ns3:cad>96</ns3:cad>
          </ns3:TrackPointExtension>
        </extensions>
      </trkpt>
      <trkpt lat="47.68154541961848735809326171875" lon="-122.3290033824741840362548828125">
        <ele>40</ele>
        <time>2026-08-03T15:58:05.000Z</time>
        <extensions>
          <ns3:TrackPointExtension>
            <ns3:atemp>21.0</ns3:atemp>
            <ns3:hr>125</ns3:hr>
            <ns3:cad>98</ns3:cad>
          </ns3:TrackPointExtension>
        </extensions>
      </trkpt>
      <trkpt lat="47.68156771548092365264892578125" lon="-122.329021990299224853515625">
        <ele>40.200000762939453125</ele>
        <time>2026-08-03T15:58:06.000Z</time>
        <extensions>
          <ns3:TrackPointExtension>
            <ns3:atemp>21.0</ns3:atemp>
            <ns3:hr>125</ns3:hr>
            <ns3:cad>98</ns3:cad>
          </ns3:TrackPointExtension>
        </extensions>
      </trkpt>
      <trkpt lat="47.6816258020699024200439453125" lon="-122.3290620557963848114013671875">
        <ele>40.200000762939453125</ele>
        <time>2026-08-03T15:58:08.000Z</time>
        <extensions>
          <ns3:TrackPointExtension>
            <ns3:atemp>21.0</ns3:atemp>
            <ns3:hr>124</ns3:hr>
            <ns3:cad>97</ns3:cad>
          </ns3:TrackPointExtension>
        </extensions>
      </trkpt>
      <trkpt lat="47.681778855621814727783203125" lon="-122.329256348311901092529296875">
        <ele>40.40000152587890625</ele>
        <time>2026-08-03T15:58:14.000Z</time>
        <extensions>
          <ns3:TrackPointExtension>
            <ns3:atemp>21.0</ns3:atemp>
            <ns3:hr>122</ns3:hr>
            <ns3:cad>97</ns3:cad>
          </ns3:TrackPointExtension>
        </extensions>
      </trkpt>
      <trkpt lat="47.681892178952693939208984375" lon="-122.32943915762007236480712890625">
        <ele>40.40000152587890625</ele>
        <time>2026-08-03T15:58:19.000Z</time>
        <extensions>
          <ns3:TrackPointExtension>
            <ns3:atemp>21.0</ns3:atemp>
            <ns3:hr>119</ns3:hr>
            <ns3:cad>95</ns3:cad>
          </ns3:TrackPointExtension>
        </extensions>
      </trkpt>
      <trkpt lat="47.68192025832831859588623046875" lon="-122.32951811514794826507568359375">
        <ele>40.40000152587890625</ele>
        <time>2026-08-03T15:58:21.000Z</time>
        <extensions>
          <ns3:TrackPointExtension>
            <ns3:atemp>21.0</ns3:atemp>
            <ns3:hr>122</ns3:hr>
            <ns3:cad>95</ns3:cad>
          </ns3:TrackPointExtension>
        </extensions>
      </trkpt>
      <trkpt lat="47.6819758303463459014892578125" lon="-122.32964702881872653961181640625">
        <ele>39.799999237060546875</ele>
        <time>2026-08-03T15:58:25.000Z</time>
        <extensions>
          <ns3:TrackPointExtension>
            <ns3:atemp>21.0</ns3:atemp>
            <ns3:hr>123</ns3:hr>
            <ns3:cad>95</ns3:cad>
          </ns3:TrackPointExtension>
        </extensions>
      </trkpt>
      <trkpt lat="47.682016901671886444091796875" lon="-122.32988155446946620941162109375">
        <ele>39.59999847412109375</ele>
        <time>2026-08-03T15:58:31.000Z</time>
        <extensions>
          <ns3:TrackPointExtension>
            <ns3:atemp>21.0</ns3:atemp>
            <ns3:hr>124</ns3:hr>
            <ns3:cad>96</ns3:cad>
          </ns3:TrackPointExtension>
        </extensions>
      </trkpt>
      <trkpt lat="47.68200743012130260467529296875" lon="-122.3300377093255519866943359375">
        <ele>40</ele>
        <time>2026-08-03T15:58:35.000Z</time>
        <extensions>
          <ns3:TrackPointExtension>
            <ns3:atemp>21.0</ns3:atemp>
            <ns3:hr>124</ns3:hr>
            <ns3:cad>95</ns3:cad>
          </ns3:TrackPointExtension>
        </extensions>
      </trkpt>
      <trkpt lat="47.6820011436939239501953125" lon="-122.33006964437663555145263671875">
        <ele>40.200000762939453125</ele>
        <time>2026-08-03T15:58:36.000Z</time>
        <extensions>
          <ns3:TrackPointExtension>
            <ns3:atemp>21.0</ns3:atemp>
            <ns3:hr>124</ns3:hr>
            <ns3:cad>95</ns3:cad>
          </ns3:TrackPointExtension>
        </extensions>
      </trkpt>
      <trkpt lat="47.681963928043842315673828125" lon="-122.3301681317389011383056640625">
        <ele>40.40000152587890625</ele>
        <time>2026-08-03T15:58:39.000Z</time>
        <extensions>
          <ns3:TrackPointExtension>
            <ns3:atemp>21.0</ns3:atemp>
            <ns3:hr>126</ns3:hr>
            <ns3:cad>96</ns3:cad>
          </ns3:TrackPointExtension>
        </extensions>
      </trkpt>
      <trkpt lat="47.6819359324872493743896484375" lon="-122.330232001841068267822265625">
        <ele>40.40000152587890625</ele>
        <time>2026-08-03T15:58:41.000Z</time>
        <extensions>
          <ns3:TrackPointExtension>
            <ns3:atemp>21.0</ns3:atemp>
            <ns3:hr>125</ns3:hr>
            <ns3:cad>95</ns3:cad>
          </ns3:TrackPointExtension>
        </extensions>
      </trkpt>
      <trkpt lat="47.68191187642514705657958984375" lon="-122.33029176481068134307861328125">
        <ele>40</ele>
        <time>2026-08-03T15:58:43.000Z</time>
        <extensions>
          <ns3:TrackPointExtension>
            <ns3:atemp>21.0</ns3:atemp>
            <ns3:hr>125</ns3:hr>
            <ns3:cad>95</ns3:cad>
          </ns3:TrackPointExtension>
        </extensions>
      </trkpt>
      <trkpt lat="47.68183124251663684844970703125" lon="-122.33044548891484737396240234375">
        <ele>39.799999237060546875</ele>
        <time>2026-08-03T15:58:48.000Z</time>
        <extensions>
          <ns3:TrackPointExtension>
            <ns3:atemp>21.0</ns3:atemp>
            <ns3:hr>128</ns3:hr>
            <ns3:cad>97</ns3:cad>
          </ns3:TrackPointExtension>
        </extensions>
      </trkpt>
      <trkpt lat="47.6817314140498638153076171875" lon="-122.3306475766003131866455078125">
        <ele>40.200000762939453125</ele>
        <time>2026-08-03T15:58:54.000Z</time>
        <extensions>
          <ns3:TrackPointExtension>
            <ns3:atemp>21.0</ns3:atemp>
            <ns3:hr>127</ns3:hr>
            <ns3:cad>97</ns3:cad>
          </ns3:TrackPointExtension>
        </extensions>
      </trkpt>
      <trkpt lat="47.68168305046856403350830078125" lon="-122.33085930347442626953125">
        <ele>39.799999237060546875</ele>
        <time>2026-08-03T15:58:59.000Z</time>
        <extensions>
          <ns3:TrackPointExtension>
            <ns3:atemp>21.0</ns3:atemp>
            <ns3:hr>128</ns3:hr>
            <ns3:cad>97</ns3:cad>
          </ns3:TrackPointExtension>
        </extensions>
      </trkpt>
      <trkpt lat="47.681666873395442962646484375" lon="-122.33112844638526439666748046875">
        <ele>39.59999847412109375</ele>
        <time>2026-08-03T15:59:06.000Z</time>
        <extensions>
          <ns3:TrackPointExtension>
            <ns3:atemp>21.0</ns3:atemp>
            <ns3:hr>128</ns3:hr>
            <ns3:cad>99</ns3:cad>
          </ns3:TrackPointExtension>
        </extensions>
      </trkpt>
      <trkpt lat="47.68167802132666110992431640625" lon="-122.33139180578291416168212890625">
        <ele>40</ele>
        <time>2026-08-03T15:59:13.000Z</time>
        <extensions>
          <ns3:TrackPointExtension>
            <ns3:atemp>21.0</ns3:atemp>
            <ns3:hr>129</ns3:hr>
            <ns3:cad>98</ns3:cad>
          </ns3:TrackPointExtension>
        </extensions>
      </trkpt>
      <trkpt lat="47.68175697885453701019287109375" lon="-122.3316319473087787628173828125">
        <ele>40.200000762939453125</ele>
        <time>2026-08-03T15:59:19.000Z</time>
        <extensions>
          <ns3:TrackPointExtension>
            <ns3:atemp>21.0</ns3:atemp>
            <ns3:hr>129</ns3:hr>
            <ns3:cad>96</ns3:cad>
          </ns3:TrackPointExtension>
        </extensions>
      </trkpt>
      <trkpt lat="47.6817726530134677886962890625" lon="-122.3316691629588603973388671875">
        <ele>40</ele>
        <time>2026-08-03T15:59:20.000Z</time>
        <extensions>
          <ns3:TrackPointExtension>
            <ns3:atemp>21.0</ns3:atemp>
            <ns3:hr>129</ns3:hr>
            <ns3:cad>97</ns3:cad>
          </ns3:TrackPointExtension>
        </extensions>
      </trkpt>
      <trkpt lat="47.68185890279710292816162109375" lon="-122.3318517208099365234375">
        <ele>40.200000762939453125</ele>
        <time>2026-08-03T15:59:25.000Z</time>
        <extensions>
          <ns3:TrackPointExtension>
            <ns3:atemp>21.0</ns3:atemp>
            <ns3:hr>130</ns3:hr>
            <ns3:cad>97</ns3:cad>
          </ns3:TrackPointExtension>
        </extensions>
      </trkpt>
      <trkpt lat="47.68195462413132190704345703125" lon="-122.3320808820426464080810546875">
        <ele>40.59999847412109375</ele>
        <time>2026-08-03T15:59:32.000Z</time>
        <extensions>
          <ns3:TrackPointExtension>
            <ns3:atemp>21.0</ns3:atemp>
            <ns3:hr>130</ns3:hr>
            <ns3:cad>95</ns3:cad>
          </ns3:TrackPointExtension>
        </extensions>
      </trkpt>
      <trkpt lat="47.682004831731319427490234375" lon="-122.332188673317432403564453125">
        <ele>40.40000152587890625</ele>
        <time>2026-08-03T15:59:35.000Z</time>
        <extensions>
          <ns3:TrackPointExtension>
            <ns3:atemp>21.0</ns3:atemp>
            <ns3:hr>129</ns3:hr>
            <ns3:cad>95</ns3:cad>
          </ns3:TrackPointExtension>
        </extensions>
      </trkpt>
      <trkpt lat="47.68205353058874607086181640625" lon="-122.33240048401057720184326171875">
        <ele>39.799999237060546875</ele>
        <time>2026-08-03T15:59:41.000Z</time>
        <extensions>
          <ns3:TrackPointExtension>
            <ns3:atemp>21.0</ns3:atemp>
            <ns3:hr>130</ns3:hr>
            <ns3:cad>95</ns3:cad>
          </ns3:TrackPointExtension>
        </extensions>
      </trkpt>
      <trkpt lat="47.68209259025752544403076171875" lon="-122.33264498412609100341796875">
        <ele>40.200000762939453125</ele>
        <time>2026-08-03T15:59:48.000Z</time>
        <extensions>
          <ns3:TrackPointExtension>
            <ns3:atemp>21.0</ns3:atemp>
            <ns3:hr>129</ns3:hr>
            <ns3:cad>96</ns3:cad>
          </ns3:TrackPointExtension>
        </extensions>
      </trkpt>
      <trkpt lat="47.68217146396636962890625" lon="-122.33289216645061969757080078125">
        <ele>40.40000152587890625</ele>
        <time>2026-08-03T15:59:54.000Z</time>
        <extensions>
          <ns3:TrackPointExtension>
            <ns3:atemp>21.0</ns3:atemp>
            <ns3:hr>129</ns3:hr>
            <ns3:cad>96</ns3:cad>
          </ns3:TrackPointExtension>
        </extensions>
      </trkpt>
      <trkpt lat="47.68223424442112445831298828125" lon="-122.33318922109901905059814453125">
        <ele>40.59999847412109375</ele>
        <time>2026-08-03T16:00:01.000Z</time>
        <extensions>
          <ns3:TrackPointExtension>
            <ns3:atemp>21.0</ns3:atemp>
            <ns3:hr>129</ns3:hr>
            <ns3:cad>96</ns3:cad>
          </ns3:TrackPointExtension>
        </extensions>
      </trkpt>
      <trkpt lat="47.68229610286653041839599609375" lon="-122.33341570012271404266357421875">
        <ele>40.40000152587890625</ele>
        <time>2026-08-03T16:00:07.000Z</time>
        <extensions>
          <ns3:TrackPointExtension>
            <ns3:atemp>21.0</ns3:atemp>
            <ns3:hr>130</ns3:hr>
            <ns3:cad>97</ns3:cad>
          </ns3:TrackPointExtension>
        </extensions>
      </trkpt>
      <trkpt lat="47.68232141621410846710205078125" lon="-122.333567999303340911865234375">
        <ele>40.59999847412109375</ele>
        <time>2026-08-03T16:00:11.000Z</time>
        <extensions>
          <ns3:TrackPointExtension>
            <ns3:atemp>21.0</ns3:atemp>
            <ns3:hr>133</ns3:hr>
            <ns3:cad>97</ns3:cad>
          </ns3:TrackPointExtension>
        </extensions>
      </trkpt>
      <trkpt lat="47.68233574926853179931640625" lon="-122.3336432687938213348388671875">
        <ele>40.59999847412109375</ele>
        <time>2026-08-03T16:00:13.000Z</time>
        <extensions>
          <ns3:TrackPointExtension>
            <ns3:atemp>21.0</ns3:atemp>
            <ns3:hr>131</ns3:hr>
            <ns3:cad>98</ns3:cad>
          </ns3:TrackPointExtension>
        </extensions>
      </trkpt>
      <trkpt lat="47.6823550276458263397216796875" lon="-122.33379858545958995819091796875">
        <ele>40.200000762939453125</ele>
        <time>2026-08-03T16:00:17.000Z</time>
        <extensions>
          <ns3:TrackPointExtension>
            <ns3:atemp>21.0</ns3:atemp>
            <ns3:hr>128</ns3:hr>
            <ns3:cad>96</ns3:cad>
          </ns3:TrackPointExtension>
        </extensions>
      </trkpt>
      <trkpt lat="47.68238863907754421234130859375" lon="-122.33386497013270854949951171875">
        <ele>40.59999847412109375</ele>
        <time>2026-08-03T16:00:19.000Z</time>
        <extensions>
          <ns3:TrackPointExtension>
            <ns3:atemp>21.0</ns3:atemp>
            <ns3:hr>129</ns3:hr>
            <ns3:cad>96</ns3:cad>
          </ns3:TrackPointExtension>
        </extensions>
      </trkpt>
      <trkpt lat="47.68254571594297885894775390625" lon="-122.33401693403720855712890625">
        <ele>41</ele>
        <time>2026-08-03T16:00:25.000Z</time>
        <extensions>
          <ns3:TrackPointExtension>
            <ns3:atemp>21.0</ns3:atemp>
            <ns3:hr>128</ns3:hr>
            <ns3:cad>96</ns3:cad>
          </ns3:TrackPointExtension>
        </extensions>
      </trkpt>
      <trkpt lat="47.68257086165249347686767578125" lon="-122.334046103060245513916015625">
        <ele>41.200000762939453125</ele>
        <time>2026-08-03T16:00:26.000Z</time>
        <extensions>
          <ns3:TrackPointExtension>
            <ns3:atemp>21.0</ns3:atemp>
            <ns3:hr>128</ns3:hr>
            <ns3:cad>96</ns3:cad>
          </ns3:TrackPointExtension>
        </extensions>
      </trkpt>
      <trkpt lat="47.68262769095599651336669921875" lon="-122.3340814746916294097900390625">
        <ele>41.200000762939453125</ele>
        <time>2026-08-03T16:00:28.000Z</time>
        <extensions>
          <ns3:TrackPointExtension>
            <ns3:atemp>21.0</ns3:atemp>
            <ns3:hr>132</ns3:hr>
            <ns3:cad>96</ns3:cad>
          </ns3:TrackPointExtension>
        </extensions>
      </trkpt>
      <trkpt lat="47.68265099264681339263916015625" lon="-122.3341059498488903045654296875">
        <ele>41.200000762939453125</ele>
        <time>2026-08-03T16:00:29.000Z</time>
        <extensions>
          <ns3:TrackPointExtension>
            <ns3:atemp>21.0</ns3:atemp>
            <ns3:hr>131</ns3:hr>
            <ns3:cad>96</ns3:cad>
          </ns3:TrackPointExtension>
        </extensions>
      </trkpt>
      <trkpt lat="47.68282516859471797943115234375" lon="-122.33423545025289058685302734375">
        <ele>41.40000152587890625</ele>
        <time>2026-08-03T16:00:33.000Z</time>
        <extensions>
          <ns3:TrackPointExtension>
            <ns3:atemp>21.0</ns3:atemp>
            <ns3:hr>130</ns3:hr>
            <ns3:cad>96</ns3:cad>
          </ns3:TrackPointExtension>
        </extensions>
      </trkpt>
      <trkpt lat="47.68287026323378086090087890625" lon="-122.33428356237709522247314453125">
        <ele>41.40000152587890625</ele>
        <time>2026-08-03T16:00:37.000Z</time>
        <extensions>
          <ns3:TrackPointExtension>
            <ns3:atemp>21.0</ns3:atemp>
            <ns3:hr>129</ns3:hr>
            <ns3:cad>96</ns3:cad>
          </ns3:TrackPointExtension>
        </extensions>
      </trkpt>
      <trkpt lat="47.68302239477634429931640625" lon="-122.33445807360112667083740234375">
        <ele>41.59999847412109375</ele>
        <time>2026-08-03T16:00:44.000Z</time>
        <extensions>
          <ns3:TrackPointExtension>
            <ns3:atemp>21.0</ns3:atemp>
            <ns3:hr>131</ns3:hr>
            <ns3:cad>95</ns3:cad>
          </ns3:TrackPointExtension>
        </extensions>
      </trkpt>
      <trkpt lat="47.68304578028619289398193359375" lon="-122.33448221348226070404052734375">
        <ele>41.59999847412109375</ele>
        <time>2026-08-03T16:00:45.000Z</time>
        <extensions>
          <ns3:TrackPointExtension>
            <ns3:atemp>21.0</ns3:atemp>
            <ns3:hr>130</ns3:hr>
            <ns3:cad>95</ns3:cad>
          </ns3:TrackPointExtension>
        </extensions>
      </trkpt>
      <trkpt lat="47.68317670561373233795166015625" lon="-122.33464716933667659759521484375">
        <ele>41.200000762939453125</ele>
        <time>2026-08-03T16:00:51.000Z</time>
        <extensions>
          <ns3:TrackPointExtension>
            <ns3:atemp>21.0</ns3:atemp>
            <ns3:hr>130</ns3:hr>
            <ns3:cad>96</ns3:cad>
          </ns3:TrackPointExtension>
        </extensions>
      </trkpt>
      <trkpt lat="47.6833192817866802215576171875" lon="-122.33481195755302906036376953125">
        <ele>41</ele>
        <time>2026-08-03T16:00:57.000Z</time>
        <extensions>
          <ns3:TrackPointExtension>
            <ns3:atemp>21.0</ns3:atemp>
            <ns3:hr>133</ns3:hr>
            <ns3:cad>97</ns3:cad>
          </ns3:TrackPointExtension>
        </extensions>
      </trkpt>
      <trkpt lat="47.68341944552958011627197265625" lon="-122.33493181876838207244873046875">
        <ele>41.200000762939453125</ele>
        <time>2026-08-03T16:01:01.000Z</time>
        <extensions>
          <ns3:TrackPointExtension>
            <ns3:atemp>21.0</ns3:atemp>
            <ns3:hr>132</ns3:hr>
            <ns3:cad>95</ns3:cad>
          </ns3:TrackPointExtension>
        </extensions>
      </trkpt>
      <trkpt lat="47.68353494815528392791748046875" lon="-122.33506525866687297821044921875">
        <ele>41.200000762939453125</ele>
        <time>2026-08-03T16:01:06.000Z</time>
        <extensions>
          <ns3:TrackPointExtension>
            <ns3:atemp>21.0</ns3:atemp>
            <ns3:hr>129</ns3:hr>
            <ns3:cad>95</ns3:cad>
          </ns3:TrackPointExtension>
        </extensions>
      </trkpt>
      <trkpt lat="47.6835573278367519378662109375" lon="-122.33509174548089504241943359375">
        <ele>41.200000762939453125</ele>
        <time>2026-08-03T16:01:07.000Z</time>
        <extensions>
          <ns3:TrackPointExtension>
            <ns3:atemp>21.0</ns3:atemp>
            <ns3:hr>130</ns3:hr>
            <ns3:cad>95</ns3:cad>
          </ns3:TrackPointExtension>
        </extensions>
      </trkpt>
      <trkpt lat="47.68371365033090114593505859375" lon="-122.33525234274566173553466796875">
        <ele>41</ele>
        <time>2026-08-03T16:01:13.000Z</time>
        <extensions>
          <ns3:TrackPointExtension>
            <ns3:atemp>21.0</ns3:atemp>
            <ns3:hr>130</ns3:hr>
            <ns3:cad>95</ns3:cad>
          </ns3:TrackPointExtension>
        </extensions>
      </trkpt>
      <trkpt lat="47.6838775165379047393798828125" lon="-122.3353625647723674774169921875">
        <ele>41</ele>
        <time>2026-08-03T16:01:19.000Z</time>
        <extensions>
          <ns3:TrackPointExtension>
            <ns3:atemp>21.0</ns3:atemp>
            <ns3:hr>129</ns3:hr>
            <ns3:cad>95</ns3:cad>
          </ns3:TrackPointExtension>
        </extensions>
      </trkpt>
      <trkpt lat="47.683898471295833587646484375" lon="-122.3353799991309642791748046875">
        <ele>40.799999237060546875</ele>
        <time>2026-08-03T16:01:20.000Z</time>
        <extensions>
          <ns3:TrackPointExtension>
            <ns3:atemp>21.0</ns3:atemp>
            <ns3:hr>129</ns3:hr>
            <ns3:cad>95</ns3:cad>
          </ns3:TrackPointExtension>
        </extensions>
      </trkpt>
      <trkpt lat="47.6840283907949924468994140625" lon="-122.33545862138271331787109375">
        <ele>41</ele>
        <time>2026-08-03T16:01:25.000Z</time>
        <extensions>
          <ns3:TrackPointExtension>
            <ns3:atemp>21.0</ns3:atemp>
            <ns3:hr>128</ns3:hr>
            <ns3:cad>95</ns3:cad>
          </ns3:TrackPointExtension>
        </extensions>
      </trkpt>
      <trkpt lat="47.68420097418129444122314453125" lon="-122.3355680890381336212158203125">
        <ele>41.200000762939453125</ele>
        <time>2026-08-03T16:01:31.000Z</time>
        <extensions>
          <ns3:TrackPointExtension>
            <ns3:atemp>21.0</ns3:atemp>
            <ns3:hr>128</ns3:hr>
            <ns3:cad>95</ns3:cad>
          </ns3:TrackPointExtension>
        </extensions>
      </trkpt>
      <trkpt lat="47.6843442209064960479736328125" lon="-122.33573547564446926116943359375">
        <ele>41.40000152587890625</ele>
        <time>2026-08-03T16:01:37.000Z</time>
        <extensions>
          <ns3:TrackPointExtension>
            <ns3:atemp>21.0</ns3:atemp>
            <ns3:hr>129</ns3:hr>
            <ns3:cad>94</ns3:cad>
          </ns3:TrackPointExtension>
        </extensions>
      </trkpt>
      <trkpt lat="47.68439677543938159942626953125" lon="-122.33579247258603572845458984375">
        <ele>41.40000152587890625</ele>
        <time>2026-08-03T16:01:39.000Z</time>
        <extensions>
          <ns3:TrackPointExtension>
            <ns3:atemp>21.0</ns3:atemp>
            <ns3:hr>129</ns3:hr>
            <ns3:cad>95</ns3:cad>
          </ns3:TrackPointExtension>
        </extensions>
      </trkpt>
      <trkpt lat="47.68451462499797344207763671875" lon="-122.33597360551357269287109375">
        <ele>41</ele>
        <time>2026-08-03T16:01:45.000Z</time>
        <extensions>
          <ns3:TrackPointExtension>
            <ns3:atemp>21.0</ns3:atemp>
            <ns3:hr>130</ns3:hr>
            <ns3:cad>97</ns3:cad>
          </ns3:TrackPointExtension>
        </extensions>
      </trkpt>
      <trkpt lat="47.68459877930581569671630859375" lon="-122.33614903874695301055908203125">
        <ele>41</ele>
        <time>2026-08-03T16:01:50.000Z</time>
        <extensions>
          <ns3:TrackPointExtension>
            <ns3:atemp>21.0</ns3:atemp>
            <ns3:hr>130</ns3:hr>
            <ns3:cad>97</ns3:cad>
          </ns3:TrackPointExtension>
        </extensions>
      </trkpt>
      <trkpt lat="47.6846821792423725128173828125" lon="-122.33631349168717861175537109375">
        <ele>40.799999237060546875</ele>
        <time>2026-08-03T16:01:55.000Z</time>
        <extensions>
          <ns3:TrackPointExtension>
            <ns3:atemp>21.0</ns3:atemp>
            <ns3:hr>130</ns3:hr>
            <ns3:cad>97</ns3:cad>
          </ns3:TrackPointExtension>
        </extensions>
      </trkpt>
      <trkpt lat="47.68479474820196628570556640625" lon="-122.336551286280155181884765625">
        <ele>40.799999237060546875</ele>
        <time>2026-08-03T16:02:00.000Z</time>
        <extensions>
          <ns3:TrackPointExtension>
            <ns3:atemp>21.0</ns3:atemp>
            <ns3:hr>132</ns3:hr>
            <ns3:cad>98</ns3:cad>
          </ns3:TrackPointExtension>
        </extensions>
      </trkpt>
      <trkpt lat="47.68480899743735790252685546875" lon="-122.3366131447255611419677734375">
        <ele>41</ele>
        <time>2026-08-03T16:02:03.000Z</time>
        <extensions>
          <ns3:TrackPointExtension>
            <ns3:atemp>21.0</ns3:atemp>
            <ns3:hr>131</ns3:hr>
            <ns3:cad>99</ns3:cad>
          </ns3:TrackPointExtension>
        </extensions>
      </trkpt>
      <trkpt lat="47.68486700020730495452880859375" lon="-122.33685244806110858917236328125">
        <ele>41.200000762939453125</ele>
        <time>2026-08-03T16:02:09.000Z</time>
        <extensions>
          <ns3:TrackPointExtension>
            <ns3:atemp>21.0</ns3:atemp>
            <ns3:hr>130</ns3:hr>
            <ns3:cad>96</ns3:cad>
          </ns3:TrackPointExtension>
        </extensions>
      </trkpt>
      <trkpt lat="47.68487605266273021697998046875" lon="-122.33697272837162017822265625">
        <ele>40.799999237060546875</ele>
        <time>2026-08-03T16:02:12.000Z</time>
        <extensions>
          <ns3:TrackPointExtension>
            <ns3:atemp>21.0</ns3:atemp>
            <ns3:hr>127</ns3:hr>
            <ns3:cad>96</ns3:cad>
          </ns3:TrackPointExtension>
        </extensions>
      </trkpt>
      <trkpt lat="47.68488510511815547943115234375" lon="-122.3370530270040035247802734375">
        <ele>40.59999847412109375</ele>
        <time>2026-08-03T16:02:14.000Z</time>
        <extensions>
          <ns3:TrackPointExtension>
            <ns3:atemp>21.0</ns3:atemp>
            <ns3:hr>127</ns3:hr>
            <ns3:cad>96</ns3:cad>
          </ns3:TrackPointExtension>
        </extensions>
      </trkpt>
      <trkpt lat="47.68488426692783832550048828125" lon="-122.33709921129047870635986328125">
        <ele>40.59999847412109375</ele>
        <time>2026-08-03T16:02:15.000Z</time>
        <extensions>
          <ns3:TrackPointExtension>
            <ns3:atemp>21.0</ns3:atemp>
            <ns3:hr>126</ns3:hr>
            <ns3:cad>96</ns3:cad>
          </ns3:TrackPointExtension>
        </extensions>
      </trkpt>
      <trkpt lat="47.68489591777324676513671875" lon="-122.337230555713176727294921875">
        <ele>40.799999237060546875</ele>
        <time>2026-08-03T16:02:18.000Z</time>
        <extensions>
          <ns3:TrackPointExtension>
            <ns3:atemp>21.0</ns3:atemp>
            <ns3:hr>125</ns3:hr>
            <ns3:cad>96</ns3:cad>
          </ns3:TrackPointExtension>
        </extensions>
      </trkpt>
      <trkpt lat="47.68493137322366237640380859375" lon="-122.337524257600307464599609375">
        <ele>41</ele>
        <time>2026-08-03T16:02:25.000Z</time>
        <extensions>
          <ns3:TrackPointExtension>
            <ns3:atemp>21.0</ns3:atemp>
            <ns3:hr>127</ns3:hr>
            <ns3:cad>96</ns3:cad>
          </ns3:TrackPointExtension>
        </extensions>
      </trkpt>
      <trkpt lat="47.68493212759494781494140625" lon="-122.33758653514087200164794921875">
        <ele>41</ele>
        <time>2026-08-03T16:02:26.000Z</time>
        <extensions>
          <ns3:TrackPointExtension>
            <ns3:atemp>21.0</ns3:atemp>
            <ns3:hr>131</ns3:hr>
            <ns3:cad>96</ns3:cad>
          </ns3:TrackPointExtension>
        </extensions>
      </trkpt>
      <trkpt lat="47.68493589945137500762939453125" lon="-122.33762986958026885986328125">
        <ele>41</ele>
        <time>2026-08-03T16:02:27.000Z</time>
        <extensions>
          <ns3:TrackPointExtension>
            <ns3:atemp>21.0</ns3:atemp>
            <ns3:hr>130</ns3:hr>
            <ns3:cad>96</ns3:cad>
          </ns3:TrackPointExtension>
        </extensions>
      </trkpt>
      <trkpt lat="47.68493221141397953033447265625" lon="-122.3376699350774288177490234375">
        <ele>41</ele>
        <time>2026-08-03T16:02:28.000Z</time>
        <extensions>
          <ns3:TrackPointExtension>
            <ns3:atemp>21.0</ns3:atemp>
            <ns3:hr>132</ns3:hr>
            <ns3:cad>96</ns3:cad>
          </ns3:TrackPointExtension>
        </extensions>
      </trkpt>
      <trkpt lat="47.684906311333179473876953125" lon="-122.33779658563435077667236328125">
        <ele>40.799999237060546875</ele>
        <time>2026-08-03T16:02:31.000Z</time>
        <extensions>
          <ns3:TrackPointExtension>
            <ns3:atemp>21.0</ns3:atemp>
            <ns3:hr>132</ns3:hr>
            <ns3:cad>96</ns3:cad>
          </ns3:TrackPointExtension>
        </extensions>
      </trkpt>
      <trkpt lat="47.6848806627094745635986328125" lon="-122.3380397446453571319580078125">
        <ele>40.40000152587890625</ele>
        <time>2026-08-03T16:02:37.000Z</time>
        <extensions>
          <ns3:TrackPointExtension>
            <ns3:atemp>21.0</ns3:atemp>
            <ns3:hr>132</ns3:hr>
            <ns3:cad>95</ns3:cad>
          </ns3:TrackPointExtension>
        </extensions>
      </trkpt>
      <trkpt lat="47.68483020365238189697265625" lon="-122.33832196332514286041259765625">
        <ele>40.59999847412109375</ele>
        <time>2026-08-03T16:02:44.000Z</time>
        <extensions>
          <ns3:TrackPointExtension>
            <ns3:atemp>21.0</ns3:atemp>
            <ns3:hr>132</ns3:hr>
            <ns3:cad>96</ns3:cad>
          </ns3:TrackPointExtension>
        </extensions>
      </trkpt>
      <trkpt lat="47.6846969313919544219970703125" lon="-122.3385336063802242279052734375">
        <ele>40.200000762939453125</ele>
        <time>2026-08-03T16:02:51.000Z</time>
        <extensions>
          <ns3:TrackPointExtension>
            <ns3:atemp>21.0</ns3:atemp>
            <ns3:hr>131</ns3:hr>
            <ns3:cad>95</ns3:cad>
          </ns3:TrackPointExtension>
        </extensions>
      </trkpt>
      <trkpt lat="47.6846458017826080322265625" lon="-122.3385822214186191558837890625">
        <ele>40</ele>
        <time>2026-08-03T16:02:53.000Z</time>
        <extensions>
          <ns3:TrackPointExtension>
            <ns3:atemp>21.0</ns3:atemp>
            <ns3:hr>130</ns3:hr>
            <ns3:cad>96</ns3:cad>
          </ns3:TrackPointExtension>
        </extensions>
      </trkpt>
      <trkpt lat="47.6845497451722621917724609375" lon="-122.33865388669073581695556640625">
        <ele>40.200000762939453125</ele>
        <time>2026-08-03T16:02:57.000Z</time>
        <extensions>
          <ns3:TrackPointExtension>
            <ns3:atemp>21.0</ns3:atemp>
            <ns3:hr>131</ns3:hr>
            <ns3:cad>96</ns3:cad>
          </ns3:TrackPointExtension>
        </extensions>
      </trkpt>
      <trkpt lat="47.684421502053737640380859375" lon="-122.33874994330108165740966796875">
        <ele>39.799999237060546875</ele>
        <time>2026-08-03T16:03:03.000Z</time>
        <extensions>
          <ns3:TrackPointExtension>
            <ns3:atemp>21.0</ns3:atemp>
            <ns3:hr>131</ns3:hr>
            <ns3:cad>96</ns3:cad>
          </ns3:TrackPointExtension>
        </extensions>
      </trkpt>
      <trkpt lat="47.6842490024864673614501953125" lon="-122.33890199102461338043212890625">
        <ele>40</ele>
        <time>2026-08-03T16:03:11.000Z</time>
        <extensions>
          <ns3:TrackPointExtension>
            <ns3:atemp>21.0</ns3:atemp>
            <ns3:hr>129</ns3:hr>
            <ns3:cad>96</ns3:cad>
          </ns3:TrackPointExtension>
        </extensions>
      </trkpt>
      <trkpt lat="47.68423064611852169036865234375" lon="-122.33892001211643218994140625">
        <ele>39.799999237060546875</ele>
        <time>2026-08-03T16:03:12.000Z</time>
        <extensions>
          <ns3:TrackPointExtension>
            <ns3:atemp>21.0</ns3:atemp>
            <ns3:hr>128</ns3:hr>
            <ns3:cad>96</ns3:cad>
          </ns3:TrackPointExtension>
        </extensions>
      </trkpt>
      <trkpt lat="47.68420281819999217987060546875" lon="-122.33892948366701602935791015625">
        <ele>39.799999237060546875</ele>
        <time>2026-08-03T16:03:13.000Z</time>
        <extensions>
          <ns3:TrackPointExtension>
            <ns3:atemp>21.0</ns3:atemp>
            <ns3:hr>130</ns3:hr>
            <ns3:cad>96</ns3:cad>
          </ns3:TrackPointExtension>
        </extensions>
      </trkpt>
      <trkpt lat="47.68412151373922824859619140625" lon="-122.33895446173846721649169921875">
        <ele>40.200000762939453125</ele>
        <time>2026-08-03T16:03:16.000Z</time>
        <extensions>
          <ns3:TrackPointExtension>
            <ns3:atemp>21.0</ns3:atemp>
            <ns3:hr>130</ns3:hr>
            <ns3:cad>97</ns3:cad>
          </ns3:TrackPointExtension>
        </extensions>
      </trkpt>
      <trkpt lat="47.6839268021285533905029296875" lon="-122.33906778506934642791748046875">
        <ele>40.200000762939453125</ele>
        <time>2026-08-03T16:03:23.000Z</time>
        <extensions>
          <ns3:TrackPointExtension>
            <ns3:atemp>21.0</ns3:atemp>
            <ns3:hr>129</ns3:hr>
            <ns3:cad>95</ns3:cad>
          </ns3:TrackPointExtension>
        </extensions>
      </trkpt>
      <trkpt lat="47.683732509613037109375" lon="-122.339204661548137664794921875">
        <ele>40</ele>
        <time>2026-08-03T16:03:29.000Z</time>
        <extensions>
          <ns3:TrackPointExtension>
            <ns3:atemp>21.0</ns3:atemp>
            <ns3:hr>128</ns3:hr>
            <ns3:cad>97</ns3:cad>
          </ns3:TrackPointExtension>
        </extensions>
      </trkpt>
      <trkpt lat="47.68370040692389011383056640625" lon="-122.33922134153544902801513671875">
        <ele>40</ele>
        <time>2026-08-03T16:03:30.000Z</time>
        <extensions>
          <ns3:TrackPointExtension>
            <ns3:atemp>21.0</ns3:atemp>
            <ns3:hr>129</ns3:hr>
            <ns3:cad>97</ns3:cad>
          </ns3:TrackPointExtension>
        </extensions>
      </trkpt>
      <trkpt lat="47.6835717447102069854736328125" lon="-122.3393181525170803070068359375">
        <ele>40.40000152587890625</ele>
        <time>2026-08-03T16:03:35.000Z</time>
        <extensions>
          <ns3:TrackPointExtension>
            <ns3:atemp>21.0</ns3:atemp>
            <ns3:hr>131</ns3:hr>
            <ns3:cad>96</ns3:cad>
          </ns3:TrackPointExtension>
        </extensions>
      </trkpt>
      <trkpt lat="47.68348775804042816162109375" lon="-122.33941194601356983184814453125">
        <ele>40.59999847412109375</ele>
        <time>2026-08-03T16:03:39.000Z</time>
        <extensions>
          <ns3:TrackPointExtension>
            <ns3:atemp>21.0</ns3:atemp>
            <ns3:hr>134</ns3:hr>
            <ns3:cad>96</ns3:cad>
          </ns3:TrackPointExtension>
        </extensions>
      </trkpt>
      <trkpt lat="47.683447860181331634521484375" lon="-122.3394624888896942138671875">
        <ele>40.799999237060546875</ele>
        <time>2026-08-03T16:03:41.000Z</time>
        <extensions>
          <ns3:TrackPointExtension>
            <ns3:atemp>21.0</ns3:atemp>
            <ns3:hr>132</ns3:hr>
            <ns3:cad>97</ns3:cad>
          </ns3:TrackPointExtension>
        </extensions>
      </trkpt>
      <trkpt lat="47.68333596177399158477783203125" lon="-122.3395883850753307342529296875">
        <ele>40.799999237060546875</ele>
        <time>2026-08-03T16:03:45.000Z</time>
        <extensions>
          <ns3:TrackPointExtension>
            <ns3:atemp>21.0</ns3:atemp>
            <ns3:hr>132</ns3:hr>
            <ns3:cad>97</ns3:cad>
          </ns3:TrackPointExtension>
        </extensions>
      </trkpt>
      <trkpt lat="47.68326991237699985504150390625" lon="-122.3396842740476131439208984375">
        <ele>41.200000762939453125</ele>
        <time>2026-08-03T16:03:48.000Z</time>
        <extensions>
          <ns3:TrackPointExtension>
            <ns3:atemp>21.0</ns3:atemp>
            <ns3:hr>130</ns3:hr>
            <ns3:cad>97</ns3:cad>
          </ns3:TrackPointExtension>
        </extensions>
      </trkpt>
      <trkpt lat="47.6832227222621440887451171875" lon="-122.3397416062653064727783203125">
        <ele>41.59999847412109375</ele>
        <time>2026-08-03T16:03:50.000Z</time>
        <extensions>
          <ns3:TrackPointExtension>
            <ns3:atemp>21.0</ns3:atemp>
            <ns3:hr>130</ns3:hr>
            <ns3:cad>96</ns3:cad>
          </ns3:TrackPointExtension>
        </extensions>
      </trkpt>
      <trkpt lat="47.68314301036298274993896484375" lon="-122.339802794158458709716796875">
        <ele>42.200000762939453125</ele>
        <time>2026-08-03T16:03:55.000Z</time>
        <extensions>
          <ns3:TrackPointExtension>
            <ns3:atemp>21.0</ns3:atemp>
            <ns3:hr>129</ns3:hr>
            <ns3:cad>96</ns3:cad>
          </ns3:TrackPointExtension>
        </extensions>
      </trkpt>
      <trkpt lat="47.68307008780539035797119140625" lon="-122.33976800926029682159423828125">
        <ele>42.200000762939453125</ele>
        <time>2026-08-03T16:03:59.000Z</time>
        <extensions>
          <ns3:TrackPointExtension>
            <ns3:atemp>21.0</ns3:atemp>
            <ns3:hr>130</ns3:hr>
            <ns3:cad>97</ns3:cad>
          </ns3:TrackPointExtension>
        </extensions>
      </trkpt>
      <trkpt lat="47.68300219438970088958740234375" lon="-122.33974906615912914276123046875">
        <ele>42.40000152587890625</ele>
        <time>2026-08-03T16:04:01.000Z</time>
        <extensions>
          <ns3:TrackPointExtension>
            <ns3:atemp>21.0</ns3:atemp>
            <ns3:hr>130</ns3:hr>
            <ns3:cad>97</ns3:cad>
          </ns3:TrackPointExtension>
        </extensions>
      </trkpt>
      <trkpt lat="47.6828594505786895751953125" lon="-122.3397426120936870574951171875">
        <ele>43.40000152587890625</ele>
        <time>2026-08-03T16:04:05.000Z</time>
        <extensions>
          <ns3:TrackPointExtension>
            <ns3:atemp>21.0</ns3:atemp>
            <ns3:hr>130</ns3:hr>
            <ns3:cad>97</ns3:cad>
          </ns3:TrackPointExtension>
        </extensions>
      </trkpt>
      <trkpt lat="47.6828026212751865386962890625" lon="-122.33974420465528964996337890625">
        <ele>43.59999847412109375</ele>
        <time>2026-08-03T16:04:07.000Z</time>
        <extensions>
          <ns3:TrackPointExtension>
            <ns3:atemp>21.0</ns3:atemp>
            <ns3:hr>130</ns3:hr>
            <ns3:cad>96</ns3:cad>
          </ns3:TrackPointExtension>
        </extensions>
      </trkpt>
      <trkpt lat="47.68267412669956684112548828125" lon="-122.33977706171572208404541015625">
        <ele>43.40000152587890625</ele>
        <time>2026-08-03T16:04:12.000Z</time>
        <extensions>
          <ns3:TrackPointExtension>
            <ns3:atemp>21.0</ns3:atemp>
            <ns3:hr>132</ns3:hr>
            <ns3:cad>97</ns3:cad>
          </ns3:TrackPointExtension>
        </extensions>
      </trkpt>
      <trkpt lat="47.68248469568789005279541015625" lon="-122.33977823518216609954833984375">
        <ele>43.200000762939453125</ele>
        <time>2026-08-03T16:04:17.000Z</time>
        <extensions>
          <ns3:TrackPointExtension>
            <ns3:atemp>21.0</ns3:atemp>
            <ns3:hr>132</ns3:hr>
            <ns3:cad>98</ns3:cad>
          </ns3:TrackPointExtension>
        </extensions>
      </trkpt>
      <trkpt lat="47.68236458301544189453125" lon="-122.3398559354245662689208984375">
        <ele>42.799999237060546875</ele>
        <time>2026-08-03T16:04:21.000Z</time>
        <extensions>
          <ns3:TrackPointExtension>
            <ns3:atemp>21.0</ns3:atemp>
            <ns3:hr>133</ns3:hr>
            <ns3:cad>98</ns3:cad>
          </ns3:TrackPointExtension>
        </extensions>
      </trkpt>
      <trkpt lat="47.682335078716278076171875" lon="-122.3398782312870025634765625">
        <ele>42.799999237060546875</ele>
        <time>2026-08-03T16:04:22.000Z</time>
        <extensions>
          <ns3:TrackPointExtension>
            <ns3:atemp>21.0</ns3:atemp>
            <ns3:hr>134</ns3:hr>
            <ns3:cad>98</ns3:cad>
          </ns3:TrackPointExtension>
        </extensions>
      </trkpt>
      <trkpt lat="47.68217439763247966766357421875" lon="-122.339981831610202789306640625">
        <ele>42.799999237060546875</ele>
        <time>2026-08-03T16:04:28.000Z</time>
        <extensions>
          <ns3:TrackPointExtension>
            <ns3:atemp>21.0</ns3:atemp>
            <ns3:hr>135</ns3:hr>
            <ns3:cad>98</ns3:cad>
          </ns3:TrackPointExtension>
        </extensions>
      </trkpt>
      <trkpt lat="47.682064510881900787353515625" lon="-122.340052910149097442626953125">
        <ele>42.799999237060546875</ele>
        <time>2026-08-03T16:04:32.000Z</time>
        <extensions>
          <ns3:TrackPointExtension>
            <ns3:atemp>21.0</ns3:atemp>
            <ns3:hr>136</ns3:hr>
            <ns3:cad>96</ns3:cad>
          </ns3:TrackPointExtension>
        </extensions>
      </trkpt>
      <trkpt lat="47.68204146064817905426025390625" lon="-122.3400698415935039520263671875">
        <ele>42.799999237060546875</ele>
        <time>2026-08-03T16:04:33.000Z</time>
        <extensions>
          <ns3:TrackPointExtension>
            <ns3:atemp>21.0</ns3:atemp>
            <ns3:hr>135</ns3:hr>
            <ns3:cad>96</ns3:cad>
          </ns3:TrackPointExtension>
        </extensions>
      </trkpt>
      <trkpt lat="47.68183157779276371002197265625" lon="-122.3401607014238834381103515625">
        <ele>42.799999237060546875</ele>
        <time>2026-08-03T16:04:39.000Z</time>
        <extensions>
          <ns3:TrackPointExtension>
            <ns3:atemp>21.0</ns3:atemp>
            <ns3:hr>137</ns3:hr>
            <ns3:cad>95</ns3:cad>
          </ns3:TrackPointExtension>
        </extensions>
      </trkpt>
      <trkpt lat="47.6817371137440204620361328125" lon="-122.34028383158147335052490234375">
        <ele>43.200000762939453125</ele>
        <time>2026-08-03T16:04:44.000Z</time>
        <extensions>
          <ns3:TrackPointExtension>
            <ns3:atemp>21.0</ns3:atemp>
            <ns3:hr>137</ns3:hr>
            <ns3:cad>96</ns3:cad>
          </ns3:TrackPointExtension>
        </extensions>
      </trkpt>
      <trkpt lat="47.6816100440919399261474609375" lon="-122.3404939658939838409423828125">
        <ele>43.40000152587890625</ele>
        <time>2026-08-03T16:04:50.000Z</time>
        <extensions>
          <ns3:TrackPointExtension>
            <ns3:atemp>21.0</ns3:atemp>
            <ns3:hr>138</ns3:hr>
            <ns3:cad>95</ns3:cad>
          </ns3:TrackPointExtension>
        </extensions>
      </trkpt>
      <trkpt lat="47.6814799569547176361083984375" lon="-122.34068582765758037567138671875">
        <ele>43.200000762939453125</ele>
        <time>2026-08-03T16:04:56.000Z</time>
        <extensions>
          <ns3:TrackPointExtension>
            <ns3:atemp>21.0</ns3:atemp>
            <ns3:hr>138</ns3:hr>
            <ns3:cad>96</ns3:cad>
          </ns3:TrackPointExtension>
        </extensions>
      </trkpt>
      <trkpt lat="47.68144433386623859405517578125" lon="-122.34072086401283740997314453125">
        <ele>43.200000762939453125</ele>
        <time>2026-08-03T16:04:57.000Z</time>
        <extensions>
          <ns3:TrackPointExtension>
            <ns3:atemp>21.0</ns3:atemp>
            <ns3:hr>139</ns3:hr>
            <ns3:cad>96</ns3:cad>
          </ns3:TrackPointExtension>
        </extensions>
      </trkpt>
      <trkpt lat="47.68135900609195232391357421875" lon="-122.340861596167087554931640625">
        <ele>43.40000152587890625</ele>
        <time>2026-08-03T16:05:01.000Z</time>
        <extensions>
          <ns3:TrackPointExtension>
            <ns3:atemp>21.0</ns3:atemp>
            <ns3:hr>142</ns3:hr>
            <ns3:cad>97</ns3:cad>
          </ns3:TrackPointExtension>
        </extensions>
      </trkpt>
      <trkpt lat="47.681312151253223419189453125" lon="-122.3409328423440456390380859375">
        <ele>43.40000152587890625</ele>
        <time>2026-08-03T16:05:03.000Z</time>
        <extensions>
          <ns3:TrackPointExtension>
            <ns3:atemp>21.0</ns3:atemp>
            <ns3:hr>139</ns3:hr>
            <ns3:cad>96</ns3:cad>
          </ns3:TrackPointExtension>
        </extensions>
      </trkpt>
      <trkpt lat="47.68123512156307697296142578125" lon="-122.3410173319280147552490234375">
        <ele>43.40000152587890625</ele>
        <time>2026-08-03T16:05:06.000Z</time>
        <extensions>
          <ns3:TrackPointExtension>
            <ns3:atemp>21.0</ns3:atemp>
            <ns3:hr>139</ns3:hr>
            <ns3:cad>95</ns3:cad>
          </ns3:TrackPointExtension>
        </extensions>
      </trkpt>
      <trkpt lat="47.6811401546001434326171875" lon="-122.341184802353382110595703125">
        <ele>43.40000152587890625</ele>
        <time>2026-08-03T16:05:11.000Z</time>
        <extensions>
          <ns3:TrackPointExtension>
            <ns3:atemp>21.0</ns3:atemp>
            <ns3:hr>138</ns3:hr>
            <ns3:cad>97</ns3:cad>
          </ns3:TrackPointExtension>
        </extensions>
      </trkpt>
      <trkpt lat="47.68105541355907917022705078125" lon="-122.3413641750812530517578125">
        <ele>44</ele>
        <time>2026-08-03T16:05:16.000Z</time>
        <extensions>
          <ns3:TrackPointExtension>
            <ns3:atemp>21.0</ns3:atemp>
            <ns3:hr>138</ns3:hr>
            <ns3:cad>96</ns3:cad>
          </ns3:TrackPointExtension>
        </extensions>
      </trkpt>
      <trkpt lat="47.68103026784956455230712890625" lon="-122.3415869660675525665283203125">
        <ele>44.200000762939453125</ele>
        <time>2026-08-03T16:05:21.000Z</time>
        <extensions>
          <ns3:TrackPointExtension>
            <ns3:atemp>21.0</ns3:atemp>
            <ns3:hr>135</ns3:hr>
            <ns3:cad>94</ns3:cad>
          </ns3:TrackPointExtension>
        </extensions>
      </trkpt>
      <trkpt lat="47.681027166545391082763671875" lon="-122.34163046814501285552978515625">
        <ele>44</ele>
        <time>2026-08-03T16:05:22.000Z</time>
        <extensions>
          <ns3:TrackPointExtension>
            <ns3:atemp>21.0</ns3:atemp>
            <ns3:hr>133</ns3:hr>
            <ns3:cad>94</ns3:cad>
          </ns3:TrackPointExtension>
        </extensions>
      </trkpt>
      <trkpt lat="47.6810249872505664825439453125" lon="-122.34167505986988544464111328125">
        <ele>43.799999237060546875</ele>
        <time>2026-08-03T16:05:23.000Z</time>
        <extensions>
          <ns3:TrackPointExtension>
            <ns3:atemp>21.0</ns3:atemp>
            <ns3:hr>138</ns3:hr>
            <ns3:cad>94</ns3:cad>
          </ns3:TrackPointExtension>
        </extensions>
      </trkpt>
      <trkpt lat="47.68104015849530696868896484375" lon="-122.3418736271560192108154296875">
        <ele>43.200000762939453125</ele>
        <time>2026-08-03T16:05:27.000Z</time>
        <extensions>
          <ns3:TrackPointExtension>
            <ns3:atemp>21.0</ns3:atemp>
            <ns3:hr>141</ns3:hr>
            <ns3:cad>98</ns3:cad>
          </ns3:TrackPointExtension>
        </extensions>
      </trkpt>
      <trkpt lat="47.6810487918555736541748046875" lon="-122.34192073345184326171875">
        <ele>42.799999237060546875</ele>
        <time>2026-08-03T16:05:28.000Z</time>
        <extensions>
          <ns3:TrackPointExtension>
            <ns3:atemp>21.0</ns3:atemp>
            <ns3:hr>141</ns3:hr>
            <ns3:cad>98</ns3:cad>
          </ns3:TrackPointExtension>
        </extensions>
      </trkpt>
      <trkpt lat="47.68105507828295230865478515625" lon="-122.34196700155735015869140625">
        <ele>42.799999237060546875</ele>
        <time>2026-08-03T16:05:29.000Z</time>
        <extensions>
          <ns3:TrackPointExtension>
            <ns3:atemp>21.0</ns3:atemp>
            <ns3:hr>137</ns3:hr>
            <ns3:cad>98</ns3:cad>
          </ns3:TrackPointExtension>
        </extensions>
      </trkpt>
      <trkpt lat="47.68104367889463901519775390625" lon="-122.3421478830277919769287109375">
        <ele>42.40000152587890625</ele>
        <time>2026-08-03T16:05:33.000Z</time>
        <extensions>
          <ns3:TrackPointExtension>
            <ns3:atemp>21.0</ns3:atemp>
            <ns3:hr>137</ns3:hr>
            <ns3:cad>97</ns3:cad>
          </ns3:TrackPointExtension>
        </extensions>
      </trkpt>
      <trkpt lat="47.68102414906024932861328125" lon="-122.342224828898906707763671875">
        <ele>42.200000762939453125</ele>
        <time>2026-08-03T16:05:35.000Z</time>
        <extensions>
          <ns3:TrackPointExtension>
            <ns3:atemp>21.0</ns3:atemp>
            <ns3:hr>136</ns3:hr>
            <ns3:cad>96</ns3:cad>
          </ns3:TrackPointExtension>
        </extensions>
      </trkpt>
      <trkpt lat="47.68099724315106868743896484375" lon="-122.34230227768421173095703125">
        <ele>42.200000762939453125</ele>
        <time>2026-08-03T16:05:37.000Z</time>
        <extensions>
          <ns3:TrackPointExtension>
            <ns3:atemp>21.0</ns3:atemp>
            <ns3:hr>135</ns3:hr>
            <ns3:cad>95</ns3:cad>
          </ns3:TrackPointExtension>
        </extensions>
      </trkpt>
      <trkpt lat="47.68087754957377910614013671875" lon="-122.34252029098570346832275390625">
        <ele>42.200000762939453125</ele>
        <time>2026-08-03T16:05:43.000Z</time>
        <extensions>
          <ns3:TrackPointExtension>
            <ns3:atemp>21.0</ns3:atemp>
            <ns3:hr>132</ns3:hr>
            <ns3:cad>95</ns3:cad>
          </ns3:TrackPointExtension>
        </extensions>
      </trkpt>
      <trkpt lat="47.6808236539363861083984375" lon="-122.34262204729020595550537109375">
        <ele>42.200000762939453125</ele>
        <time>2026-08-03T16:05:46.000Z</time>
        <extensions>
          <ns3:TrackPointExtension>
            <ns3:atemp>21.0</ns3:atemp>
            <ns3:hr>135</ns3:hr>
            <ns3:cad>96</ns3:cad>
          </ns3:TrackPointExtension>
        </extensions>
      </trkpt>
      <trkpt lat="47.6808107458055019378662109375" lon="-122.34276370145380496978759765625">
        <ele>42.200000762939453125</ele>
        <time>2026-08-03T16:05:49.000Z</time>
        <extensions>
          <ns3:TrackPointExtension>
            <ns3:atemp>21.0</ns3:atemp>
            <ns3:hr>135</ns3:hr>
            <ns3:cad>96</ns3:cad>
          </ns3:TrackPointExtension>
        </extensions>
      </trkpt>
      <trkpt lat="47.68087503500282764434814453125" lon="-122.3429414816200733184814453125">
        <ele>42.40000152587890625</ele>
        <time>2026-08-03T16:05:53.000Z</time>
        <extensions>
          <ns3:TrackPointExtension>
            <ns3:atemp>21.0</ns3:atemp>
            <ns3:hr>135</ns3:hr>
            <ns3:cad>96</ns3:cad>
          </ns3:TrackPointExtension>
        </extensions>
      </trkpt>
      <trkpt lat="47.680891044437885284423828125" lon="-122.34302789904177188873291015625">
        <ele>42.200000762939453125</ele>
        <time>2026-08-03T16:05:55.000Z</time>
        <extensions>
          <ns3:TrackPointExtension>
            <ns3:atemp>21.0</ns3:atemp>
            <ns3:hr>135</ns3:hr>
            <ns3:cad>96</ns3:cad>
          </ns3:TrackPointExtension>
        </extensions>
      </trkpt>
      <trkpt lat="47.6809041202068328857421875" lon="-122.34309679828584194183349609375">
        <ele>42.200000762939453125</ele>
        <time>2026-08-03T16:05:57.000Z</time>
        <extensions>
          <ns3:TrackPointExtension>
            <ns3:atemp>21.0</ns3:atemp>
            <ns3:hr>134</ns3:hr>
            <ns3:cad>96</ns3:cad>
          </ns3:TrackPointExtension>
        </extensions>
      </trkpt>
      <trkpt lat="47.6809693314135074615478515625" lon="-122.34336501918733119964599609375">
        <ele>41.799999237060546875</ele>
        <time>2026-08-03T16:06:03.000Z</time>
        <extensions>
          <ns3:TrackPointExtension>
            <ns3:atemp>21.0</ns3:atemp>
            <ns3:hr>132</ns3:hr>
            <ns3:cad>96</ns3:cad>
          </ns3:TrackPointExtension>
        </extensions>
      </trkpt>
      <trkpt lat="47.68096371553838253021240234375" lon="-122.34360608272254467010498046875">
        <ele>41.59999847412109375</ele>
        <time>2026-08-03T16:06:09.000Z</time>
        <extensions>
          <ns3:TrackPointExtension>
            <ns3:atemp>21.0</ns3:atemp>
            <ns3:hr>132</ns3:hr>
            <ns3:cad>97</ns3:cad>
          </ns3:TrackPointExtension>
        </extensions>
      </trkpt>
      <trkpt lat="47.68088593147695064544677734375" lon="-122.34386022202670574188232421875">
        <ele>41.40000152587890625</ele>
        <time>2026-08-03T16:06:15.000Z</time>
        <extensions>
          <ns3:TrackPointExtension>
            <ns3:atemp>21.0</ns3:atemp>
            <ns3:hr>132</ns3:hr>
            <ns3:cad>96</ns3:cad>
          </ns3:TrackPointExtension>
        </extensions>
      </trkpt>
      <trkpt lat="47.68086330033838748931884765625" lon="-122.343896515667438507080078125">
        <ele>41.200000762939453125</ele>
        <time>2026-08-03T16:06:16.000Z</time>
        <extensions>
          <ns3:TrackPointExtension>
            <ns3:atemp>21.0</ns3:atemp>
            <ns3:hr>132</ns3:hr>
            <ns3:cad>96</ns3:cad>
          </ns3:TrackPointExtension>
        </extensions>
      </trkpt>
      <trkpt lat="47.6807581074535846710205078125" lon="-122.3440629802644252777099609375">
        <ele>41.200000762939453125</ele>
        <time>2026-08-03T16:06:21.000Z</time>
        <extensions>
          <ns3:TrackPointExtension>
            <ns3:atemp>21.0</ns3:atemp>
            <ns3:hr>132</ns3:hr>
            <ns3:cad>96</ns3:cad>
          </ns3:TrackPointExtension>
        </extensions>
      </trkpt>
      <trkpt lat="47.6806364022195339202880859375" lon="-122.34426607377827167510986328125">
        <ele>41.40000152587890625</ele>
        <time>2026-08-03T16:06:27.000Z</time>
        <extensions>
          <ns3:TrackPointExtension>
            <ns3:atemp>21.0</ns3:atemp>
            <ns3:hr>131</ns3:hr>
            <ns3:cad>96</ns3:cad>
          </ns3:TrackPointExtension>
        </extensions>
      </trkpt>
      <trkpt lat="47.68049499951303005218505859375" lon="-122.34441946260631084442138671875">
        <ele>41.40000152587890625</ele>
        <time>2026-08-03T16:06:33.000Z</time>
        <extensions>
          <ns3:TrackPointExtension>
            <ns3:atemp>21.0</ns3:atemp>
            <ns3:hr>133</ns3:hr>
            <ns3:cad>96</ns3:cad>
          </ns3:TrackPointExtension>
        </extensions>
      </trkpt>
      <trkpt lat="47.6803772337734699249267578125" lon="-122.3445058800280094146728515625">
        <ele>41.40000152587890625</ele>
        <time>2026-08-03T16:06:37.000Z</time>
        <extensions>
          <ns3:TrackPointExtension>
            <ns3:atemp>21.0</ns3:atemp>
            <ns3:hr>130</ns3:hr>
            <ns3:cad>95</ns3:cad>
          </ns3:TrackPointExtension>
        </extensions>
      </trkpt>
      <trkpt lat="47.68033373169600963592529296875" lon="-122.34454552643001079559326171875">
        <ele>41.40000152587890625</ele>
        <time>2026-08-03T16:06:39.000Z</time>
        <extensions>
          <ns3:TrackPointExtension>
            <ns3:atemp>21.0</ns3:atemp>
            <ns3:hr>130</ns3:hr>
            <ns3:cad>95</ns3:cad>
          </ns3:TrackPointExtension>
        </extensions>
      </trkpt>
      <trkpt lat="47.6802692748606204986572265625" lon="-122.34460822306573390960693359375">
        <ele>41.40000152587890625</ele>
        <time>2026-08-03T16:06:42.000Z</time>
        <extensions>
          <ns3:TrackPointExtension>
            <ns3:atemp>21.0</ns3:atemp>
            <ns3:hr>132</ns3:hr>
            <ns3:cad>95</ns3:cad>
          </ns3:TrackPointExtension>
        </extensions>
      </trkpt>
      <trkpt lat="47.680239267647266387939453125" lon="-122.34462104737758636474609375">
        <ele>41.40000152587890625</ele>
        <time>2026-08-03T16:06:43.000Z</time>
        <extensions>
          <ns3:TrackPointExtension>
            <ns3:atemp>21.0</ns3:atemp>
            <ns3:hr>133</ns3:hr>
            <ns3:cad>95</ns3:cad>
          </ns3:TrackPointExtension>
        </extensions>
      </trkpt>
      <trkpt lat="47.6802136190235614776611328125" lon="-122.3446349613368511199951171875">
        <ele>41.40000152587890625</ele>
        <time>2026-08-03T16:06:44.000Z</time>
        <extensions>
          <ns3:TrackPointExtension>
            <ns3:atemp>21.0</ns3:atemp>
            <ns3:hr>130</ns3:hr>
            <ns3:cad>95</ns3:cad>
          </ns3:TrackPointExtension>
        </extensions>
      </trkpt>
      <trkpt lat="47.6801408641040325164794921875" lon="-122.3446939699351787567138671875">
        <ele>41.40000152587890625</ele>
        <time>2026-08-03T16:06:47.000Z</time>
        <extensions>
          <ns3:TrackPointExtension>
            <ns3:atemp>21.0</ns3:atemp>
            <ns3:hr>133</ns3:hr>
            <ns3:cad>95</ns3:cad>
          </ns3:TrackPointExtension>
        </extensions>
      </trkpt>
      <trkpt lat="47.68006852827966213226318359375" lon="-122.34474887140095233917236328125">
        <ele>41.799999237060546875</ele>
        <time>2026-08-03T16:06:50.000Z</time>
        <extensions>
          <ns3:TrackPointExtension>
            <ns3:atemp>21.0</ns3:atemp>
            <ns3:hr>133</ns3:hr>
            <ns3:cad>97</ns3:cad>
          </ns3:TrackPointExtension>
        </extensions>
      </trkpt>
      <trkpt lat="47.68004438839852809906005859375" lon="-122.34476454555988311767578125">
        <ele>41.799999237060546875</ele>
        <time>2026-08-03T16:06:51.000Z</time>
        <extensions>
          <ns3:TrackPointExtension>
            <ns3:atemp>21.0</ns3:atemp>
            <ns3:hr>136</ns3:hr>
            <ns3:cad>97</ns3:cad>
          </ns3:TrackPointExtension>
        </extensions>
      </trkpt>
      <trkpt lat="47.67992519773542881011962890625" lon="-122.3448108136653900146484375">
        <ele>41.799999237060546875</ele>
        <time>2026-08-03T16:06:56.000Z</time>
        <extensions>
          <ns3:TrackPointExtension>
            <ns3:atemp>21.0</ns3:atemp>
            <ns3:hr>133</ns3:hr>
            <ns3:cad>95</ns3:cad>
          </ns3:TrackPointExtension>
        </extensions>
      </trkpt>
      <trkpt lat="47.67989267595112323760986328125" lon="-122.34483017586171627044677734375">
        <ele>41.799999237060546875</ele>
        <time>2026-08-03T16:06:57.000Z</time>
        <extensions>
          <ns3:TrackPointExtension>
            <ns3:atemp>21.0</ns3:atemp>
            <ns3:hr>133</ns3:hr>
            <ns3:cad>95</ns3:cad>
          </ns3:TrackPointExtension>
        </extensions>
      </trkpt>
      <trkpt lat="47.67972193658351898193359375" lon="-122.3448699899017810821533203125">
        <ele>42</ele>
        <time>2026-08-03T16:07:03.000Z</time>
        <extensions>
          <ns3:TrackPointExtension>
            <ns3:atemp>21.0</ns3:atemp>
            <ns3:hr>134</ns3:hr>
            <ns3:cad>97</ns3:cad>
          </ns3:TrackPointExtension>
        </extensions>
      </trkpt>
      <trkpt lat="47.67970190383493900299072265625" lon="-122.3448844067752361297607421875">
        <ele>42</ele>
        <time>2026-08-03T16:07:04.000Z</time>
        <extensions>
          <ns3:TrackPointExtension>
            <ns3:atemp>21.0</ns3:atemp>
            <ns3:hr>134</ns3:hr>
            <ns3:cad>97</ns3:cad>
          </ns3:TrackPointExtension>
        </extensions>
      </trkpt>
      <trkpt lat="47.679616995155811309814453125" lon="-122.34493209980428218841552734375">
        <ele>42</ele>
        <time>2026-08-03T16:07:07.000Z</time>
        <extensions>
          <ns3:TrackPointExtension>
            <ns3:atemp>21.0</ns3:atemp>
            <ns3:hr>133</ns3:hr>
            <ns3:cad>96</ns3:cad>
          </ns3:TrackPointExtension>
        </extensions>
      </trkpt>
      <trkpt lat="47.67949394881725311279296875" lon="-122.3449709080159664154052734375">
        <ele>42.200000762939453125</ele>
        <time>2026-08-03T16:07:13.000Z</time>
        <extensions>
          <ns3:TrackPointExtension>
            <ns3:atemp>21.0</ns3:atemp>
            <ns3:hr>131</ns3:hr>
            <ns3:cad>96</ns3:cad>
          </ns3:TrackPointExtension>
        </extensions>
      </trkpt>
      <trkpt lat="47.67943334765732288360595703125" lon="-122.34498876146972179412841796875">
        <ele>42.200000762939453125</ele>
        <time>2026-08-03T16:07:14.000Z</time>
        <extensions>
          <ns3:TrackPointExtension>
            <ns3:atemp>21.0</ns3:atemp>
            <ns3:hr>131</ns3:hr>
            <ns3:cad>96</ns3:cad>
          </ns3:TrackPointExtension>
        </extensions>
      </trkpt>
      <trkpt lat="47.679352127015590667724609375" lon="-122.344996221363544464111328125">
        <ele>42</ele>
        <time>2026-08-03T16:07:17.000Z</time>
        <extensions>
          <ns3:TrackPointExtension>
            <ns3:atemp>21.0</ns3:atemp>
            <ns3:hr>131</ns3:hr>
            <ns3:cad>95</ns3:cad>
          </ns3:TrackPointExtension>
        </extensions>
      </trkpt>
      <trkpt lat="47.679234109818935394287109375" lon="-122.34501156024634838104248046875">
        <ele>42.200000762939453125</ele>
        <time>2026-08-03T16:07:21.000Z</time>
        <extensions>
          <ns3:TrackPointExtension>
            <ns3:atemp>21.0</ns3:atemp>
            <ns3:hr>131</ns3:hr>
            <ns3:cad>95</ns3:cad>
          </ns3:TrackPointExtension>
        </extensions>
      </trkpt>
      <trkpt lat="47.67920334823429584503173828125" lon="-122.345022372901439666748046875">
        <ele>42.40000152587890625</ele>
        <time>2026-08-03T16:07:22.000Z</time>
        <extensions>
          <ns3:TrackPointExtension>
            <ns3:atemp>21.0</ns3:atemp>
            <ns3:hr>131</ns3:hr>
            <ns3:cad>95</ns3:cad>
          </ns3:TrackPointExtension>
        </extensions>
      </trkpt>
      <trkpt lat="47.67915272153913974761962890625" lon="-122.34502932988107204437255859375">
        <ele>42.59999847412109375</ele>
        <time>2026-08-03T16:07:24.000Z</time>
        <extensions>
          <ns3:TrackPointExtension>
            <ns3:atemp>21.0</ns3:atemp>
            <ns3:hr>134</ns3:hr>
            <ns3:cad>95</ns3:cad>
          </ns3:TrackPointExtension>
        </extensions>
      </trkpt>
      <trkpt lat="47.67904643900692462921142578125" lon="-122.34504022635519504547119140625">
        <ele>42.799999237060546875</ele>
        <time>2026-08-03T16:07:27.000Z</time>
        <extensions>
          <ns3:TrackPointExtension>
            <ns3:atemp>21.0</ns3:atemp>
            <ns3:hr>135</ns3:hr>
            <ns3:cad>95</ns3:cad>
          </ns3:TrackPointExtension>
        </extensions>
      </trkpt>
      <trkpt lat="47.6789409108459949493408203125" lon="-122.345045506954193115234375">
        <ele>42.59999847412109375</ele>
        <time>2026-08-03T16:07:30.000Z</time>
        <extensions>
          <ns3:TrackPointExtension>
            <ns3:atemp>21.0</ns3:atemp>
            <ns3:hr>132</ns3:hr>
            <ns3:cad>95</ns3:cad>
          </ns3:TrackPointExtension>
        </extensions>
      </trkpt>
      <trkpt lat="47.67880504019558429718017578125" lon="-122.3450781963765621185302734375">
        <ele>42.40000152587890625</ele>
        <time>2026-08-03T16:07:35.000Z</time>
        <extensions>
          <ns3:TrackPointExtension>
            <ns3:atemp>21.0</ns3:atemp>
            <ns3:hr>132</ns3:hr>
            <ns3:cad>95</ns3:cad>
          </ns3:TrackPointExtension>
        </extensions>
      </trkpt>
      <trkpt lat="47.678617201745510101318359375" lon="-122.34512203373014926910400390625">
        <ele>43</ele>
        <time>2026-08-03T16:07:43.000Z</time>
        <extensions>
          <ns3:TrackPointExtension>
            <ns3:atemp>21.0</ns3:atemp>
            <ns3:hr>133</ns3:hr>
            <ns3:cad>95</ns3:cad>
          </ns3:TrackPointExtension>
        </extensions>
      </trkpt>
      <trkpt lat="47.6784678362309932708740234375" lon="-122.3451372049748897552490234375">
        <ele>42.59999847412109375</ele>
        <time>2026-08-03T16:07:49.000Z</time>
        <extensions>
          <ns3:TrackPointExtension>
            <ns3:atemp>21.0</ns3:atemp>
            <ns3:hr>131</ns3:hr>
            <ns3:cad>94</ns3:cad>
          </ns3:TrackPointExtension>
        </extensions>
      </trkpt>
      <trkpt lat="47.67826155759394168853759765625" lon="-122.3451888374984264373779296875">
        <ele>43</ele>
        <time>2026-08-03T16:07:55.000Z</time>
        <extensions>
          <ns3:TrackPointExtension>
            <ns3:atemp>22.0</ns3:atemp>
            <ns3:hr>131</ns3:hr>
            <ns3:cad>95</ns3:cad>
          </ns3:TrackPointExtension>
        </extensions>
      </trkpt>
      <trkpt lat="47.67811034806072711944580078125" lon="-122.34522362239658832550048828125">
        <ele>42.799999237060546875</ele>
        <time>2026-08-03T16:08:01.000Z</time>
        <extensions>
          <ns3:TrackPointExtension>
            <ns3:atemp>22.0</ns3:atemp>
            <ns3:hr>132</ns3:hr>
            <ns3:cad>95</ns3:cad>
          </ns3:TrackPointExtension>
        </extensions>
      </trkpt>
      <trkpt lat="47.677954025566577911376953125" lon="-122.345244325697422027587890625">
        <ele>42.59999847412109375</ele>
        <time>2026-08-03T16:08:06.000Z</time>
        <extensions>
          <ns3:TrackPointExtension>
            <ns3:atemp>22.0</ns3:atemp>
            <ns3:hr>132</ns3:hr>
            <ns3:cad>94</ns3:cad>
          </ns3:TrackPointExtension>
        </extensions>
      </trkpt>
      <trkpt lat="47.67783894203603267669677734375" lon="-122.3452669568359851837158203125">
        <ele>42.799999237060546875</ele>
        <time>2026-08-03T16:08:10.000Z</time>
        <extensions>
          <ns3:TrackPointExtension>
            <ns3:atemp>22.0</ns3:atemp>
            <ns3:hr>133</ns3:hr>
            <ns3:cad>96</ns3:cad>
          </ns3:TrackPointExtension>
        </extensions>
      </trkpt>
      <trkpt lat="47.67766292206943035125732421875" lon="-122.345367372035980224609375">
        <ele>42.799999237060546875</ele>
        <time>2026-08-03T16:08:16.000Z</time>
        <extensions>
          <ns3:TrackPointExtension>
            <ns3:atemp>22.0</ns3:atemp>
            <ns3:hr>130</ns3:hr>
            <ns3:cad>95</ns3:cad>
          </ns3:TrackPointExtension>
        </extensions>
      </trkpt>
      <trkpt lat="47.67748539336025714874267578125" lon="-122.34544892795383930206298828125">
        <ele>43.200000762939453125</ele>
        <time>2026-08-03T16:08:23.000Z</time>
        <extensions>
          <ns3:TrackPointExtension>
            <ns3:atemp>22.0</ns3:atemp>
            <ns3:hr>128</ns3:hr>
            <ns3:cad>94</ns3:cad>
          </ns3:TrackPointExtension>
        </extensions>
      </trkpt>
      <trkpt lat="47.677466534078121185302734375" lon="-122.3454687930643558502197265625">
        <ele>43.200000762939453125</ele>
        <time>2026-08-03T16:08:24.000Z</time>
        <extensions>
          <ns3:TrackPointExtension>
            <ns3:atemp>22.0</ns3:atemp>
            <ns3:hr>125</ns3:hr>
            <ns3:cad>95</ns3:cad>
          </ns3:TrackPointExtension>
        </extensions>
      </trkpt>
      <trkpt lat="47.6774226129055023193359375" lon="-122.3454959504306316375732421875">
        <ele>43.200000762939453125</ele>
        <time>2026-08-03T16:08:26.000Z</time>
        <extensions>
          <ns3:TrackPointExtension>
            <ns3:atemp>22.0</ns3:atemp>
            <ns3:hr>128</ns3:hr>
            <ns3:cad>95</ns3:cad>
          </ns3:TrackPointExtension>
        </extensions>
      </trkpt>
      <trkpt lat="47.67738883383572101593017578125" lon="-122.345521263778209686279296875">
        <ele>43.40000152587890625</ele>
        <time>2026-08-03T16:08:28.000Z</time>
        <extensions>
          <ns3:TrackPointExtension>
            <ns3:atemp>22.0</ns3:atemp>
            <ns3:hr>129</ns3:hr>
            <ns3:cad>95</ns3:cad>
          </ns3:TrackPointExtension>
        </extensions>
      </trkpt>
      <trkpt lat="47.6773743331432342529296875" lon="-122.3455438949167728424072265625">
        <ele>43.40000152587890625</ele>
        <time>2026-08-03T16:08:29.000Z</time>
        <extensions>
          <ns3:TrackPointExtension>
            <ns3:atemp>22.0</ns3:atemp>
            <ns3:hr>129</ns3:hr>
            <ns3:cad>95</ns3:cad>
          </ns3:TrackPointExtension>
        </extensions>
      </trkpt>
      <trkpt lat="47.67730317078530788421630859375" lon="-122.34560768119990825653076171875">
        <ele>43.200000762939453125</ele>
        <time>2026-08-03T16:08:32.000Z</time>
        <extensions>
          <ns3:TrackPointExtension>
            <ns3:atemp>22.0</ns3:atemp>
            <ns3:hr>129</ns3:hr>
            <ns3:cad>95</ns3:cad>
          </ns3:TrackPointExtension>
        </extensions>
      </trkpt>
      <trkpt lat="47.6771056093275547027587890625" lon="-122.34573693014681339263916015625">
        <ele>43</ele>
        <time>2026-08-03T16:08:38.000Z</time>
        <extensions>
          <ns3:TrackPointExtension>
            <ns3:atemp>22.0</ns3:atemp>
            <ns3:hr>128</ns3:hr>
            <ns3:cad>95</ns3:cad>
          </ns3:TrackPointExtension>
        </extensions>
      </trkpt>
      <trkpt lat="47.67707903869450092315673828125" lon="-122.34575738199055194854736328125">
        <ele>42.799999237060546875</ele>
        <time>2026-08-03T16:08:39.000Z</time>
        <extensions>
          <ns3:TrackPointExtension>
            <ns3:atemp>22.0</ns3:atemp>
            <ns3:hr>127</ns3:hr>
            <ns3:cad>95</ns3:cad>
          </ns3:TrackPointExtension>
        </extensions>
      </trkpt>
      <trkpt lat="47.67692564986646175384521484375" lon="-122.34584279358386993408203125">
        <ele>43</ele>
        <time>2026-08-03T16:08:44.000Z</time>
        <extensions>
          <ns3:TrackPointExtension>
            <ns3:atemp>22.0</ns3:atemp>
            <ns3:hr>129</ns3:hr>
            <ns3:cad>95</ns3:cad>
          </ns3:TrackPointExtension>
        </extensions>
      </trkpt>
      <trkpt lat="47.6767579279839992523193359375" lon="-122.34592217020690441131591796875">
        <ele>42.799999237060546875</ele>
        <time>2026-08-03T16:08:50.000Z</time>
        <extensions>
          <ns3:TrackPointExtension>
            <ns3:atemp>22.0</ns3:atemp>
            <ns3:hr>130</ns3:hr>
            <ns3:cad>95</ns3:cad>
          </ns3:TrackPointExtension>
        </extensions>
      </trkpt>
      <trkpt lat="47.67655299045145511627197265625" lon="-122.3459854535758495330810546875">
        <ele>42.799999237060546875</ele>
        <time>2026-08-03T16:08:57.000Z</time>
        <extensions>
          <ns3:TrackPointExtension>
            <ns3:atemp>22.0</ns3:atemp>
            <ns3:hr>130</ns3:hr>
            <ns3:cad>95</ns3:cad>
          </ns3:TrackPointExtension>
        </extensions>
      </trkpt>
      <trkpt lat="47.6763415150344371795654296875" lon="-122.3460779897868633270263671875">
        <ele>42.59999847412109375</ele>
        <time>2026-08-03T16:09:02.000Z</time>
        <extensions>
          <ns3:TrackPointExtension>
            <ns3:atemp>22.0</ns3:atemp>
            <ns3:hr>132</ns3:hr>
            <ns3:cad>96</ns3:cad>
          </ns3:TrackPointExtension>
        </extensions>
      </trkpt>
      <trkpt lat="47.67618971876800060272216796875" lon="-122.34615535475313663482666015625">
        <ele>42.200000762939453125</ele>
        <time>2026-08-03T16:09:10.000Z</time>
        <extensions>
          <ns3:TrackPointExtension>
            <ns3:atemp>22.0</ns3:atemp>
            <ns3:hr>130</ns3:hr>
            <ns3:cad>96</ns3:cad>
          </ns3:TrackPointExtension>
        </extensions>
      </trkpt>
      <trkpt lat="47.6760176382958889007568359375" lon="-122.34624378383159637451171875">
        <ele>42.200000762939453125</ele>
        <time>2026-08-03T16:09:16.000Z</time>
        <extensions>
          <ns3:TrackPointExtension>
            <ns3:atemp>22.0</ns3:atemp>
            <ns3:hr>130</ns3:hr>
            <ns3:cad>96</ns3:cad>
          </ns3:TrackPointExtension>
        </extensions>
      </trkpt>
      <trkpt lat="47.67595167271792888641357421875" lon="-122.34627152793109416961669921875">
        <ele>42.200000762939453125</ele>
        <time>2026-08-03T16:09:18.000Z</time>
        <extensions>
          <ns3:TrackPointExtension>
            <ns3:atemp>22.0</ns3:atemp>
            <ns3:hr>130</ns3:hr>
            <ns3:cad>96</ns3:cad>
          </ns3:TrackPointExtension>
        </extensions>
      </trkpt>
      <trkpt lat="47.6757447235286235809326171875" lon="-122.34629013575613498687744140625">
        <ele>42.40000152587890625</ele>
        <time>2026-08-03T16:09:24.000Z</time>
        <extensions>
          <ns3:TrackPointExtension>
            <ns3:atemp>22.0</ns3:atemp>
            <ns3:hr>130</ns3:hr>
            <ns3:cad>96</ns3:cad>
          </ns3:TrackPointExtension>
        </extensions>
      </trkpt>
      <trkpt lat="47.675575911998748779296875" lon="-122.34623414464294910430908203125">
        <ele>42.200000762939453125</ele>
        <time>2026-08-03T16:09:30.000Z</time>
        <extensions>
          <ns3:TrackPointExtension>
            <ns3:atemp>22.0</ns3:atemp>
            <ns3:hr>129</ns3:hr>
            <ns3:cad>96</ns3:cad>
          </ns3:TrackPointExtension>
        </extensions>
      </trkpt>
      <trkpt lat="47.6754329167306423187255859375" lon="-122.3461561091244220733642578125">
        <ele>42.40000152587890625</ele>
        <time>2026-08-03T16:09:35.000Z</time>
        <extensions>
          <ns3:TrackPointExtension>
            <ns3:atemp>22.0</ns3:atemp>
            <ns3:hr>129</ns3:hr>
            <ns3:cad>95</ns3:cad>
          </ns3:TrackPointExtension>
        </extensions>
      </trkpt>
      <trkpt lat="47.6752773486077785491943359375" lon="-122.3460515029728412628173828125">
        <ele>42.40000152587890625</ele>
        <time>2026-08-03T16:09:40.000Z</time>
        <extensions>
          <ns3:TrackPointExtension>
            <ns3:atemp>22.0</ns3:atemp>
            <ns3:hr>128</ns3:hr>
            <ns3:cad>95</ns3:cad>
          </ns3:TrackPointExtension>
        </extensions>
      </trkpt>
      <trkpt lat="47.67521456815302371978759765625" lon="-122.34600246883928775787353515625">
        <ele>42.40000152587890625</ele>
        <time>2026-08-03T16:09:43.000Z</time>
        <extensions>
          <ns3:TrackPointExtension>
            <ns3:atemp>22.0</ns3:atemp>
            <ns3:hr>131</ns3:hr>
            <ns3:cad>96</ns3:cad>
          </ns3:TrackPointExtension>
        </extensions>
      </trkpt>
      <trkpt lat="47.67517383210361003875732421875" lon="-122.34596810303628444671630859375">
        <ele>42.200000762939453125</ele>
        <time>2026-08-03T16:09:45.000Z</time>
        <extensions>
          <ns3:TrackPointExtension>
            <ns3:atemp>22.0</ns3:atemp>
            <ns3:hr>129</ns3:hr>
            <ns3:cad>96</ns3:cad>
          </ns3:TrackPointExtension>
        </extensions>
      </trkpt>
      <trkpt lat="47.675071991980075836181640625" lon="-122.3458434641361236572265625">
        <ele>42.200000762939453125</ele>
        <time>2026-08-03T16:09:51.000Z</time>
        <extensions>
          <ns3:TrackPointExtension>
            <ns3:atemp>22.0</ns3:atemp>
            <ns3:hr>127</ns3:hr>
            <ns3:cad>94</ns3:cad>
          </ns3:TrackPointExtension>
        </extensions>
      </trkpt>
      <trkpt lat="47.6749212853610515594482421875" lon="-122.3457048274576663970947265625">
        <ele>42.40000152587890625</ele>
        <time>2026-08-03T16:09:57.000Z</time>
        <extensions>
          <ns3:TrackPointExtension>
            <ns3:atemp>22.0</ns3:atemp>
            <ns3:hr>129</ns3:hr>
            <ns3:cad>96</ns3:cad>
          </ns3:TrackPointExtension>
        </extensions>
      </trkpt>
      <trkpt lat="47.67481022514402866363525390625" lon="-122.3456099443137645721435546875">
        <ele>42.59999847412109375</ele>
        <time>2026-08-03T16:10:01.000Z</time>
        <extensions>
          <ns3:TrackPointExtension>
            <ns3:atemp>22.0</ns3:atemp>
            <ns3:hr>129</ns3:hr>
            <ns3:cad>95</ns3:cad>
          </ns3:TrackPointExtension>
        </extensions>
      </trkpt>
      <trkpt lat="47.67475423403084278106689453125" lon="-122.3455713875591754913330078125">
        <ele>42.59999847412109375</ele>
        <time>2026-08-03T16:10:03.000Z</time>
        <extensions>
          <ns3:TrackPointExtension>
            <ns3:atemp>22.0</ns3:atemp>
            <ns3:hr>132</ns3:hr>
            <ns3:cad>95</ns3:cad>
          </ns3:TrackPointExtension>
        </extensions>
      </trkpt>
      <trkpt lat="47.6747053675353527069091796875" lon="-122.34550005756318569183349609375">
        <ele>42.59999847412109375</ele>
        <time>2026-08-03T16:10:05.000Z</time>
        <extensions>
          <ns3:TrackPointExtension>
            <ns3:atemp>22.0</ns3:atemp>
            <ns3:hr>129</ns3:hr>
            <ns3:cad>100</ns3:cad>
          </ns3:TrackPointExtension>
        </extensions>
      </trkpt>
      <trkpt lat="47.67468097619712352752685546875" lon="-122.34547575004398822784423828125">
        <ele>42.59999847412109375</ele>
        <time>2026-08-03T16:10:06.000Z</time>
        <extensions>
          <ns3:TrackPointExtension>
            <ns3:atemp>22.0</ns3:atemp>
            <ns3:hr>129</ns3:hr>
            <ns3:cad>100</ns3:cad>
          </ns3:TrackPointExtension>
        </extensions>
      </trkpt>
      <trkpt lat="47.674597240984439849853515625" lon="-122.3453698866069316864013671875">
        <ele>42.59999847412109375</ele>
        <time>2026-08-03T16:10:10.000Z</time>
        <extensions>
          <ns3:TrackPointExtension>
            <ns3:atemp>22.0</ns3:atemp>
            <ns3:hr>132</ns3:hr>
            <ns3:cad>98</ns3:cad>
          </ns3:TrackPointExtension>
        </extensions>
      </trkpt>
      <trkpt lat="47.67457989044487476348876953125" lon="-122.34534784220159053802490234375">
        <ele>42.799999237060546875</ele>
        <time>2026-08-03T16:10:11.000Z</time>
        <extensions>
          <ns3:TrackPointExtension>
            <ns3:atemp>22.0</ns3:atemp>
            <ns3:hr>130</ns3:hr>
            <ns3:cad>98</ns3:cad>
          </ns3:TrackPointExtension>
        </extensions>
      </trkpt>
      <trkpt lat="47.6744327880442142486572265625" lon="-122.345177941024303436279296875">
        <ele>42.59999847412109375</ele>
        <time>2026-08-03T16:10:17.000Z</time>
        <extensions>
          <ns3:TrackPointExtension>
            <ns3:atemp>22.0</ns3:atemp>
            <ns3:hr>132</ns3:hr>
            <ns3:cad>99</ns3:cad>
          </ns3:TrackPointExtension>
        </extensions>
      </trkpt>
      <trkpt lat="47.674411833286285400390625" lon="-122.3451559804379940032958984375">
        <ele>42.59999847412109375</ele>
        <time>2026-08-03T16:10:18.000Z</time>
        <extensions>
          <ns3:TrackPointExtension>
            <ns3:atemp>22.0</ns3:atemp>
            <ns3:hr>132</ns3:hr>
            <ns3:cad>99</ns3:cad>
          </ns3:TrackPointExtension>
        </extensions>
      </trkpt>
      <trkpt lat="47.6743556745350360870361328125" lon="-122.3451030068099498748779296875">
        <ele>42.59999847412109375</ele>
        <time>2026-08-03T16:10:20.000Z</time>
        <extensions>
          <ns3:TrackPointExtension>
            <ns3:atemp>22.0</ns3:atemp>
            <ns3:hr>128</ns3:hr>
            <ns3:cad>98</ns3:cad>
          </ns3:TrackPointExtension>
        </extensions>
      </trkpt>
      <trkpt lat="47.6743107475340366363525390625" lon="-122.34505380503833293914794921875">
        <ele>42.59999847412109375</ele>
        <time>2026-08-03T16:10:22.000Z</time>
        <extensions>
          <ns3:TrackPointExtension>
            <ns3:atemp>22.0</ns3:atemp>
            <ns3:hr>129</ns3:hr>
            <ns3:cad>97</ns3:cad>
          </ns3:TrackPointExtension>
        </extensions>
      </trkpt>
      <trkpt lat="47.67418007366359233856201171875" lon="-122.3448778688907623291015625">
        <ele>42</ele>
        <time>2026-08-03T16:10:28.000Z</time>
        <extensions>
          <ns3:TrackPointExtension>
            <ns3:atemp>22.0</ns3:atemp>
            <ns3:hr>128</ns3:hr>
            <ns3:cad>95</ns3:cad>
          </ns3:TrackPointExtension>
        </extensions>
      </trkpt>
      <trkpt lat="47.674061469733715057373046875" lon="-122.34476060606539249420166015625">
        <ele>42.200000762939453125</ele>
        <time>2026-08-03T16:10:33.000Z</time>
        <extensions>
          <ns3:TrackPointExtension>
            <ns3:atemp>22.0</ns3:atemp>
            <ns3:hr>126</ns3:hr>
            <ns3:cad>95</ns3:cad>
          </ns3:TrackPointExtension>
        </extensions>
      </trkpt>
      <trkpt lat="47.67391419969499111175537109375" lon="-122.34458978287875652313232421875">
        <ele>42.200000762939453125</ele>
        <time>2026-08-03T16:10:39.000Z</time>
        <extensions>
          <ns3:TrackPointExtension>
            <ns3:atemp>22.0</ns3:atemp>
            <ns3:hr>131</ns3:hr>
            <ns3:cad>95</ns3:cad>
          </ns3:TrackPointExtension>
        </extensions>
      </trkpt>
      <trkpt lat="47.67388905398547649383544921875" lon="-122.34457142651081085205078125">
        <ele>42.200000762939453125</ele>
        <time>2026-08-03T16:10:40.000Z</time>
        <extensions>
          <ns3:TrackPointExtension>
            <ns3:atemp>22.0</ns3:atemp>
            <ns3:hr>132</ns3:hr>
            <ns3:cad>95</ns3:cad>
          </ns3:TrackPointExtension>
        </extensions>
      </trkpt>
      <trkpt lat="47.67373482696712017059326171875" lon="-122.34443488530814647674560546875">
        <ele>42.200000762939453125</ele>
        <time>2026-08-03T16:10:46.000Z</time>
        <extensions>
          <ns3:TrackPointExtension>
            <ns3:atemp>22.0</ns3:atemp>
            <ns3:hr>131</ns3:hr>
            <ns3:cad>96</ns3:cad>
          </ns3:TrackPointExtension>
        </extensions>
      </trkpt>
      <trkpt lat="47.67356970347464084625244140625" lon="-122.3442654870450496673583984375">
        <ele>42</ele>
        <time>2026-08-03T16:10:53.000Z</time>
        <extensions>
          <ns3:TrackPointExtension>
            <ns3:atemp>22.0</ns3:atemp>
            <ns3:hr>131</ns3:hr>
            <ns3:cad>95</ns3:cad>
          </ns3:TrackPointExtension>
        </extensions>
      </trkpt>
      <trkpt lat="47.67348571680486202239990234375" lon="-122.34420530498027801513671875">
        <ele>41.799999237060546875</ele>
        <time>2026-08-03T16:10:56.000Z</time>
        <extensions>
          <ns3:TrackPointExtension>
            <ns3:atemp>22.0</ns3:atemp>
            <ns3:hr>131</ns3:hr>
            <ns3:cad>95</ns3:cad>
          </ns3:TrackPointExtension>
        </extensions>
      </trkpt>
      <trkpt lat="47.673398293554782867431640625" lon="-122.3441317118704319000244140625">
        <ele>41.799999237060546875</ele>
        <time>2026-08-03T16:11:00.000Z</time>
        <extensions>
          <ns3:TrackPointExtension>
            <ns3:atemp>22.0</ns3:atemp>
            <ns3:hr>130</ns3:hr>
            <ns3:cad>95</ns3:cad>
          </ns3:TrackPointExtension>
        </extensions>
      </trkpt>
      <trkpt lat="47.67325135879218578338623046875" lon="-122.34398930333554744720458984375">
        <ele>42.40000152587890625</ele>
        <time>2026-08-03T16:11:07.000Z</time>
        <extensions>
          <ns3:TrackPointExtension>
            <ns3:atemp>22.0</ns3:atemp>
            <ns3:hr>131</ns3:hr>
            <ns3:cad>96</ns3:cad>
          </ns3:TrackPointExtension>
        </extensions>
      </trkpt>
      <trkpt lat="47.6730990596115589141845703125" lon="-122.3438708670437335968017578125">
        <ele>43.40000152587890625</ele>
        <time>2026-08-03T16:11:13.000Z</time>
        <extensions>
          <ns3:TrackPointExtension>
            <ns3:atemp>22.0</ns3:atemp>
            <ns3:hr>129</ns3:hr>
            <ns3:cad>96</ns3:cad>
          </ns3:TrackPointExtension>
        </extensions>
      </trkpt>
      <trkpt lat="47.67307634465396404266357421875" lon="-122.3438530974090099334716796875">
        <ele>43.40000152587890625</ele>
        <time>2026-08-03T16:11:14.000Z</time>
        <extensions>
          <ns3:TrackPointExtension>
            <ns3:atemp>22.0</ns3:atemp>
            <ns3:hr>128</ns3:hr>
            <ns3:cad>96</ns3:cad>
          </ns3:TrackPointExtension>
        </extensions>
      </trkpt>
      <trkpt lat="47.672889344394207000732421875" lon="-122.343722842633724212646484375">
        <ele>43.40000152587890625</ele>
        <time>2026-08-03T16:11:21.000Z</time>
        <extensions>
          <ns3:TrackPointExtension>
            <ns3:atemp>22.0</ns3:atemp>
            <ns3:hr>131</ns3:hr>
            <ns3:cad>98</ns3:cad>
          </ns3:TrackPointExtension>
        </extensions>
      </trkpt>
      <trkpt lat="47.67285774461925029754638671875" lon="-122.3437055759131908416748046875">
        <ele>43.40000152587890625</ele>
        <time>2026-08-03T16:11:22.000Z</time>
        <extensions>
          <ns3:TrackPointExtension>
            <ns3:atemp>22.0</ns3:atemp>
            <ns3:hr>131</ns3:hr>
            <ns3:cad>98</ns3:cad>
          </ns3:TrackPointExtension>
        </extensions>
      </trkpt>
      <trkpt lat="47.67268273048102855682373046875" lon="-122.34361790120601654052734375">
        <ele>43.40000152587890625</ele>
        <time>2026-08-03T16:11:28.000Z</time>
        <extensions>
          <ns3:TrackPointExtension>
            <ns3:atemp>22.0</ns3:atemp>
            <ns3:hr>128</ns3:hr>
            <ns3:cad>95</ns3:cad>
          </ns3:TrackPointExtension>
        </extensions>
      </trkpt>
      <trkpt lat="47.6725911162793636322021484375" lon="-122.3435667715966701507568359375">
        <ele>43.40000152587890625</ele>
        <time>2026-08-03T16:11:31.000Z</time>
        <extensions>
          <ns3:TrackPointExtension>
            <ns3:atemp>22.0</ns3:atemp>
            <ns3:hr>129</ns3:hr>
            <ns3:cad>95</ns3:cad>
          </ns3:TrackPointExtension>
        </extensions>
      </trkpt>
      <trkpt lat="47.67243831418454647064208984375" lon="-122.3434916697442531585693359375">
        <ele>43.200000762939453125</ele>
        <time>2026-08-03T16:11:36.000Z</time>
        <extensions>
          <ns3:TrackPointExtension>
            <ns3:atemp>22.0</ns3:atemp>
            <ns3:hr>131</ns3:hr>
            <ns3:cad>96</ns3:cad>
          </ns3:TrackPointExtension>
        </extensions>
      </trkpt>
      <trkpt lat="47.6723218895494937896728515625" lon="-122.34346996061503887176513671875">
        <ele>43.59999847412109375</ele>
        <time>2026-08-03T16:11:41.000Z</time>
        <extensions>
          <ns3:TrackPointExtension>
            <ns3:atemp>22.0</ns3:atemp>
            <ns3:hr>130</ns3:hr>
            <ns3:cad>97</ns3:cad>
          </ns3:TrackPointExtension>
        </extensions>
      </trkpt>
      <trkpt lat="47.67215450294315814971923828125" lon="-122.34344045631587505340576171875">
        <ele>43.40000152587890625</ele>
        <time>2026-08-03T16:11:46.000Z</time>
        <extensions>
          <ns3:TrackPointExtension>
            <ns3:atemp>22.0</ns3:atemp>
            <ns3:hr>131</ns3:hr>
            <ns3:cad>96</ns3:cad>
          </ns3:TrackPointExtension>
        </extensions>
      </trkpt>
      <trkpt lat="47.6719675026834011077880859375" lon="-122.34338614158332347869873046875">
        <ele>43.40000152587890625</ele>
        <time>2026-08-03T16:11:52.000Z</time>
        <extensions>
          <ns3:TrackPointExtension>
            <ns3:atemp>22.0</ns3:atemp>
            <ns3:hr>129</ns3:hr>
            <ns3:cad>96</ns3:cad>
          </ns3:TrackPointExtension>
        </extensions>
      </trkpt>
      <trkpt lat="47.67193020321428775787353515625" lon="-122.34337926842272281646728515625">
        <ele>43.40000152587890625</ele>
        <time>2026-08-03T16:11:53.000Z</time>
        <extensions>
          <ns3:TrackPointExtension>
            <ns3:atemp>22.0</ns3:atemp>
            <ns3:hr>128</ns3:hr>
            <ns3:cad>96</ns3:cad>
          </ns3:TrackPointExtension>
        </extensions>
      </trkpt>
      <trkpt lat="47.6718001998960971832275390625" lon="-122.34338396228849887847900390625">
        <ele>43.59999847412109375</ele>
        <time>2026-08-03T16:11:58.000Z</time>
        <extensions>
          <ns3:TrackPointExtension>
            <ns3:atemp>22.0</ns3:atemp>
            <ns3:hr>128</ns3:hr>
            <ns3:cad>96</ns3:cad>
          </ns3:TrackPointExtension>
        </extensions>
      </trkpt>
      <trkpt lat="47.671708166599273681640625" lon="-122.3433702997863292694091796875">
        <ele>44.200000762939453125</ele>
        <time>2026-08-03T16:12:02.000Z</time>
        <extensions>
          <ns3:TrackPointExtension>
            <ns3:atemp>22.0</ns3:atemp>
            <ns3:hr>129</ns3:hr>
            <ns3:cad>95</ns3:cad>
          </ns3:TrackPointExtension>
        </extensions>
      </trkpt>
      <trkpt lat="47.67159475944936275482177734375" lon="-122.343270890414714813232421875">
        <ele>44.200000762939453125</ele>
        <time>2026-08-03T16:12:07.000Z</time>
        <extensions>
          <ns3:TrackPointExtension>
            <ns3:atemp>23.0</ns3:atemp>
            <ns3:hr>130</ns3:hr>
            <ns3:cad>96</ns3:cad>
          </ns3:TrackPointExtension>
        </extensions>
      </trkpt>
      <trkpt lat="47.67154731787741184234619140625" lon="-122.34319821931421756744384765625">
        <ele>44.200000762939453125</ele>
        <time>2026-08-03T16:12:10.000Z</time>
        <extensions>
          <ns3:TrackPointExtension>
            <ns3:atemp>23.0</ns3:atemp>
            <ns3:hr>130</ns3:hr>
            <ns3:cad>95</ns3:cad>
          </ns3:TrackPointExtension>
        </extensions>
      </trkpt>
      <trkpt lat="47.67154899425804615020751953125" lon="-122.3431416414678096771240234375">
        <ele>44</ele>
        <time>2026-08-03T16:12:12.000Z</time>
        <extensions>
          <ns3:TrackPointExtension>
            <ns3:atemp>23.0</ns3:atemp>
            <ns3:hr>130</ns3:hr>
            <ns3:cad>95</ns3:cad>
          </ns3:TrackPointExtension>
        </extensions>
      </trkpt>
      <trkpt lat="47.67153776250779628753662109375" lon="-122.3430568166077136993408203125">
        <ele>43.799999237060546875</ele>
        <time>2026-08-03T16:12:15.000Z</time>
        <extensions>
          <ns3:TrackPointExtension>
            <ns3:atemp>23.0</ns3:atemp>
            <ns3:hr>129</ns3:hr>
            <ns3:cad>95</ns3:cad>
          </ns3:TrackPointExtension>
        </extensions>
      </trkpt>
      <trkpt lat="47.671531140804290771484375" lon="-122.34303527511656284332275390625">
        <ele>43.799999237060546875</ele>
        <time>2026-08-03T16:12:16.000Z</time>
        <extensions>
          <ns3:TrackPointExtension>
            <ns3:atemp>23.0</ns3:atemp>
            <ns3:hr>129</ns3:hr>
            <ns3:cad>95</ns3:cad>
          </ns3:TrackPointExtension>
        </extensions>
      </trkpt>
      <trkpt lat="47.6715001277625560760498046875" lon="-122.34286026097834110260009765625">
        <ele>44.200000762939453125</ele>
        <time>2026-08-03T16:12:21.000Z</time>
        <extensions>
          <ns3:TrackPointExtension>
            <ns3:atemp>23.0</ns3:atemp>
            <ns3:hr>129</ns3:hr>
            <ns3:cad>95</ns3:cad>
          </ns3:TrackPointExtension>
        </extensions>
      </trkpt>
      <trkpt lat="47.6714944280683994293212890625" lon="-122.3427708260715007781982421875">
        <ele>44.40000152587890625</ele>
        <time>2026-08-03T16:12:24.000Z</time>
        <extensions>
          <ns3:TrackPointExtension>
            <ns3:atemp>23.0</ns3:atemp>
            <ns3:hr>129</ns3:hr>
            <ns3:cad>96</ns3:cad>
          </ns3:TrackPointExtension>
        </extensions>
      </trkpt>
      <trkpt lat="47.671481855213642120361328125" lon="-122.34273034147918224334716796875">
        <ele>44.40000152587890625</ele>
        <time>2026-08-03T16:12:25.000Z</time>
        <extensions>
          <ns3:TrackPointExtension>
            <ns3:atemp>23.0</ns3:atemp>
            <ns3:hr>131</ns3:hr>
            <ns3:cad>96</ns3:cad>
          </ns3:TrackPointExtension>
        </extensions>
      </trkpt>
      <trkpt lat="47.67150096595287322998046875" lon="-122.3426112346351146697998046875">
        <ele>44.40000152587890625</ele>
        <time>2026-08-03T16:12:28.000Z</time>
        <extensions>
          <ns3:TrackPointExtension>
            <ns3:atemp>23.0</ns3:atemp>
            <ns3:hr>128</ns3:hr>
            <ns3:cad>96</ns3:cad>
          </ns3:TrackPointExtension>
        </extensions>
      </trkpt>
      <trkpt lat="47.67149853520095348358154296875" lon="-122.34256488271057605743408203125">
        <ele>44.59999847412109375</ele>
        <time>2026-08-03T16:12:29.000Z</time>
        <extensions>
          <ns3:TrackPointExtension>
            <ns3:atemp>23.0</ns3:atemp>
            <ns3:hr>128</ns3:hr>
            <ns3:cad>96</ns3:cad>
          </ns3:TrackPointExtension>
        </extensions>
      </trkpt>
      <trkpt lat="47.67152921296656131744384765625" lon="-122.34244317747652530670166015625">
        <ele>44.40000152587890625</ele>
        <time>2026-08-03T16:12:32.000Z</time>
        <extensions>
          <ns3:TrackPointExtension>
            <ns3:atemp>23.0</ns3:atemp>
            <ns3:hr>129</ns3:hr>
            <ns3:cad>96</ns3:cad>
          </ns3:TrackPointExtension>
        </extensions>
      </trkpt>
      <trkpt lat="47.6715658418834209442138671875" lon="-122.34227084554731845855712890625">
        <ele>44.40000152587890625</ele>
        <time>2026-08-03T16:12:36.000Z</time>
        <extensions>
          <ns3:TrackPointExtension>
            <ns3:atemp>23.0</ns3:atemp>
            <ns3:hr>129</ns3:hr>
            <ns3:cad>95</ns3:cad>
          </ns3:TrackPointExtension>
        </extensions>
      </trkpt>
      <trkpt lat="47.67159140668809413909912109375" lon="-122.34215081669390201568603515625">
        <ele>44.40000152587890625</ele>
        <time>2026-08-03T16:12:39.000Z</time>
        <extensions>
          <ns3:TrackPointExtension>
            <ns3:atemp>23.0</ns3:atemp>
            <ns3:hr>130</ns3:hr>
            <ns3:cad>95</ns3:cad>
          </ns3:TrackPointExtension>
        </extensions>
      </trkpt>
      <trkpt lat="47.6716335676610469818115234375" lon="-122.34185275621712207794189453125">
        <ele>44.40000152587890625</ele>
        <time>2026-08-03T16:12:46.000Z</time>
        <extensions>
          <ns3:TrackPointExtension>
            <ns3:atemp>23.0</ns3:atemp>
            <ns3:hr>130</ns3:hr>
            <ns3:cad>95</ns3:cad>
          </ns3:TrackPointExtension>
        </extensions>
      </trkpt>
      <trkpt lat="47.6716424524784088134765625" lon="-122.34181101433932781219482421875">
        <ele>44.40000152587890625</ele>
        <time>2026-08-03T16:12:47.000Z</time>
        <extensions>
          <ns3:TrackPointExtension>
            <ns3:atemp>23.0</ns3:atemp>
            <ns3:hr>129</ns3:hr>
            <ns3:cad>95</ns3:cad>
          </ns3:TrackPointExtension>
        </extensions>
      </trkpt>
      <trkpt lat="47.67167421989142894744873046875" lon="-122.3415930010378360748291015625">
        <ele>44</ele>
        <time>2026-08-03T16:12:53.000Z</time>
        <extensions>
          <ns3:TrackPointExtension>
            <ns3:atemp>23.0</ns3:atemp>
            <ns3:hr>127</ns3:hr>
            <ns3:cad>96</ns3:cad>
          </ns3:TrackPointExtension>
        </extensions>
      </trkpt>
      <trkpt lat="47.67172819934785366058349609375" lon="-122.3413294740021228790283203125">
        <ele>44.59999847412109375</ele>
        <time>2026-08-03T16:12:59.000Z</time>
        <extensions>
          <ns3:TrackPointExtension>
            <ns3:atemp>23.0</ns3:atemp>
            <ns3:hr>127</ns3:hr>
            <ns3:cad>96</ns3:cad>
          </ns3:TrackPointExtension>
        </extensions>
      </trkpt>
      <trkpt lat="47.67172635532915592193603515625" lon="-122.3412832058966159820556640625">
        <ele>44.59999847412109375</ele>
        <time>2026-08-03T16:13:00.000Z</time>
        <extensions>
          <ns3:TrackPointExtension>
            <ns3:atemp>23.0</ns3:atemp>
            <ns3:hr>127</ns3:hr>
            <ns3:cad>96</ns3:cad>
          </ns3:TrackPointExtension>
        </extensions>
      </trkpt>
      <trkpt lat="47.6717576198279857635498046875" lon="-122.3410806991159915924072265625">
        <ele>44.799999237060546875</ele>
        <time>2026-08-03T16:13:05.000Z</time>
        <extensions>
          <ns3:TrackPointExtension>
            <ns3:atemp>23.0</ns3:atemp>
            <ns3:hr>127</ns3:hr>
            <ns3:cad>97</ns3:cad>
          </ns3:TrackPointExtension>
        </extensions>
      </trkpt>
      <trkpt lat="47.67179341055452823638916015625" lon="-122.3408339358866214752197265625">
        <ele>44.799999237060546875</ele>
        <time>2026-08-03T16:13:11.000Z</time>
        <extensions>
          <ns3:TrackPointExtension>
            <ns3:atemp>23.0</ns3:atemp>
            <ns3:hr>127</ns3:hr>
            <ns3:cad>97</ns3:cad>
          </ns3:TrackPointExtension>
        </extensions>
      </trkpt>
      <trkpt lat="47.67181880772113800048828125" lon="-122.34069420956075191497802734375">
        <ele>45</ele>
        <time>2026-08-03T16:13:15.000Z</time>
        <extensions>
          <ns3:TrackPointExtension>
            <ns3:atemp>23.0</ns3:atemp>
            <ns3:hr>128</ns3:hr>
            <ns3:cad>96</ns3:cad>
          </ns3:TrackPointExtension>
        </extensions>
      </trkpt>
      <trkpt lat="47.67184152267873287200927734375" lon="-122.34045817516744136810302734375">
        <ele>44.799999237060546875</ele>
        <time>2026-08-03T16:13:20.000Z</time>
        <extensions>
          <ns3:TrackPointExtension>
            <ns3:atemp>23.0</ns3:atemp>
            <ns3:hr>128</ns3:hr>
            <ns3:cad>96</ns3:cad>
          </ns3:TrackPointExtension>
        </extensions>
      </trkpt>
      <trkpt lat="47.67187940888106822967529296875" lon="-122.340241335332393646240234375">
        <ele>44.40000152587890625</ele>
        <time>2026-08-03T16:13:25.000Z</time>
        <extensions>
          <ns3:TrackPointExtension>
            <ns3:atemp>23.0</ns3:atemp>
            <ns3:hr>129</ns3:hr>
            <ns3:cad>95</ns3:cad>
          </ns3:TrackPointExtension>
        </extensions>
      </trkpt>
      <trkpt lat="47.671887874603271484375" lon="-122.3402086459100246429443359375">
        <ele>44.200000762939453125</ele>
        <time>2026-08-03T16:13:26.000Z</time>
        <extensions>
          <ns3:TrackPointExtension>
            <ns3:atemp>23.0</ns3:atemp>
            <ns3:hr>129</ns3:hr>
            <ns3:cad>95</ns3:cad>
          </ns3:TrackPointExtension>
        </extensions>
      </trkpt>
      <trkpt lat="47.67195752821862697601318359375" lon="-122.3399578593671321868896484375">
        <ele>44.59999847412109375</ele>
        <time>2026-08-03T16:13:32.000Z</time>
        <extensions>
          <ns3:TrackPointExtension>
            <ns3:atemp>23.0</ns3:atemp>
            <ns3:hr>129</ns3:hr>
            <ns3:cad>96</ns3:cad>
          </ns3:TrackPointExtension>
        </extensions>
      </trkpt>
      <trkpt lat="47.6719896309077739715576171875" lon="-122.33973297290503978729248046875">
        <ele>45</ele>
        <time>2026-08-03T16:13:37.000Z</time>
        <extensions>
          <ns3:TrackPointExtension>
            <ns3:atemp>23.0</ns3:atemp>
            <ns3:hr>129</ns3:hr>
            <ns3:cad>95</ns3:cad>
          </ns3:TrackPointExtension>
        </extensions>
      </trkpt>
      <trkpt lat="47.6720529980957508087158203125" lon="-122.3394787497818470001220703125">
        <ele>44.799999237060546875</ele>
        <time>2026-08-03T16:13:43.000Z</time>
        <extensions>
          <ns3:TrackPointExtension>
            <ns3:atemp>23.0</ns3:atemp>
            <ns3:hr>127</ns3:hr>
            <ns3:cad>95</ns3:cad>
          </ns3:TrackPointExtension>
        </extensions>
      </trkpt>
      <trkpt lat="47.67206297256052494049072265625" lon="-122.3394354991614818572998046875">
        <ele>45</ele>
        <time>2026-08-03T16:13:44.000Z</time>
        <extensions>
          <ns3:TrackPointExtension>
            <ns3:atemp>23.0</ns3:atemp>
            <ns3:hr>130</ns3:hr>
            <ns3:cad>96</ns3:cad>
          </ns3:TrackPointExtension>
        </extensions>
      </trkpt>
      <trkpt lat="47.67213086597621440887451171875" lon="-122.3392546176910400390625">
        <ele>44.59999847412109375</ele>
        <time>2026-08-03T16:13:49.000Z</time>
        <extensions>
          <ns3:TrackPointExtension>
            <ns3:atemp>23.0</ns3:atemp>
            <ns3:hr>129</ns3:hr>
            <ns3:cad>95</ns3:cad>
          </ns3:TrackPointExtension>
        </extensions>
      </trkpt>
      <trkpt lat="47.67221845686435699462890625" lon="-122.338997460901737213134765625">
        <ele>43.799999237060546875</ele>
        <time>2026-08-03T16:13:55.000Z</time>
        <extensions>
          <ns3:TrackPointExtension>
            <ns3:atemp>23.0</ns3:atemp>
            <ns3:hr>129</ns3:hr>
            <ns3:cad>96</ns3:cad>
          </ns3:TrackPointExtension>
        </extensions>
      </trkpt>
      <trkpt lat="47.67222650349140167236328125" lon="-122.338965274393558502197265625">
        <ele>43.799999237060546875</ele>
        <time>2026-08-03T16:13:56.000Z</time>
        <extensions>
          <ns3:TrackPointExtension>
            <ns3:atemp>23.0</ns3:atemp>
            <ns3:hr>129</ns3:hr>
            <ns3:cad>96</ns3:cad>
          </ns3:TrackPointExtension>
        </extensions>
      </trkpt>
      <trkpt lat="47.67230671830475330352783203125" lon="-122.33872630633413791656494140625">
        <ele>43.200000762939453125</ele>
        <time>2026-08-03T16:14:02.000Z</time>
        <extensions>
          <ns3:TrackPointExtension>
            <ns3:atemp>23.0</ns3:atemp>
            <ns3:hr>129</ns3:hr>
            <ns3:cad>97</ns3:cad>
          </ns3:TrackPointExtension>
        </extensions>
      </trkpt>
      <trkpt lat="47.6723896153271198272705078125" lon="-122.33848373405635356903076171875">
        <ele>43.40000152587890625</ele>
        <time>2026-08-03T16:14:07.000Z</time>
        <extensions>
          <ns3:TrackPointExtension>
            <ns3:atemp>23.0</ns3:atemp>
            <ns3:hr>130</ns3:hr>
            <ns3:cad>97</ns3:cad>
          </ns3:TrackPointExtension>
        </extensions>
      </trkpt>
      <trkpt lat="47.67240411601960659027099609375" lon="-122.338445596396923065185546875">
        <ele>43.40000152587890625</ele>
        <time>2026-08-03T16:14:09.000Z</time>
        <extensions>
          <ns3:TrackPointExtension>
            <ns3:atemp>23.0</ns3:atemp>
            <ns3:hr>131</ns3:hr>
            <ns3:cad>97</ns3:cad>
          </ns3:TrackPointExtension>
        </extensions>
      </trkpt>
      <trkpt lat="47.672511152923107147216796875" lon="-122.33821727335453033447265625">
        <ele>43.200000762939453125</ele>
        <time>2026-08-03T16:14:15.000Z</time>
        <extensions>
          <ns3:TrackPointExtension>
            <ns3:atemp>23.0</ns3:atemp>
            <ns3:hr>132</ns3:hr>
            <ns3:cad>97</ns3:cad>
          </ns3:TrackPointExtension>
        </extensions>
      </trkpt>
      <trkpt lat="47.672594301402568817138671875" lon="-122.3380025289952754974365234375">
        <ele>43</ele>
        <time>2026-08-03T16:14:21.000Z</time>
        <extensions>
          <ns3:TrackPointExtension>
            <ns3:atemp>23.0</ns3:atemp>
            <ns3:hr>133</ns3:hr>
            <ns3:cad>97</ns3:cad>
          </ns3:TrackPointExtension>
        </extensions>
      </trkpt>
      <trkpt lat="47.67262271605432033538818359375" lon="-122.3379348032176494598388671875">
        <ele>43</ele>
        <time>2026-08-03T16:14:23.000Z</time>
        <extensions>
          <ns3:TrackPointExtension>
            <ns3:atemp>23.0</ns3:atemp>
            <ns3:hr>136</ns3:hr>
            <ns3:cad>97</ns3:cad>
          </ns3:TrackPointExtension>
        </extensions>
      </trkpt>
      <trkpt lat="47.67264098860323429107666015625" lon="-122.33789138495922088623046875">
        <ele>43</ele>
        <time>2026-08-03T16:14:24.000Z</time>
        <extensions>
          <ns3:TrackPointExtension>
            <ns3:atemp>23.0</ns3:atemp>
            <ns3:hr>133</ns3:hr>
            <ns3:cad>97</ns3:cad>
          </ns3:TrackPointExtension>
        </extensions>
      </trkpt>
      <trkpt lat="47.67269412986934185028076171875" lon="-122.3378000222146511077880859375">
        <ele>43</ele>
        <time>2026-08-03T16:14:27.000Z</time>
        <extensions>
          <ns3:TrackPointExtension>
            <ns3:atemp>23.0</ns3:atemp>
            <ns3:hr>131</ns3:hr>
            <ns3:cad>97</ns3:cad>
          </ns3:TrackPointExtension>
        </extensions>
      </trkpt>
      <trkpt lat="47.672769986093044281005859375" lon="-122.33763900585472583770751953125">
        <ele>43.200000762939453125</ele>
        <time>2026-08-03T16:14:32.000Z</time>
        <extensions>
          <ns3:TrackPointExtension>
            <ns3:atemp>23.0</ns3:atemp>
            <ns3:hr>133</ns3:hr>
            <ns3:cad>96</ns3:cad>
          </ns3:TrackPointExtension>
        </extensions>
      </trkpt>
      <trkpt lat="47.67279538325965404510498046875" lon="-122.33761520124971866607666015625">
        <ele>43.40000152587890625</ele>
        <time>2026-08-03T16:14:33.000Z</time>
        <extensions>
          <ns3:TrackPointExtension>
            <ns3:atemp>23.0</ns3:atemp>
            <ns3:hr>133</ns3:hr>
            <ns3:cad>96</ns3:cad>
          </ns3:TrackPointExtension>
        </extensions>
      </trkpt>
      <trkpt lat="47.67287735827267169952392578125" lon="-122.33755116350948810577392578125">
        <ele>43.59999847412109375</ele>
        <time>2026-08-03T16:14:36.000Z</time>
        <extensions>
          <ns3:TrackPointExtension>
            <ns3:atemp>23.0</ns3:atemp>
            <ns3:hr>136</ns3:hr>
            <ns3:cad>96</ns3:cad>
          </ns3:TrackPointExtension>
        </extensions>
      </trkpt>
      <trkpt lat="47.672892697155475616455078125" lon="-122.337513528764247894287109375">
        <ele>43.59999847412109375</ele>
        <time>2026-08-03T16:14:37.000Z</time>
        <extensions>
          <ns3:TrackPointExtension>
            <ns3:atemp>23.0</ns3:atemp>
            <ns3:hr>133</ns3:hr>
            <ns3:cad>98</ns3:cad>
          </ns3:TrackPointExtension>
        </extensions>
      </trkpt>
      <trkpt lat="47.672908119857311248779296875" lon="-122.33747891150414943695068359375">
        <ele>43.40000152587890625</ele>
        <time>2026-08-03T16:14:38.000Z</time>
        <extensions>
          <ns3:TrackPointExtension>
            <ns3:atemp>23.0</ns3:atemp>
            <ns3:hr>132</ns3:hr>
            <ns3:cad>98</ns3:cad>
          </ns3:TrackPointExtension>
        </extensions>
      </trkpt>
      <trkpt lat="47.67302689142525196075439453125" lon="-122.3372389376163482666015625">
        <ele>43.59999847412109375</ele>
        <time>2026-08-03T16:14:45.000Z</time>
        <extensions>
          <ns3:TrackPointExtension>
            <ns3:atemp>23.0</ns3:atemp>
            <ns3:hr>132</ns3:hr>
            <ns3:cad>96</ns3:cad>
          </ns3:TrackPointExtension>
        </extensions>
      </trkpt>
      <trkpt lat="47.67304013483226299285888671875" lon="-122.33720784075558185577392578125">
        <ele>43.59999847412109375</ele>
        <time>2026-08-03T16:14:46.000Z</time>
        <extensions>
          <ns3:TrackPointExtension>
            <ns3:atemp>23.0</ns3:atemp>
            <ns3:hr>132</ns3:hr>
            <ns3:cad>96</ns3:cad>
          </ns3:TrackPointExtension>
        </extensions>
      </trkpt>
      <trkpt lat="47.6731470040977001190185546875" lon="-122.33698504976928234100341796875">
        <ele>43.59999847412109375</ele>
        <time>2026-08-03T16:14:53.000Z</time>
        <extensions>
          <ns3:TrackPointExtension>
            <ns3:atemp>23.0</ns3:atemp>
            <ns3:hr>131</ns3:hr>
            <ns3:cad>96</ns3:cad>
          </ns3:TrackPointExtension>
        </extensions>
      </trkpt>
      <trkpt lat="47.6732898317277431488037109375" lon="-122.33678187243640422821044921875">
        <ele>43.59999847412109375</ele>
        <time>2026-08-03T16:15:00.000Z</time>
        <extensions>
          <ns3:TrackPointExtension>
            <ns3:atemp>23.0</ns3:atemp>
            <ns3:hr>130</ns3:hr>
            <ns3:cad>97</ns3:cad>
          </ns3:TrackPointExtension>
        </extensions>
      </trkpt>
      <trkpt lat="47.67343081533908843994140625" lon="-122.33662345446646213531494140625">
        <ele>43.40000152587890625</ele>
        <time>2026-08-03T16:15:06.000Z</time>
        <extensions>
          <ns3:TrackPointExtension>
            <ns3:atemp>23.0</ns3:atemp>
            <ns3:hr>131</ns3:hr>
            <ns3:cad>95</ns3:cad>
          </ns3:TrackPointExtension>
        </extensions>
      </trkpt>
      <trkpt lat="47.6735721342265605926513671875" lon="-122.336483895778656005859375">
        <ele>43.59999847412109375</ele>
        <time>2026-08-03T16:15:11.000Z</time>
        <extensions>
          <ns3:TrackPointExtension>
            <ns3:atemp>23.0</ns3:atemp>
            <ns3:hr>133</ns3:hr>
            <ns3:cad>97</ns3:cad>
          </ns3:TrackPointExtension>
        </extensions>
      </trkpt>
      <trkpt lat="47.67372979782521724700927734375" lon="-122.33627459965646266937255859375">
        <ele>43.799999237060546875</ele>
        <time>2026-08-03T16:15:18.000Z</time>
        <extensions>
          <ns3:TrackPointExtension>
            <ns3:atemp>23.0</ns3:atemp>
            <ns3:hr>132</ns3:hr>
            <ns3:cad>95</ns3:cad>
          </ns3:TrackPointExtension>
        </extensions>
      </trkpt>
      <trkpt lat="47.67388704232871532440185546875" lon="-122.336081899702548980712890625">
        <ele>44.200000762939453125</ele>
        <time>2026-08-03T16:15:25.000Z</time>
        <extensions>
          <ns3:TrackPointExtension>
            <ns3:atemp>23.0</ns3:atemp>
            <ns3:hr>131</ns3:hr>
            <ns3:cad>96</ns3:cad>
          </ns3:TrackPointExtension>
        </extensions>
      </trkpt>
      <trkpt lat="47.67398661933839321136474609375" lon="-122.33590093441307544708251953125">
        <ele>44.200000762939453125</ele>
        <time>2026-08-03T16:15:31.000Z</time>
        <extensions>
          <ns3:TrackPointExtension>
            <ns3:atemp>23.0</ns3:atemp>
            <ns3:hr>130</ns3:hr>
            <ns3:cad>95</ns3:cad>
          </ns3:TrackPointExtension>
        </extensions>
      </trkpt>
      <trkpt lat="47.674022577702999114990234375" lon="-122.33584460802376270294189453125">
        <ele>44.200000762939453125</ele>
        <time>2026-08-03T16:15:33.000Z</time>
        <extensions>
          <ns3:TrackPointExtension>
            <ns3:atemp>23.0</ns3:atemp>
            <ns3:hr>129</ns3:hr>
            <ns3:cad>96</ns3:cad>
          </ns3:TrackPointExtension>
        </extensions>
      </trkpt>
      <trkpt lat="47.67412626184523105621337890625" lon="-122.335703037679195404052734375">
        <ele>44</ele>
        <time>2026-08-03T16:15:38.000Z</time>
        <extensions>
          <ns3:TrackPointExtension>
            <ns3:atemp>23.0</ns3:atemp>
            <ns3:hr>129</ns3:hr>
            <ns3:cad>96</ns3:cad>
          </ns3:TrackPointExtension>
        </extensions>
      </trkpt>
      <trkpt lat="47.67426841892302036285400390625" lon="-122.33553774654865264892578125">
        <ele>44</ele>
        <time>2026-08-03T16:15:45.000Z</time>
        <extensions>
          <ns3:TrackPointExtension>
            <ns3:atemp>23.0</ns3:atemp>
            <ns3:hr>127</ns3:hr>
            <ns3:cad>95</ns3:cad>
          </ns3:TrackPointExtension>
        </extensions>
      </trkpt>
      <trkpt lat="47.67439800314605236053466796875" lon="-122.335416376590728759765625">
        <ele>43.799999237060546875</ele>
        <time>2026-08-03T16:15:51.000Z</time>
        <extensions>
          <ns3:TrackPointExtension>
            <ns3:atemp>23.0</ns3:atemp>
            <ns3:hr>131</ns3:hr>
            <ns3:cad>97</ns3:cad>
          </ns3:TrackPointExtension>
        </extensions>
      </trkpt>
      <trkpt lat="47.67441728152334690093994140625" lon="-122.3354034684598445892333984375">
        <ele>43.799999237060546875</ele>
        <time>2026-08-03T16:15:52.000Z</time>
        <extensions>
          <ns3:TrackPointExtension>
            <ns3:atemp>23.0</ns3:atemp>
            <ns3:hr>131</ns3:hr>
            <ns3:cad>97</ns3:cad>
          </ns3:TrackPointExtension>
        </extensions>
      </trkpt>
      <trkpt lat="47.67443790100514888763427734375" lon="-122.33538595028221607208251953125">
        <ele>43.799999237060546875</ele>
        <time>2026-08-03T16:15:53.000Z</time>
        <extensions>
          <ns3:TrackPointExtension>
            <ns3:atemp>23.0</ns3:atemp>
            <ns3:hr>128</ns3:hr>
            <ns3:cad>97</ns3:cad>
          </ns3:TrackPointExtension>
        </extensions>
      </trkpt>
      <trkpt lat="47.674499340355396270751953125" lon="-122.335335575044155120849609375">
        <ele>43.799999237060546875</ele>
        <time>2026-08-03T16:15:56.000Z</time>
        <extensions>
          <ns3:TrackPointExtension>
            <ns3:atemp>23.0</ns3:atemp>
            <ns3:hr>131</ns3:hr>
            <ns3:cad>97</ns3:cad>
          </ns3:TrackPointExtension>
        </extensions>
      </trkpt>
      <trkpt lat="47.6745216362178325653076171875" lon="-122.33531721867620944976806640625">
        <ele>44.200000762939453125</ele>
        <time>2026-08-03T16:15:57.000Z</time>
        <extensions>
          <ns3:TrackPointExtension>
            <ns3:atemp>23.0</ns3:atemp>
            <ns3:hr>128</ns3:hr>
            <ns3:cad>97</ns3:cad>
          </ns3:TrackPointExtension>
        </extensions>
      </trkpt>
      <trkpt lat="47.67456647939980030059814453125" lon="-122.33527489006519317626953125">
        <ele>44.40000152587890625</ele>
        <time>2026-08-03T16:15:59.000Z</time>
        <extensions>
          <ns3:TrackPointExtension>
            <ns3:atemp>23.0</ns3:atemp>
            <ns3:hr>129</ns3:hr>
            <ns3:cad>96</ns3:cad>
          </ns3:TrackPointExtension>
        </extensions>
      </trkpt>
      <trkpt lat="47.6747241429984569549560546875" lon="-122.3351253569126129150390625">
        <ele>44.200000762939453125</ele>
        <time>2026-08-03T16:16:05.000Z</time>
        <extensions>
          <ns3:TrackPointExtension>
            <ns3:atemp>23.0</ns3:atemp>
            <ns3:hr>131</ns3:hr>
            <ns3:cad>96</ns3:cad>
          </ns3:TrackPointExtension>
        </extensions>
      </trkpt>
      <trkpt lat="47.67480854876339435577392578125" lon="-122.3350266180932521820068359375">
        <ele>44</ele>
        <time>2026-08-03T16:16:06.000Z</time>
        <extensions>
          <ns3:TrackPointExtension>
            <ns3:atemp>23.0</ns3:atemp>
            <ns3:hr>130</ns3:hr>
            <ns3:cad>96</ns3:cad>
          </ns3:TrackPointExtension>
        </extensions>
      </trkpt>
      <trkpt lat="47.674964368343353271484375" lon="-122.33481329865753650665283203125">
        <ele>43.799999237060546875</ele>
        <time>2026-08-03T16:16:14.000Z</time>
        <extensions>
          <ns3:TrackPointExtension>
            <ns3:atemp>23.0</ns3:atemp>
            <ns3:hr>131</ns3:hr>
            <ns3:cad>96</ns3:cad>
          </ns3:TrackPointExtension>
        </extensions>
      </trkpt>
      <trkpt lat="47.675018347799777984619140625" lon="-122.33473584987223148345947265625">
        <ele>43.59999847412109375</ele>
        <time>2026-08-03T16:16:16.000Z</time>
        <extensions>
          <ns3:TrackPointExtension>
            <ns3:atemp>23.0</ns3:atemp>
            <ns3:hr>131</ns3:hr>
            <ns3:cad>96</ns3:cad>
          </ns3:TrackPointExtension>
        </extensions>
      </trkpt>
      <trkpt lat="47.675151117146015167236328125" lon="-122.3345300741493701934814453125">
        <ele>43.799999237060546875</ele>
        <time>2026-08-03T16:16:22.000Z</time>
        <extensions>
          <ns3:TrackPointExtension>
            <ns3:atemp>23.0</ns3:atemp>
            <ns3:hr>131</ns3:hr>
            <ns3:cad>96</ns3:cad>
          </ns3:TrackPointExtension>
        </extensions>
      </trkpt>
      <trkpt lat="47.67519973218441009521484375" lon="-122.33447156846523284912109375">
        <ele>44.200000762939453125</ele>
        <time>2026-08-03T16:16:24.000Z</time>
        <extensions>
          <ns3:TrackPointExtension>
            <ns3:atemp>23.0</ns3:atemp>
            <ns3:hr>132</ns3:hr>
            <ns3:cad>95</ns3:cad>
          </ns3:TrackPointExtension>
        </extensions>
      </trkpt>
      <trkpt lat="47.675304673612117767333984375" lon="-122.33434952795505523681640625">
        <ele>44.200000762939453125</ele>
        <time>2026-08-03T16:16:28.000Z</time>
        <extensions>
          <ns3:TrackPointExtension>
            <ns3:atemp>23.0</ns3:atemp>
            <ns3:hr>129</ns3:hr>
            <ns3:cad>96</ns3:cad>
          </ns3:TrackPointExtension>
        </extensions>
      </trkpt>
      <trkpt lat="47.67534147016704082489013671875" lon="-122.33427652157843112945556640625">
        <ele>44</ele>
        <time>2026-08-03T16:16:30.000Z</time>
        <extensions>
          <ns3:TrackPointExtension>
            <ns3:atemp>23.0</ns3:atemp>
            <ns3:hr>129</ns3:hr>
            <ns3:cad>96</ns3:cad>
          </ns3:TrackPointExtension>
        </extensions>
      </trkpt>
      <trkpt lat="47.67543174326419830322265625" lon="-122.3341093026101589202880859375">
        <ele>44</ele>
        <time>2026-08-03T16:16:35.000Z</time>
        <extensions>
          <ns3:TrackPointExtension>
            <ns3:atemp>23.0</ns3:atemp>
            <ns3:hr>129</ns3:hr>
            <ns3:cad>96</ns3:cad>
          </ns3:TrackPointExtension>
        </extensions>
      </trkpt>
      <trkpt lat="47.67553207464516162872314453125" lon="-122.333883158862590789794921875">
        <ele>43.40000152587890625</ele>
        <time>2026-08-03T16:16:41.000Z</time>
        <extensions>
          <ns3:TrackPointExtension>
            <ns3:atemp>23.0</ns3:atemp>
            <ns3:hr>130</ns3:hr>
            <ns3:cad>94</ns3:cad>
          </ns3:TrackPointExtension>
        </extensions>
      </trkpt>
      <trkpt lat="47.67554716207087039947509765625" lon="-122.333845607936382293701171875">
        <ele>43.799999237060546875</ele>
        <time>2026-08-03T16:16:42.000Z</time>
        <extensions>
          <ns3:TrackPointExtension>
            <ns3:atemp>23.0</ns3:atemp>
            <ns3:hr>130</ns3:hr>
            <ns3:cad>94</ns3:cad>
          </ns3:TrackPointExtension>
        </extensions>
      </trkpt>
      <trkpt lat="47.6756609044969081878662109375" lon="-122.3336989246308803558349609375">
        <ele>44</ele>
        <time>2026-08-03T16:16:47.000Z</time>
        <extensions>
          <ns3:TrackPointExtension>
            <ns3:atemp>23.0</ns3:atemp>
            <ns3:hr>130</ns3:hr>
            <ns3:cad>94</ns3:cad>
          </ns3:TrackPointExtension>
        </extensions>
      </trkpt>
      <trkpt lat="47.6757712103426456451416015625" lon="-122.33355416916310787200927734375">
        <ele>44</ele>
        <time>2026-08-03T16:16:52.000Z</time>
        <extensions>
          <ns3:TrackPointExtension>
            <ns3:atemp>23.0</ns3:atemp>
            <ns3:hr>130</ns3:hr>
            <ns3:cad>95</ns3:cad>
          </ns3:TrackPointExtension>
        </extensions>
      </trkpt>
      <trkpt lat="47.67592728137969970703125" lon="-122.33340497128665447235107421875">
        <ele>44</ele>
        <time>2026-08-03T16:16:58.000Z</time>
        <extensions>
          <ns3:TrackPointExtension>
            <ns3:atemp>23.0</ns3:atemp>
            <ns3:hr>131</ns3:hr>
            <ns3:cad>96</ns3:cad>
          </ns3:TrackPointExtension>
        </extensions>
      </trkpt>
      <trkpt lat="47.6759499125182628631591796875" lon="-122.33337949030101299285888671875">
        <ele>44</ele>
        <time>2026-08-03T16:16:59.000Z</time>
        <extensions>
          <ns3:TrackPointExtension>
            <ns3:atemp>23.0</ns3:atemp>
            <ns3:hr>130</ns3:hr>
            <ns3:cad>96</ns3:cad>
          </ns3:TrackPointExtension>
        </extensions>
      </trkpt>
      <trkpt lat="47.67612366937100887298583984375" lon="-122.33323314227163791656494140625">
        <ele>44.200000762939453125</ele>
        <time>2026-08-03T16:17:06.000Z</time>
        <extensions>
          <ns3:TrackPointExtension>
            <ns3:atemp>23.0</ns3:atemp>
            <ns3:hr>131</ns3:hr>
            <ns3:cad>96</ns3:cad>
          </ns3:TrackPointExtension>
        </extensions>
      </trkpt>
      <trkpt lat="47.6761460490524768829345703125" lon="-122.33321771956980228424072265625">
        <ele>44.200000762939453125</ele>
        <time>2026-08-03T16:17:07.000Z</time>
        <extensions>
          <ns3:TrackPointExtension>
            <ns3:atemp>23.0</ns3:atemp>
            <ns3:hr>131</ns3:hr>
            <ns3:cad>96</ns3:cad>
          </ns3:TrackPointExtension>
        </extensions>
      </trkpt>
      <trkpt lat="47.67630522139370441436767578125" lon="-122.33309282921254634857177734375">
        <ele>44.40000152587890625</ele>
        <time>2026-08-03T16:17:14.000Z</time>
        <extensions>
          <ns3:TrackPointExtension>
            <ns3:atemp>23.0</ns3:atemp>
            <ns3:hr>130</ns3:hr>
            <ns3:cad>97</ns3:cad>
          </ns3:TrackPointExtension>
        </extensions>
      </trkpt>
      <trkpt lat="47.67633556388318538665771484375" lon="-122.3330841958522796630859375">
        <ele>44.40000152587890625</ele>
        <time>2026-08-03T16:17:15.000Z</time>
        <extensions>
          <ns3:TrackPointExtension>
            <ns3:atemp>23.0</ns3:atemp>
            <ns3:hr>132</ns3:hr>
            <ns3:cad>97</ns3:cad>
          </ns3:TrackPointExtension>
        </extensions>
      </trkpt>
      <trkpt lat="47.67650202848017215728759765625" lon="-122.3329847864806652069091796875">
        <ele>44.200000762939453125</ele>
        <time>2026-08-03T16:17:22.000Z</time>
        <extensions>
          <ns3:TrackPointExtension>
            <ns3:atemp>23.0</ns3:atemp>
            <ns3:hr>130</ns3:hr>
            <ns3:cad>96</ns3:cad>
          </ns3:TrackPointExtension>
        </extensions>
      </trkpt>
      <trkpt lat="47.67670176923274993896484375" lon="-122.33291194774210453033447265625">
        <ele>44.40000152587890625</ele>
        <time>2026-08-03T16:17:29.000Z</time>
        <extensions>
          <ns3:TrackPointExtension>
            <ns3:atemp>23.0</ns3:atemp>
            <ns3:hr>130</ns3:hr>
            <ns3:cad>96</ns3:cad>
          </ns3:TrackPointExtension>
        </extensions>
      </trkpt>
      <trkpt lat="47.67672800458967685699462890625" lon="-122.33289937488734722137451171875">
        <ele>44.40000152587890625</ele>
        <time>2026-08-03T16:17:30.000Z</time>
        <extensions>
          <ns3:TrackPointExtension>
            <ns3:atemp>23.0</ns3:atemp>
            <ns3:hr>130</ns3:hr>
            <ns3:cad>96</ns3:cad>
          </ns3:TrackPointExtension>
        </extensions>
      </trkpt>
      <trkpt lat="47.67692296765744686126708984375" lon="-122.3328536935150623321533203125">
        <ele>43.59999847412109375</ele>
        <time>2026-08-03T16:17:37.000Z</time>
        <extensions>
          <ns3:TrackPointExtension>
            <ns3:atemp>23.0</ns3:atemp>
            <ns3:hr>130</ns3:hr>
            <ns3:cad>96</ns3:cad>
          </ns3:TrackPointExtension>
        </extensions>
      </trkpt>
      <trkpt lat="47.6771143265068531036376953125" lon="-122.3327950201928615570068359375">
        <ele>43.799999237060546875</ele>
        <time>2026-08-03T16:17:44.000Z</time>
        <extensions>
          <ns3:TrackPointExtension>
            <ns3:atemp>23.0</ns3:atemp>
            <ns3:hr>129</ns3:hr>
            <ns3:cad>95</ns3:cad>
          </ns3:TrackPointExtension>
        </extensions>
      </trkpt>
      <trkpt lat="47.6771382987499237060546875" lon="-122.33278538100421428680419921875">
        <ele>43.799999237060546875</ele>
        <time>2026-08-03T16:17:45.000Z</time>
        <extensions>
          <ns3:TrackPointExtension>
            <ns3:atemp>23.0</ns3:atemp>
            <ns3:hr>130</ns3:hr>
            <ns3:cad>95</ns3:cad>
          </ns3:TrackPointExtension>
        </extensions>
      </trkpt>
      <trkpt lat="47.67733267508447170257568359375" lon="-122.3327135480940341949462890625">
        <ele>43.59999847412109375</ele>
        <time>2026-08-03T16:17:52.000Z</time>
        <extensions>
          <ns3:TrackPointExtension>
            <ns3:atemp>23.0</ns3:atemp>
            <ns3:hr>129</ns3:hr>
            <ns3:cad>96</ns3:cad>
          </ns3:TrackPointExtension>
        </extensions>
      </trkpt>
      <trkpt lat="47.6775019057095050811767578125" lon="-122.332666106522083282470703125">
        <ele>43.799999237060546875</ele>
        <time>2026-08-03T16:17:58.000Z</time>
        <extensions>
          <ns3:TrackPointExtension>
            <ns3:atemp>23.0</ns3:atemp>
            <ns3:hr>129</ns3:hr>
            <ns3:cad>96</ns3:cad>
          </ns3:TrackPointExtension>
        </extensions>
      </trkpt>
      <trkpt lat="47.67769041471183300018310546875" lon="-122.33257818035781383514404296875">
        <ele>43.59999847412109375</ele>
        <time>2026-08-03T16:18:05.000Z</time>
        <extensions>
          <ns3:TrackPointExtension>
            <ns3:atemp>23.0</ns3:atemp>
            <ns3:hr>127</ns3:hr>
            <ns3:cad>98</ns3:cad>
          </ns3:TrackPointExtension>
        </extensions>
      </trkpt>
      <trkpt lat="47.67771841026842594146728515625" lon="-122.332566194236278533935546875">
        <ele>43.59999847412109375</ele>
        <time>2026-08-03T16:18:06.000Z</time>
        <extensions>
          <ns3:TrackPointExtension>
            <ns3:atemp>23.0</ns3:atemp>
            <ns3:hr>127</ns3:hr>
            <ns3:cad>97</ns3:cad>
          </ns3:TrackPointExtension>
        </extensions>
      </trkpt>
      <trkpt lat="47.67778730951249599456787109375" lon="-122.332536019384860992431640625">
        <ele>43.59999847412109375</ele>
        <time>2026-08-03T16:18:09.000Z</time>
        <extensions>
          <ns3:TrackPointExtension>
            <ns3:atemp>23.0</ns3:atemp>
            <ns3:hr>126</ns3:hr>
            <ns3:cad>96</ns3:cad>
          </ns3:TrackPointExtension>
        </extensions>
      </trkpt>
      <trkpt lat="47.6778589747846126556396484375" lon="-122.3324744962155818939208984375">
        <ele>43.799999237060546875</ele>
        <time>2026-08-03T16:18:12.000Z</time>
        <extensions>
          <ns3:TrackPointExtension>
            <ns3:atemp>23.0</ns3:atemp>
            <ns3:hr>125</ns3:hr>
            <ns3:cad>97</ns3:cad>
          </ns3:TrackPointExtension>
        </extensions>
      </trkpt>
      <trkpt lat="47.67803809605538845062255859375" lon="-122.3323363624513149261474609375">
        <ele>43.59999847412109375</ele>
        <time>2026-08-03T16:18:18.000Z</time>
        <extensions>
          <ns3:TrackPointExtension>
            <ns3:atemp>23.0</ns3:atemp>
            <ns3:hr>125</ns3:hr>
            <ns3:cad>96</ns3:cad>
          </ns3:TrackPointExtension>
        </extensions>
      </trkpt>
      <trkpt lat="47.67808486707508563995361328125" lon="-122.3322820477187633514404296875">
        <ele>43.59999847412109375</ele>
        <time>2026-08-03T16:18:20.000Z</time>
        <extensions>
          <ns3:TrackPointExtension>
            <ns3:atemp>23.0</ns3:atemp>
            <ns3:hr>125</ns3:hr>
            <ns3:cad>95</ns3:cad>
          </ns3:TrackPointExtension>
        </extensions>
      </trkpt>
      <trkpt lat="47.6782170496881008148193359375" lon="-122.33214198611676692962646484375">
        <ele>43.40000152587890625</ele>
        <time>2026-08-03T16:18:25.000Z</time>
        <extensions>
          <ns3:TrackPointExtension>
            <ns3:atemp>23.0</ns3:atemp>
            <ns3:hr>125</ns3:hr>
            <ns3:cad>94</ns3:cad>
          </ns3:TrackPointExtension>
        </extensions>
      </trkpt>
      <trkpt lat="47.67830329947173595428466796875" lon="-122.332023717463016510009765625">
        <ele>43.40000152587890625</ele>
        <time>2026-08-03T16:18:27.000Z</time>
        <extensions>
          <ns3:TrackPointExtension>
            <ns3:atemp>23.0</ns3:atemp>
            <ns3:hr>125</ns3:hr>
            <ns3:cad>97</ns3:cad>
          </ns3:TrackPointExtension>
        </extensions>
      </trkpt>
      <trkpt lat="47.67844109795987606048583984375" lon="-122.331806123256683349609375">
        <ele>43.59999847412109375</ele>
        <time>2026-08-03T16:18:36.000Z</time>
        <extensions>
          <ns3:TrackPointExtension>
            <ns3:atemp>23.0</ns3:atemp>
            <ns3:hr>124</ns3:hr>
            <ns3:cad>96</ns3:cad>
          </ns3:TrackPointExtension>
        </extensions>
      </trkpt>
      <trkpt lat="47.678573615849018096923828125" lon="-122.3315930552780628204345703125">
        <ele>43.40000152587890625</ele>
        <time>2026-08-03T16:18:43.000Z</time>
        <extensions>
          <ns3:TrackPointExtension>
            <ns3:atemp>23.0</ns3:atemp>
            <ns3:hr>123</ns3:hr>
            <ns3:cad>96</ns3:cad>
          </ns3:TrackPointExtension>
        </extensions>
      </trkpt>
      <trkpt lat="47.67869054339826107025146484375" lon="-122.33137990348041057586669921875">
        <ele>43.59999847412109375</ele>
        <time>2026-08-03T16:18:49.000Z</time>
        <extensions>
          <ns3:TrackPointExtension>
            <ns3:atemp>23.0</ns3:atemp>
            <ns3:hr>122</ns3:hr>
            <ns3:cad>96</ns3:cad>
          </ns3:TrackPointExtension>
        </extensions>
      </trkpt>
      <trkpt lat="47.67872222699224948883056640625" lon="-122.3313472978770732879638671875">
        <ele>43.59999847412109375</ele>
        <time>2026-08-03T16:18:50.000Z</time>
        <extensions>
          <ns3:TrackPointExtension>
            <ns3:atemp>23.0</ns3:atemp>
            <ns3:hr>122</ns3:hr>
            <ns3:cad>96</ns3:cad>
          </ns3:TrackPointExtension>
        </extensions>
      </trkpt>
      <trkpt lat="47.67884896136820316314697265625" lon="-122.3311183042824268341064453125">
        <ele>43.40000152587890625</ele>
        <time>2026-08-03T16:18:56.000Z</time>
        <extensions>
          <ns3:TrackPointExtension>
            <ns3:atemp>23.0</ns3:atemp>
            <ns3:hr>122</ns3:hr>
            <ns3:cad>97</ns3:cad>
          </ns3:TrackPointExtension>
        </extensions>
      </trkpt>
      <trkpt lat="47.6788736879825592041015625" lon="-122.331026606261730194091796875">
        <ele>43.200000762939453125</ele>
        <time>2026-08-03T16:18:58.000Z</time>
        <extensions>
          <ns3:TrackPointExtension>
            <ns3:atemp>23.0</ns3:atemp>
            <ns3:hr>122</ns3:hr>
            <ns3:cad>97</ns3:cad>
          </ns3:TrackPointExtension>
        </extensions>
      </trkpt>
      <trkpt lat="47.67890059389173984527587890625" lon="-122.330846898257732391357421875">
        <ele>42.799999237060546875</ele>
        <time>2026-08-03T16:19:02.000Z</time>
        <extensions>
          <ns3:TrackPointExtension>
            <ns3:atemp>23.0</ns3:atemp>
            <ns3:hr>122</ns3:hr>
            <ns3:cad>97</ns3:cad>
          </ns3:TrackPointExtension>
        </extensions>
      </trkpt>
      <trkpt lat="47.6789013482630252838134765625" lon="-122.3306294716894626617431640625">
        <ele>43</ele>
        <time>2026-08-03T16:19:07.000Z</time>
        <extensions>
          <ns3:TrackPointExtension>
            <ns3:atemp>23.0</ns3:atemp>
            <ns3:hr>122</ns3:hr>
            <ns3:cad>96</ns3:cad>
          </ns3:TrackPointExtension>
        </extensions>
      </trkpt>
      <trkpt lat="47.67886362969875335693359375" lon="-122.33038530685007572174072265625">
        <ele>43.200000762939453125</ele>
        <time>2026-08-03T16:19:13.000Z</time>
        <extensions>
          <ns3:TrackPointExtension>
            <ns3:atemp>23.0</ns3:atemp>
            <ns3:hr>123</ns3:hr>
            <ns3:cad>95</ns3:cad>
          </ns3:TrackPointExtension>
        </extensions>
      </trkpt>
      <trkpt lat="47.6788259111344814300537109375" lon="-122.33016737736761569976806640625">
        <ele>43.200000762939453125</ele>
        <time>2026-08-03T16:19:18.000Z</time>
        <extensions>
          <ns3:TrackPointExtension>
            <ns3:atemp>23.0</ns3:atemp>
            <ns3:hr>125</ns3:hr>
            <ns3:cad>95</ns3:cad>
          </ns3:TrackPointExtension>
        </extensions>
      </trkpt>
      <trkpt lat="47.67883454449474811553955078125" lon="-122.32998381368815898895263671875">
        <ele>43.40000152587890625</ele>
        <time>2026-08-03T16:19:22.000Z</time>
        <extensions>
          <ns3:TrackPointExtension>
            <ns3:atemp>23.0</ns3:atemp>
            <ns3:hr>124</ns3:hr>
            <ns3:cad>94</ns3:cad>
          </ns3:TrackPointExtension>
        </extensions>
      </trkpt>
      <trkpt lat="47.6788549125194549560546875" lon="-122.32989530079066753387451171875">
        <ele>43.200000762939453125</ele>
        <time>2026-08-03T16:19:24.000Z</time>
        <extensions>
          <ns3:TrackPointExtension>
            <ns3:atemp>23.0</ns3:atemp>
            <ns3:hr>127</ns3:hr>
            <ns3:cad>94</ns3:cad>
          </ns3:TrackPointExtension>
        </extensions>
      </trkpt>
      <trkpt lat="47.67888466827571392059326171875" lon="-122.329784072935581207275390625">
        <ele>42.799999237060546875</ele>
        <time>2026-08-03T16:19:27.000Z</time>
        <extensions>
          <ns3:TrackPointExtension>
            <ns3:atemp>23.0</ns3:atemp>
            <ns3:hr>128</ns3:hr>
            <ns3:cad>97</ns3:cad>
          </ns3:TrackPointExtension>
        </extensions>
      </trkpt>
      <trkpt lat="47.6789010129868984222412109375" lon="-122.3297555744647979736328125">
        <ele>42.59999847412109375</ele>
        <time>2026-08-03T16:19:28.000Z</time>
        <extensions>
          <ns3:TrackPointExtension>
            <ns3:atemp>23.0</ns3:atemp>
            <ns3:hr>128</ns3:hr>
            <ns3:cad>97</ns3:cad>
          </ns3:TrackPointExtension>
        </extensions>
      </trkpt>
      <trkpt lat="47.67895373515784740447998046875" lon="-122.32964535243809223175048828125">
        <ele>42.799999237060546875</ele>
        <time>2026-08-03T16:19:32.000Z</time>
        <extensions>
          <ns3:TrackPointExtension>
            <ns3:atemp>23.0</ns3:atemp>
            <ns3:hr>129</ns3:hr>
            <ns3:cad>97</ns3:cad>
          </ns3:TrackPointExtension>
        </extensions>
      </trkpt>
      <trkpt lat="47.67902799881994724273681640625" lon="-122.32955466024577617645263671875">
        <ele>43.200000762939453125</ele>
        <time>2026-08-03T16:19:36.000Z</time>
        <extensions>
          <ns3:TrackPointExtension>
            <ns3:atemp>23.0</ns3:atemp>
            <ns3:hr>130</ns3:hr>
            <ns3:cad>96</ns3:cad>
          </ns3:TrackPointExtension>
        </extensions>
      </trkpt>
      <trkpt lat="47.6790579222142696380615234375" lon="-122.32951610349118709564208984375">
        <ele>43.200000762939453125</ele>
        <time>2026-08-03T16:19:38.000Z</time>
        <extensions>
          <ns3:TrackPointExtension>
            <ns3:atemp>23.0</ns3:atemp>
            <ns3:hr>130</ns3:hr>
            <ns3:cad>96</ns3:cad>
          </ns3:TrackPointExtension>
        </extensions>
      </trkpt>
      <trkpt lat="47.679132521152496337890625" lon="-122.32948022894561290740966796875">
        <ele>43</ele>
        <time>2026-08-03T16:19:41.000Z</time>
        <extensions>
          <ns3:TrackPointExtension>
            <ns3:atemp>23.0</ns3:atemp>
            <ns3:hr>130</ns3:hr>
            <ns3:cad>97</ns3:cad>
          </ns3:TrackPointExtension>
        </extensions>
      </trkpt>
      <trkpt lat="47.6791792921721935272216796875" lon="-122.3294489644467830657958984375">
        <ele>43</ele>
        <time>2026-08-03T16:19:43.000Z</time>
        <extensions>
          <ns3:TrackPointExtension>
            <ns3:atemp>23.0</ns3:atemp>
            <ns3:hr>129</ns3:hr>
            <ns3:cad>97</ns3:cad>
          </ns3:TrackPointExtension>
        </extensions>
      </trkpt>
      <trkpt lat="47.67924609594047069549560546875" lon="-122.32939339242875576019287109375">
        <ele>43.200000762939453125</ele>
        <time>2026-08-03T16:19:46.000Z</time>
        <extensions>
          <ns3:TrackPointExtension>
            <ns3:atemp>23.0</ns3:atemp>
            <ns3:hr>129</ns3:hr>
            <ns3:cad>96</ns3:cad>
          </ns3:TrackPointExtension>
        </extensions>
      </trkpt>
      <trkpt lat="47.6794558949768543243408203125" lon="-122.329322397708892822265625">
        <ele>43.200000762939453125</ele>
        <time>2026-08-03T16:19:52.000Z</time>
        <extensions>
          <ns3:TrackPointExtension>
            <ns3:atemp>23.0</ns3:atemp>
            <ns3:hr>127</ns3:hr>
            <ns3:cad>96</ns3:cad>
          </ns3:TrackPointExtension>
        </extensions>
      </trkpt>
      <trkpt lat="47.6794558949768543243408203125" lon="-122.329322397708892822265625">
        <ele>43</ele>
        <time>2026-08-03T16:19:54.000Z</time>
        <extensions>
          <ns3:TrackPointExtension>
            <ns3:atemp>23.0</ns3:atemp>
            <ns3:hr>126</ns3:hr>
            <ns3:cad>96</ns3:cad>
          </ns3:TrackPointExtension>
        </extensions>
      </trkpt>
      <trkpt lat="47.6795444078743457794189453125" lon="-122.32930320315062999725341796875">
        <ele>43.200000762939453125</ele>
        <time>2026-08-03T16:19:57.000Z</time>
        <extensions>
          <ns3:TrackPointExtension>
            <ns3:atemp>23.0</ns3:atemp>
            <ns3:hr>129</ns3:hr>
            <ns3:cad>97</ns3:cad>
          </ns3:TrackPointExtension>
        </extensions>
      </trkpt>
      <trkpt lat="47.679653204977512359619140625" lon="-122.3292923904955387115478515625">
        <ele>43.40000152587890625</ele>
        <time>2026-08-03T16:20:01.000Z</time>
        <extensions>
          <ns3:TrackPointExtension>
            <ns3:atemp>23.0</ns3:atemp>
            <ns3:hr>128</ns3:hr>
            <ns3:cad>96</ns3:cad>
          </ns3:TrackPointExtension>
        </extensions>
      </trkpt>
      <trkpt lat="47.6798495091497898101806640625" lon="-122.32927604578435420989990234375">
        <ele>43.200000762939453125</ele>
        <time>2026-08-03T16:20:07.000Z</time>
        <extensions>
          <ns3:TrackPointExtension>
            <ns3:atemp>23.0</ns3:atemp>
            <ns3:hr>129</ns3:hr>
            <ns3:cad>97</ns3:cad>
          </ns3:TrackPointExtension>
        </extensions>
      </trkpt>
      <trkpt lat="47.68004111945629119873046875" lon="-122.32928023673593997955322265625">
        <ele>43</ele>
        <time>2026-08-03T16:20:13.000Z</time>
        <extensions>
          <ns3:TrackPointExtension>
            <ns3:atemp>23.0</ns3:atemp>
            <ns3:hr>131</ns3:hr>
            <ns3:cad>97</ns3:cad>
          </ns3:TrackPointExtension>
        </extensions>
      </trkpt>
      <trkpt lat="47.68010021187365055084228515625" lon="-122.3292887024581432342529296875">
        <ele>43</ele>
        <time>2026-08-03T16:20:16.000Z</time>
        <extensions>
          <ns3:TrackPointExtension>
            <ns3:atemp>23.0</ns3:atemp>
            <ns3:hr>132</ns3:hr>
            <ns3:cad>97</ns3:cad>
          </ns3:TrackPointExtension>
        </extensions>
      </trkpt>
      <trkpt lat="47.6801267825067043304443359375" lon="-122.329289875924587249755859375">
        <ele>43</ele>
        <time>2026-08-03T16:20:17.000Z</time>
        <extensions>
          <ns3:TrackPointExtension>
            <ns3:atemp>23.0</ns3:atemp>
            <ns3:hr>132</ns3:hr>
            <ns3:cad>97</ns3:cad>
          </ns3:TrackPointExtension>
        </extensions>
      </trkpt>
      <trkpt lat="47.68027581274509429931640625" lon="-122.32929264195263385772705078125">
        <ele>43.40000152587890625</ele>
        <time>2026-08-03T16:20:22.000Z</time>
        <extensions>
          <ns3:TrackPointExtension>
            <ns3:atemp>23.0</ns3:atemp>
            <ns3:hr>134</ns3:hr>
            <ns3:cad>97</ns3:cad>
          </ns3:TrackPointExtension>
        </extensions>
      </trkpt>
      <trkpt lat="47.68043129704892635345458984375" lon="-122.3292695917189121246337890625">
        <ele>43</ele>
        <time>2026-08-03T16:20:27.000Z</time>
        <extensions>
          <ns3:TrackPointExtension>
            <ns3:atemp>23.0</ns3:atemp>
            <ns3:hr>135</ns3:hr>
            <ns3:cad>97</ns3:cad>
          </ns3:TrackPointExtension>
        </extensions>
      </trkpt>
      <trkpt lat="47.68057982437312602996826171875" lon="-122.3292199708521366119384765625">
        <ele>42.799999237060546875</ele>
        <time>2026-08-03T16:20:33.000Z</time>
        <extensions>
          <ns3:TrackPointExtension>
            <ns3:atemp>23.0</ns3:atemp>
            <ns3:hr>133</ns3:hr>
            <ns3:cad>96</ns3:cad>
          </ns3:TrackPointExtension>
        </extensions>
      </trkpt>
      <trkpt lat="47.680779732763767242431640625" lon="-122.329205386340618133544921875">
        <ele>42.59999847412109375</ele>
        <time>2026-08-03T16:20:40.000Z</time>
        <extensions>
          <ns3:TrackPointExtension>
            <ns3:atemp>23.0</ns3:atemp>
            <ns3:hr>134</ns3:hr>
            <ns3:cad>96</ns3:cad>
          </ns3:TrackPointExtension>
        </extensions>
      </trkpt>
      <trkpt lat="47.68090822733938694000244140625" lon="-122.3291871137917041778564453125">
        <ele>42.799999237060546875</ele>
        <time>2026-08-03T16:20:44.000Z</time>
        <extensions>
          <ns3:TrackPointExtension>
            <ns3:atemp>22.0</ns3:atemp>
            <ns3:hr>137</ns3:hr>
            <ns3:cad>96</ns3:cad>
          </ns3:TrackPointExtension>
        </extensions>
      </trkpt>
      <trkpt lat="47.68101903609931468963623046875" lon="-122.32914763502776622772216796875">
        <ele>42.799999237060546875</ele>
        <time>2026-08-03T16:20:48.000Z</time>
        <extensions>
          <ns3:TrackPointExtension>
            <ns3:atemp>22.0</ns3:atemp>
            <ns3:hr>135</ns3:hr>
            <ns3:cad>96</ns3:cad>
          </ns3:TrackPointExtension>
        </extensions>
      </trkpt>
      <trkpt lat="47.681169323623180389404296875" lon="-122.329086028039455413818359375">
        <ele>42.59999847412109375</ele>
        <time>2026-08-03T16:20:54.000Z</time>
        <extensions>
          <ns3:TrackPointExtension>
            <ns3:atemp>22.0</ns3:atemp>
            <ns3:hr>136</ns3:hr>
            <ns3:cad>96</ns3:cad>
          </ns3:TrackPointExtension>
        </extensions>
      </trkpt>
      <trkpt lat="47.6812187768518924713134765625" lon="-122.32906867749989032745361328125">
        <ele>42.59999847412109375</ele>
        <time>2026-08-03T16:20:56.000Z</time>
        <extensions>
          <ns3:TrackPointExtension>
            <ns3:atemp>22.0</ns3:atemp>
            <ns3:hr>135</ns3:hr>
            <ns3:cad>96</ns3:cad>
          </ns3:TrackPointExtension>
        </extensions>
      </trkpt>
      <trkpt lat="47.68124568276107311248779296875" lon="-122.329063899815082550048828125">
        <ele>42.799999237060546875</ele>
        <time>2026-08-03T16:20:57.000Z</time>
        <extensions>
          <ns3:TrackPointExtension>
            <ns3:atemp>22.0</ns3:atemp>
            <ns3:hr>134</ns3:hr>
            <ns3:cad>96</ns3:cad>
          </ns3:TrackPointExtension>
        </extensions>
      </trkpt>
      <trkpt lat="47.6812878437340259552001953125" lon="-122.32905191369354724884033203125">
        <ele>43</ele>
        <time>2026-08-03T16:20:59.000Z</time>
        <extensions>
          <ns3:TrackPointExtension>
            <ns3:atemp>22.0</ns3:atemp>
            <ns3:hr>133</ns3:hr>
            <ns3:cad>95</ns3:cad>
          </ns3:TrackPointExtension>
        </extensions>
      </trkpt>
      <trkpt lat="47.68139437772333621978759765625" lon="-122.32902626506984233856201171875">
        <ele>43</ele>
        <time>2026-08-03T16:21:03.000Z</time>
        <extensions>
          <ns3:TrackPointExtension>
            <ns3:atemp>22.0</ns3:atemp>
            <ns3:hr>130</ns3:hr>
            <ns3:cad>96</ns3:cad>
          </ns3:TrackPointExtension>
        </extensions>
      </trkpt>
      <trkpt lat="47.6814816333353519439697265625" lon="-122.329037077724933624267578125">
        <ele>43</ele>
        <time>2026-08-03T16:21:07.000Z</time>
        <extensions>
          <ns3:TrackPointExtension>
            <ns3:atemp>22.0</ns3:atemp>
            <ns3:hr>131</ns3:hr>
            <ns3:cad>96</ns3:cad>
          </ns3:TrackPointExtension>
        </extensions>
      </trkpt>
      <trkpt lat="47.68164298497140407562255859375" lon="-122.3290573619306087493896484375">
        <ele>43</ele>
        <time>2026-08-03T16:21:12.000Z</time>
        <extensions>
          <ns3:TrackPointExtension>
            <ns3:atemp>22.0</ns3:atemp>
            <ns3:hr>130</ns3:hr>
            <ns3:cad>97</ns3:cad>
          </ns3:TrackPointExtension>
        </extensions>
      </trkpt>
      <trkpt lat="47.6817632652819156646728515625" lon="-122.32918568886816501617431640625">
        <ele>43.200000762939453125</ele>
        <time>2026-08-03T16:21:16.000Z</time>
        <extensions>
          <ns3:TrackPointExtension>
            <ns3:atemp>22.0</ns3:atemp>
            <ns3:hr>130</ns3:hr>
            <ns3:cad>95</ns3:cad>
          </ns3:TrackPointExtension>
        </extensions>
      </trkpt>
      <trkpt lat="47.68179134465754032135009765625" lon="-122.329215109348297119140625">
        <ele>43.200000762939453125</ele>
        <time>2026-08-03T16:21:17.000Z</time>
        <extensions>
          <ns3:TrackPointExtension>
            <ns3:atemp>22.0</ns3:atemp>
            <ns3:hr>130</ns3:hr>
            <ns3:cad>95</ns3:cad>
          </ns3:TrackPointExtension>
        </extensions>
      </trkpt>
      <trkpt lat="47.68184783868491649627685546875" lon="-122.3292749561369419097900390625">
        <ele>43.200000762939453125</ele>
        <time>2026-08-03T16:21:20.000Z</time>
        <extensions>
          <ns3:TrackPointExtension>
            <ns3:atemp>22.0</ns3:atemp>
            <ns3:hr>127</ns3:hr>
            <ns3:cad>95</ns3:cad>
          </ns3:TrackPointExtension>
        </extensions>
      </trkpt>
      <trkpt lat="47.68189444206655025482177734375" lon="-122.32936598360538482666015625">
        <ele>43</ele>
        <time>2026-08-03T16:21:23.000Z</time>
        <extensions>
          <ns3:TrackPointExtension>
            <ns3:atemp>22.0</ns3:atemp>
            <ns3:hr>130</ns3:hr>
            <ns3:cad>95</ns3:cad>
          </ns3:TrackPointExtension>
        </extensions>
      </trkpt>
      <trkpt lat="47.68190927803516387939453125" lon="-122.329415939748287200927734375">
        <ele>42.799999237060546875</ele>
        <time>2026-08-03T16:21:25.000Z</time>
        <extensions>
          <ns3:TrackPointExtension>
            <ns3:atemp>22.0</ns3:atemp>
            <ns3:hr>128</ns3:hr>
            <ns3:cad>95</ns3:cad>
          </ns3:TrackPointExtension>
        </extensions>
      </trkpt>
      <trkpt lat="47.68194682896137237548828125" lon="-122.32946933247148990631103515625">
        <ele>43</ele>
        <time>2026-08-03T16:21:27.000Z</time>
        <extensions>
          <ns3:TrackPointExtension>
            <ns3:atemp>22.0</ns3:atemp>
            <ns3:hr>130</ns3:hr>
            <ns3:cad>96</ns3:cad>
          </ns3:TrackPointExtension>
        </extensions>
      </trkpt>
      <trkpt lat="47.6819607429206371307373046875" lon="-122.3294975794851779937744140625">
        <ele>43.200000762939453125</ele>
        <time>2026-08-03T16:21:28.000Z</time>
        <extensions>
          <ns3:TrackPointExtension>
            <ns3:atemp>22.0</ns3:atemp>
            <ns3:hr>129</ns3:hr>
            <ns3:cad>96</ns3:cad>
          </ns3:TrackPointExtension>
        </extensions>
      </trkpt>
      <trkpt lat="47.68199200741946697235107421875" lon="-122.3295998387038707733154296875">
        <ele>43.200000762939453125</ele>
        <time>2026-08-03T16:21:31.000Z</time>
        <extensions>
          <ns3:TrackPointExtension>
            <ns3:atemp>22.0</ns3:atemp>
            <ns3:hr>131</ns3:hr>
            <ns3:cad>96</ns3:cad>
          </ns3:TrackPointExtension>
        </extensions>
      </trkpt>
      <trkpt lat="47.68202905543148517608642578125" lon="-122.32975951395928859710693359375">
        <ele>43</ele>
        <time>2026-08-03T16:21:35.000Z</time>
        <extensions>
          <ns3:TrackPointExtension>
            <ns3:atemp>22.0</ns3:atemp>
            <ns3:hr>129</ns3:hr>
            <ns3:cad>96</ns3:cad>
          </ns3:TrackPointExtension>
        </extensions>
      </trkpt>
      <trkpt lat="47.68203894607722759246826171875" lon="-122.329961098730564117431640625">
        <ele>42.799999237060546875</ele>
        <time>2026-08-03T16:21:40.000Z</time>
        <extensions>
          <ns3:TrackPointExtension>
            <ns3:atemp>22.0</ns3:atemp>
            <ns3:hr>129</ns3:hr>
            <ns3:cad>95</ns3:cad>
          </ns3:TrackPointExtension>
        </extensions>
      </trkpt>
      <trkpt lat="47.6820355094969272613525390625" lon="-122.33005221001803874969482421875">
        <ele>42.799999237060546875</ele>
        <time>2026-08-03T16:21:42.000Z</time>
        <extensions>
          <ns3:TrackPointExtension>
            <ns3:atemp>22.0</ns3:atemp>
            <ns3:hr>130</ns3:hr>
            <ns3:cad>95</ns3:cad>
          </ns3:TrackPointExtension>
        </extensions>
      </trkpt>
      <trkpt lat="47.6820398680865764617919921875" lon="-122.33012110926210880279541015625">
        <ele>43</ele>
        <time>2026-08-03T16:21:44.000Z</time>
        <extensions>
          <ns3:TrackPointExtension>
            <ns3:atemp>22.0</ns3:atemp>
            <ns3:hr>130</ns3:hr>
            <ns3:cad>95</ns3:cad>
          </ns3:TrackPointExtension>
        </extensions>
      </trkpt>
      <trkpt lat="47.68197289668023586273193359375" lon="-122.33023745007812976837158203125">
        <ele>42.799999237060546875</ele>
        <time>2026-08-03T16:21:48.000Z</time>
        <extensions>
          <ns3:TrackPointExtension>
            <ns3:atemp>22.0</ns3:atemp>
            <ns3:hr>130</ns3:hr>
            <ns3:cad>96</ns3:cad>
          </ns3:TrackPointExtension>
        </extensions>
      </trkpt>
      <trkpt lat="47.68186124972999095916748046875" lon="-122.33043509535491466522216796875">
        <ele>42.40000152587890625</ele>
        <time>2026-08-03T16:21:55.000Z</time>
        <extensions>
          <ns3:TrackPointExtension>
            <ns3:atemp>22.0</ns3:atemp>
            <ns3:hr>130</ns3:hr>
            <ns3:cad>96</ns3:cad>
          </ns3:TrackPointExtension>
        </extensions>
      </trkpt>
      <trkpt lat="47.6817347668111324310302734375" lon="-122.33065436594188213348388671875">
        <ele>42.799999237060546875</ele>
        <time>2026-08-03T16:22:02.000Z</time>
        <extensions>
          <ns3:TrackPointExtension>
            <ns3:atemp>22.0</ns3:atemp>
            <ns3:hr>130</ns3:hr>
            <ns3:cad>95</ns3:cad>
          </ns3:TrackPointExtension>
        </extensions>
      </trkpt>
      <trkpt lat="47.68167793750762939453125" lon="-122.330921329557895660400390625">
        <ele>42.59999847412109375</ele>
        <time>2026-08-03T16:22:08.000Z</time>
        <extensions>
          <ns3:TrackPointExtension>
            <ns3:atemp>22.0</ns3:atemp>
            <ns3:hr>130</ns3:hr>
            <ns3:cad>95</ns3:cad>
          </ns3:TrackPointExtension>
        </extensions>
      </trkpt>
      <trkpt lat="47.68168288283050060272216796875" lon="-122.33113087713718414306640625">
        <ele>42.40000152587890625</ele>
        <time>2026-08-03T16:22:13.000Z</time>
        <extensions>
          <ns3:TrackPointExtension>
            <ns3:atemp>22.0</ns3:atemp>
            <ns3:hr>129</ns3:hr>
            <ns3:cad>95</ns3:cad>
          </ns3:TrackPointExtension>
        </extensions>
      </trkpt>
      <trkpt lat="47.681677602231502532958984375" lon="-122.33116976916790008544921875">
        <ele>42.40000152587890625</ele>
        <time>2026-08-03T16:22:14.000Z</time>
        <extensions>
          <ns3:TrackPointExtension>
            <ns3:atemp>22.0</ns3:atemp>
            <ns3:hr>130</ns3:hr>
            <ns3:cad>95</ns3:cad>
          </ns3:TrackPointExtension>
        </extensions>
      </trkpt>
      <trkpt lat="47.68166343681514263153076171875" lon="-122.33126096427440643310546875">
        <ele>42.40000152587890625</ele>
        <time>2026-08-03T16:22:16.000Z</time>
        <extensions>
          <ns3:TrackPointExtension>
            <ns3:atemp>22.0</ns3:atemp>
            <ns3:hr>131</ns3:hr>
            <ns3:cad>95</ns3:cad>
          </ns3:TrackPointExtension>
        </extensions>
      </trkpt>
      <trkpt lat="47.681727223098278045654296875" lon="-122.3314589448273181915283203125">
        <ele>42.40000152587890625</ele>
        <time>2026-08-03T16:22:21.000Z</time>
        <extensions>
          <ns3:TrackPointExtension>
            <ns3:atemp>22.0</ns3:atemp>
            <ns3:hr>130</ns3:hr>
            <ns3:cad>95</ns3:cad>
          </ns3:TrackPointExtension>
        </extensions>
      </trkpt>
      <trkpt lat="47.68174507655203342437744140625" lon="-122.33154050074517726898193359375">
        <ele>42.40000152587890625</ele>
        <time>2026-08-03T16:22:23.000Z</time>
        <extensions>
          <ns3:TrackPointExtension>
            <ns3:atemp>22.0</ns3:atemp>
            <ns3:hr>130</ns3:hr>
            <ns3:cad>94</ns3:cad>
          </ns3:TrackPointExtension>
        </extensions>
      </trkpt>
      <trkpt lat="47.6817763410508632659912109375" lon="-122.33162842690944671630859375">
        <ele>42.40000152587890625</ele>
        <time>2026-08-03T16:22:25.000Z</time>
        <extensions>
          <ns3:TrackPointExtension>
            <ns3:atemp>22.0</ns3:atemp>
            <ns3:hr>129</ns3:hr>
            <ns3:cad>94</ns3:cad>
          </ns3:TrackPointExtension>
        </extensions>
      </trkpt>
      <trkpt lat="47.68188245594501495361328125" lon="-122.331876866519451141357421875">
        <ele>42.59999847412109375</ele>
        <time>2026-08-03T16:22:32.000Z</time>
        <extensions>
          <ns3:TrackPointExtension>
            <ns3:atemp>22.0</ns3:atemp>
            <ns3:hr>129</ns3:hr>
            <ns3:cad>97</ns3:cad>
          </ns3:TrackPointExtension>
        </extensions>
      </trkpt>
      <trkpt lat="47.681894861161708831787109375" lon="-122.33191232196986675262451171875">
        <ele>42.59999847412109375</ele>
        <time>2026-08-03T16:22:33.000Z</time>
        <extensions>
          <ns3:TrackPointExtension>
            <ns3:atemp>22.0</ns3:atemp>
            <ns3:hr>129</ns3:hr>
            <ns3:cad>97</ns3:cad>
          </ns3:TrackPointExtension>
        </extensions>
      </trkpt>
      <trkpt lat="47.681969963014125823974609375" lon="-122.33215120621025562286376953125">
        <ele>43.200000762939453125</ele>
        <time>2026-08-03T16:22:40.000Z</time>
        <extensions>
          <ns3:TrackPointExtension>
            <ns3:atemp>22.0</ns3:atemp>
            <ns3:hr>130</ns3:hr>
            <ns3:cad>95</ns3:cad>
          </ns3:TrackPointExtension>
        </extensions>
      </trkpt>
      <trkpt lat="47.6820586435496807098388671875" lon="-122.332350276410579681396484375">
        <ele>42.40000152587890625</ele>
        <time>2026-08-03T16:22:46.000Z</time>
        <extensions>
          <ns3:TrackPointExtension>
            <ns3:atemp>22.0</ns3:atemp>
            <ns3:hr>132</ns3:hr>
            <ns3:cad>96</ns3:cad>
          </ns3:TrackPointExtension>
        </extensions>
      </trkpt>
      <trkpt lat="47.6821035705506801605224609375" lon="-122.3325475864112377166748046875">
        <ele>42.200000762939453125</ele>
        <time>2026-08-03T16:22:51.000Z</time>
        <extensions>
          <ns3:TrackPointExtension>
            <ns3:atemp>22.0</ns3:atemp>
            <ns3:hr>133</ns3:hr>
            <ns3:cad>95</ns3:cad>
          </ns3:TrackPointExtension>
        </extensions>
      </trkpt>
      <trkpt lat="47.68210801295936107635498046875" lon="-122.33258186839520931243896484375">
        <ele>42.200000762939453125</ele>
        <time>2026-08-03T16:22:52.000Z</time>
        <extensions>
          <ns3:TrackPointExtension>
            <ns3:atemp>22.0</ns3:atemp>
            <ns3:hr>133</ns3:hr>
            <ns3:cad>95</ns3:cad>
          </ns3:TrackPointExtension>
        </extensions>
      </trkpt>
      <trkpt lat="47.6821629144251346588134765625" lon="-122.3328396119177341461181640625">
        <ele>42.40000152587890625</ele>
        <time>2026-08-03T16:22:59.000Z</time>
        <extensions>
          <ns3:TrackPointExtension>
            <ns3:atemp>22.0</ns3:atemp>
            <ns3:hr>134</ns3:hr>
            <ns3:cad>95</ns3:cad>
          </ns3:TrackPointExtension>
        </extensions>
      </trkpt>
      <trkpt lat="47.68221479840576648712158203125" lon="-122.33305343426764011383056640625">
        <ele>42.59999847412109375</ele>
        <time>2026-08-03T16:23:04.000Z</time>
        <extensions>
          <ns3:TrackPointExtension>
            <ns3:atemp>22.0</ns3:atemp>
            <ns3:hr>134</ns3:hr>
            <ns3:cad>96</ns3:cad>
          </ns3:TrackPointExtension>
        </extensions>
      </trkpt>
      <trkpt lat="47.68225260078907012939453125" lon="-122.333231382071971893310546875">
        <ele>42.799999237060546875</ele>
        <time>2026-08-03T16:23:08.000Z</time>
        <extensions>
          <ns3:TrackPointExtension>
            <ns3:atemp>22.0</ns3:atemp>
            <ns3:hr>135</ns3:hr>
            <ns3:cad>95</ns3:cad>
          </ns3:TrackPointExtension>
        </extensions>
      </trkpt>
      <trkpt lat="47.6823023892939090728759765625" lon="-122.33349834568798542022705078125">
        <ele>42.799999237060546875</ele>
        <time>2026-08-03T16:23:15.000Z</time>
        <extensions>
          <ns3:TrackPointExtension>
            <ns3:atemp>22.0</ns3:atemp>
            <ns3:hr>135</ns3:hr>
            <ns3:cad>96</ns3:cad>
          </ns3:TrackPointExtension>
        </extensions>
      </trkpt>
      <trkpt lat="47.68232007510960102081298828125" lon="-122.3336204700171947479248046875">
        <ele>42.799999237060546875</ele>
        <time>2026-08-03T16:23:18.000Z</time>
        <extensions>
          <ns3:TrackPointExtension>
            <ns3:atemp>22.0</ns3:atemp>
            <ns3:hr>134</ns3:hr>
            <ns3:cad>96</ns3:cad>
          </ns3:TrackPointExtension>
        </extensions>
      </trkpt>
      <trkpt lat="47.6823446340858936309814453125" lon="-122.3336957395076751708984375">
        <ele>42.799999237060546875</ele>
        <time>2026-08-03T16:23:20.000Z</time>
        <extensions>
          <ns3:TrackPointExtension>
            <ns3:atemp>22.0</ns3:atemp>
            <ns3:hr>135</ns3:hr>
            <ns3:cad>95</ns3:cad>
          </ns3:TrackPointExtension>
        </extensions>
      </trkpt>
      <trkpt lat="47.68239903263747692108154296875" lon="-122.33389698900282382965087890625">
        <ele>42.799999237060546875</ele>
        <time>2026-08-03T16:23:25.000Z</time>
        <extensions>
          <ns3:TrackPointExtension>
            <ns3:atemp>22.0</ns3:atemp>
            <ns3:hr>134</ns3:hr>
            <ns3:cad>96</ns3:cad>
          </ns3:TrackPointExtension>
        </extensions>
      </trkpt>
      <trkpt lat="47.6824187301099300384521484375" lon="-122.3339242301881313323974609375">
        <ele>42.799999237060546875</ele>
        <time>2026-08-03T16:23:26.000Z</time>
        <extensions>
          <ns3:TrackPointExtension>
            <ns3:atemp>22.0</ns3:atemp>
            <ns3:hr>133</ns3:hr>
            <ns3:cad>96</ns3:cad>
          </ns3:TrackPointExtension>
        </extensions>
      </trkpt>
      <trkpt lat="47.68247111700475215911865234375" lon="-122.3340020142495632171630859375">
        <ele>43.200000762939453125</ele>
        <time>2026-08-03T16:23:29.000Z</time>
        <extensions>
          <ns3:TrackPointExtension>
            <ns3:atemp>22.0</ns3:atemp>
            <ns3:hr>130</ns3:hr>
            <ns3:cad>96</ns3:cad>
          </ns3:TrackPointExtension>
        </extensions>
      </trkpt>
      <trkpt lat="47.68249240703880786895751953125" lon="-122.334022633731365203857421875">
        <ele>43.200000762939453125</ele>
        <time>2026-08-03T16:23:30.000Z</time>
        <extensions>
          <ns3:TrackPointExtension>
            <ns3:atemp>22.0</ns3:atemp>
            <ns3:hr>133</ns3:hr>
            <ns3:cad>95</ns3:cad>
          </ns3:TrackPointExtension>
        </extensions>
      </trkpt>
      <trkpt lat="47.68251487053930759429931640625" lon="-122.33404576778411865234375">
        <ele>43.40000152587890625</ele>
        <time>2026-08-03T16:23:31.000Z</time>
        <extensions>
          <ns3:TrackPointExtension>
            <ns3:atemp>22.0</ns3:atemp>
            <ns3:hr>132</ns3:hr>
            <ns3:cad>94</ns3:cad>
          </ns3:TrackPointExtension>
        </extensions>
      </trkpt>
      <trkpt lat="47.682668678462505340576171875" lon="-122.3341525532305240631103515625">
        <ele>43.40000152587890625</ele>
        <time>2026-08-03T16:23:37.000Z</time>
        <extensions>
          <ns3:TrackPointExtension>
            <ns3:atemp>22.0</ns3:atemp>
            <ns3:hr>131</ns3:hr>
            <ns3:cad>95</ns3:cad>
          </ns3:TrackPointExtension>
        </extensions>
      </trkpt>
      <trkpt lat="47.68277353607118129730224609375" lon="-122.3342263139784336090087890625">
        <ele>43</ele>
        <time>2026-08-03T16:23:42.000Z</time>
        <extensions>
          <ns3:TrackPointExtension>
            <ns3:atemp>22.0</ns3:atemp>
            <ns3:hr>132</ns3:hr>
            <ns3:cad>96</ns3:cad>
          </ns3:TrackPointExtension>
        </extensions>
      </trkpt>
      <trkpt lat="47.682912088930606842041015625" lon="-122.33436419628560543060302734375">
        <ele>43</ele>
        <time>2026-08-03T16:23:49.000Z</time>
        <extensions>
          <ns3:TrackPointExtension>
            <ns3:atemp>22.0</ns3:atemp>
            <ns3:hr>135</ns3:hr>
            <ns3:cad>96</ns3:cad>
          </ns3:TrackPointExtension>
        </extensions>
      </trkpt>
      <trkpt lat="47.6829484663903713226318359375" lon="-122.334403507411479949951171875">
        <ele>43</ele>
        <time>2026-08-03T16:23:51.000Z</time>
        <extensions>
          <ns3:TrackPointExtension>
            <ns3:atemp>22.0</ns3:atemp>
            <ns3:hr>132</ns3:hr>
            <ns3:cad>95</ns3:cad>
          </ns3:TrackPointExtension>
        </extensions>
      </trkpt>
      <trkpt lat="47.68306774087250232696533203125" lon="-122.3345609195530414581298828125">
        <ele>42.59999847412109375</ele>
        <time>2026-08-03T16:23:56.000Z</time>
        <extensions>
          <ns3:TrackPointExtension>
            <ns3:atemp>22.0</ns3:atemp>
            <ns3:hr>132</ns3:hr>
            <ns3:cad>96</ns3:cad>
          </ns3:TrackPointExtension>
        </extensions>
      </trkpt>
      <trkpt lat="47.68324526958167552947998046875" lon="-122.3347332514822483062744140625">
        <ele>42.59999847412109375</ele>
        <time>2026-08-03T16:24:01.000Z</time>
        <extensions>
          <ns3:TrackPointExtension>
            <ns3:atemp>22.0</ns3:atemp>
            <ns3:hr>130</ns3:hr>
            <ns3:cad>96</ns3:cad>
          </ns3:TrackPointExtension>
        </extensions>
      </trkpt>
      <trkpt lat="47.68324526958167552947998046875" lon="-122.3347332514822483062744140625">
        <ele>42.799999237060546875</ele>
        <time>2026-08-03T16:24:02.000Z</time>
        <extensions>
          <ns3:TrackPointExtension>
            <ns3:atemp>22.0</ns3:atemp>
            <ns3:hr>130</ns3:hr>
            <ns3:cad>96</ns3:cad>
          </ns3:TrackPointExtension>
        </extensions>
      </trkpt>
      <trkpt lat="47.68335632979869842529296875" lon="-122.33486828394234180450439453125">
        <ele>42.799999237060546875</ele>
        <time>2026-08-03T16:24:07.000Z</time>
        <extensions>
          <ns3:TrackPointExtension>
            <ns3:atemp>22.0</ns3:atemp>
            <ns3:hr>132</ns3:hr>
            <ns3:cad>96</ns3:cad>
          </ns3:TrackPointExtension>
        </extensions>
      </trkpt>
      <trkpt lat="47.6834897696971893310546875" lon="-122.335034497082233428955078125">
        <ele>42.40000152587890625</ele>
        <time>2026-08-03T16:24:13.000Z</time>
        <extensions>
          <ns3:TrackPointExtension>
            <ns3:atemp>22.0</ns3:atemp>
            <ns3:hr>131</ns3:hr>
            <ns3:cad>95</ns3:cad>
          </ns3:TrackPointExtension>
        </extensions>
      </trkpt>
      <trkpt lat="47.6835139095783233642578125" lon="-122.3350541107356548309326171875">
        <ele>42.200000762939453125</ele>
        <time>2026-08-03T16:24:14.000Z</time>
        <extensions>
          <ns3:TrackPointExtension>
            <ns3:atemp>22.0</ns3:atemp>
            <ns3:hr>131</ns3:hr>
            <ns3:cad>95</ns3:cad>
          </ns3:TrackPointExtension>
        </extensions>
      </trkpt>
      <trkpt lat="47.6836391352117061614990234375" lon="-122.335168607532978057861328125">
        <ele>41.799999237060546875</ele>
        <time>2026-08-03T16:24:19.000Z</time>
        <extensions>
          <ns3:TrackPointExtension>
            <ns3:atemp>22.0</ns3:atemp>
            <ns3:hr>128</ns3:hr>
            <ns3:cad>95</ns3:cad>
          </ns3:TrackPointExtension>
        </extensions>
      </trkpt>
      <trkpt lat="47.68372781574726104736328125" lon="-122.33524932526051998138427734375">
        <ele>42</ele>
        <time>2026-08-03T16:24:22.000Z</time>
        <extensions>
          <ns3:TrackPointExtension>
            <ns3:atemp>22.0</ns3:atemp>
            <ns3:hr>131</ns3:hr>
            <ns3:cad>95</ns3:cad>
          </ns3:TrackPointExtension>
        </extensions>
      </trkpt>
      <trkpt lat="47.683788500726222991943359375" lon="-122.3352981917560100555419921875">
        <ele>42.40000152587890625</ele>
        <time>2026-08-03T16:24:25.000Z</time>
        <extensions>
          <ns3:TrackPointExtension>
            <ns3:atemp>22.0</ns3:atemp>
            <ns3:hr>130</ns3:hr>
            <ns3:cad>96</ns3:cad>
          </ns3:TrackPointExtension>
        </extensions>
      </trkpt>
      <trkpt lat="47.68384222872555255889892578125" lon="-122.33533079735934734344482421875">
        <ele>41</ele>
        <time>2026-08-03T16:24:27.000Z</time>
        <extensions>
          <ns3:TrackPointExtension>
            <ns3:atemp>22.0</ns3:atemp>
            <ns3:hr>130</ns3:hr>
            <ns3:cad>95</ns3:cad>
          </ns3:TrackPointExtension>
        </extensions>
      </trkpt>
      <trkpt lat="47.6839485950767993927001953125" lon="-122.33540690504014492034912109375">
        <ele>41</ele>
        <time>2026-08-03T16:24:31.000Z</time>
        <extensions>
          <ns3:TrackPointExtension>
            <ns3:atemp>22.0</ns3:atemp>
            <ns3:hr>129</ns3:hr>
            <ns3:cad>94</ns3:cad>
          </ns3:TrackPointExtension>
        </extensions>
      </trkpt>
      <trkpt lat="47.68409821204841136932373046875" lon="-122.33549994416534900665283203125">
        <ele>41.40000152587890625</ele>
        <time>2026-08-03T16:24:36.000Z</time>
        <extensions>
          <ns3:TrackPointExtension>
            <ns3:atemp>22.0</ns3:atemp>
            <ns3:hr>128</ns3:hr>
            <ns3:cad>94</ns3:cad>
          </ns3:TrackPointExtension>
        </extensions>
      </trkpt>
      <trkpt lat="47.68412922509014606475830078125" lon="-122.3355209827423095703125">
        <ele>41.40000152587890625</ele>
        <time>2026-08-03T16:24:37.000Z</time>
        <extensions>
          <ns3:TrackPointExtension>
            <ns3:atemp>22.0</ns3:atemp>
            <ns3:hr>131</ns3:hr>
            <ns3:cad>94</ns3:cad>
          </ns3:TrackPointExtension>
        </extensions>
      </trkpt>
      <trkpt lat="47.68430222757160663604736328125" lon="-122.335635311901569366455078125">
        <ele>41.59999847412109375</ele>
        <time>2026-08-03T16:24:43.000Z</time>
        <extensions>
          <ns3:TrackPointExtension>
            <ns3:atemp>22.0</ns3:atemp>
            <ns3:hr>130</ns3:hr>
            <ns3:cad>95</ns3:cad>
          </ns3:TrackPointExtension>
        </extensions>
      </trkpt>
      <trkpt lat="47.68433659337460994720458984375" lon="-122.33569289557635784149169921875">
        <ele>41.799999237060546875</ele>
        <time>2026-08-03T16:24:45.000Z</time>
        <extensions>
          <ns3:TrackPointExtension>
            <ns3:atemp>22.0</ns3:atemp>
            <ns3:hr>130</ns3:hr>
            <ns3:cad>95</ns3:cad>
          </ns3:TrackPointExtension>
        </extensions>
      </trkpt>
      <trkpt lat="47.684446983039379119873046875" lon="-122.3358792252838611602783203125">
        <ele>41.799999237060546875</ele>
        <time>2026-08-03T16:24:51.000Z</time>
        <extensions>
          <ns3:TrackPointExtension>
            <ns3:atemp>22.0</ns3:atemp>
            <ns3:hr>129</ns3:hr>
            <ns3:cad>95</ns3:cad>
          </ns3:TrackPointExtension>
        </extensions>
      </trkpt>
      <trkpt lat="47.68450959585607051849365234375" lon="-122.33600310981273651123046875">
        <ele>41.59999847412109375</ele>
        <time>2026-08-03T16:24:55.000Z</time>
        <extensions>
          <ns3:TrackPointExtension>
            <ns3:atemp>22.0</ns3:atemp>
            <ns3:hr>130</ns3:hr>
            <ns3:cad>96</ns3:cad>
          </ns3:TrackPointExtension>
        </extensions>
      </trkpt>
      <trkpt lat="47.68455770798027515411376953125" lon="-122.33615976758301258087158203125">
        <ele>41.40000152587890625</ele>
        <time>2026-08-03T16:25:00.000Z</time>
        <extensions>
          <ns3:TrackPointExtension>
            <ns3:atemp>22.0</ns3:atemp>
            <ns3:hr>129</ns3:hr>
            <ns3:cad>96</ns3:cad>
          </ns3:TrackPointExtension>
        </extensions>
      </trkpt>
      <trkpt lat="47.68456759862601757049560546875" lon="-122.33618658967316150665283203125">
        <ele>41.40000152587890625</ele>
        <time>2026-08-03T16:25:01.000Z</time>
        <extensions>
          <ns3:TrackPointExtension>
            <ns3:atemp>22.0</ns3:atemp>
            <ns3:hr>129</ns3:hr>
            <ns3:cad>96</ns3:cad>
          </ns3:TrackPointExtension>
        </extensions>
      </trkpt>
      <trkpt lat="47.684647478163242340087890625" lon="-122.33632371760904788970947265625">
        <ele>41.200000762939453125</ele>
        <time>2026-08-03T16:25:05.000Z</time>
        <extensions>
          <ns3:TrackPointExtension>
            <ns3:atemp>22.0</ns3:atemp>
            <ns3:hr>129</ns3:hr>
            <ns3:cad>95</ns3:cad>
          </ns3:TrackPointExtension>
        </extensions>
      </trkpt>
      <trkpt lat="47.68473842181265354156494140625" lon="-122.3365273140370845794677734375">
        <ele>41.200000762939453125</ele>
        <time>2026-08-03T16:25:11.000Z</time>
        <extensions>
          <ns3:TrackPointExtension>
            <ns3:atemp>22.0</ns3:atemp>
            <ns3:hr>128</ns3:hr>
            <ns3:cad>95</ns3:cad>
          </ns3:TrackPointExtension>
        </extensions>
      </trkpt>
      <trkpt lat="47.68482928164303302764892578125" lon="-122.336759157478809356689453125">
        <ele>41.40000152587890625</ele>
        <time>2026-08-03T16:25:17.000Z</time>
        <extensions>
          <ns3:TrackPointExtension>
            <ns3:atemp>22.0</ns3:atemp>
            <ns3:hr>128</ns3:hr>
            <ns3:cad>96</ns3:cad>
          </ns3:TrackPointExtension>
        </extensions>
      </trkpt>
      <trkpt lat="47.684835903346538543701171875" lon="-122.33699661679565906524658203125">
        <ele>41.59999847412109375</ele>
        <time>2026-08-03T16:25:23.000Z</time>
        <extensions>
          <ns3:TrackPointExtension>
            <ns3:atemp>22.0</ns3:atemp>
            <ns3:hr>127</ns3:hr>
            <ns3:cad>95</ns3:cad>
          </ns3:TrackPointExtension>
        </extensions>
      </trkpt>
      <trkpt lat="47.68483933992683887481689453125" lon="-122.337103821337223052978515625">
        <ele>41.59999847412109375</ele>
        <time>2026-08-03T16:25:24.000Z</time>
        <extensions>
          <ns3:TrackPointExtension>
            <ns3:atemp>22.0</ns3:atemp>
            <ns3:hr>128</ns3:hr>
            <ns3:cad>95</ns3:cad>
          </ns3:TrackPointExtension>
        </extensions>
      </trkpt>
      <trkpt lat="47.68484822474420070648193359375" lon="-122.33718571253120899200439453125">
        <ele>41.59999847412109375</ele>
        <time>2026-08-03T16:25:28.000Z</time>
        <extensions>
          <ns3:TrackPointExtension>
            <ns3:atemp>22.0</ns3:atemp>
            <ns3:hr>128</ns3:hr>
            <ns3:cad>95</ns3:cad>
          </ns3:TrackPointExtension>
        </extensions>
      </trkpt>
      <trkpt lat="47.6848474703729152679443359375" lon="-122.33734262175858020782470703125">
        <ele>41.59999847412109375</ele>
        <time>2026-08-03T16:25:32.000Z</time>
        <extensions>
          <ns3:TrackPointExtension>
            <ns3:atemp>22.0</ns3:atemp>
            <ns3:hr>131</ns3:hr>
            <ns3:cad>95</ns3:cad>
          </ns3:TrackPointExtension>
        </extensions>
      </trkpt>
      <trkpt lat="47.6848320476710796356201171875" lon="-122.3374027200043201446533203125">
        <ele>41.59999847412109375</ele>
        <time>2026-08-03T16:25:34.000Z</time>
        <extensions>
          <ns3:TrackPointExtension>
            <ns3:atemp>22.0</ns3:atemp>
            <ns3:hr>130</ns3:hr>
            <ns3:cad>95</ns3:cad>
          </ns3:TrackPointExtension>
        </extensions>
      </trkpt>
      <trkpt lat="47.684857361018657684326171875" lon="-122.3376142792403697967529296875">
        <ele>41.59999847412109375</ele>
        <time>2026-08-03T16:25:39.000Z</time>
        <extensions>
          <ns3:TrackPointExtension>
            <ns3:atemp>22.0</ns3:atemp>
            <ns3:hr>129</ns3:hr>
            <ns3:cad>95</ns3:cad>
          </ns3:TrackPointExtension>
        </extensions>
      </trkpt>
      <trkpt lat="47.68487370572984218597412109375" lon="-122.33789146877825260162353515625">
        <ele>41.59999847412109375</ele>
        <time>2026-08-03T16:25:45.000Z</time>
        <extensions>
          <ns3:TrackPointExtension>
            <ns3:atemp>22.0</ns3:atemp>
            <ns3:hr>127</ns3:hr>
            <ns3:cad>95</ns3:cad>
          </ns3:TrackPointExtension>
        </extensions>
      </trkpt>
      <trkpt lat="47.68487370572984218597412109375" lon="-122.33794025145471096038818359375">
        <ele>41.40000152587890625</ele>
        <time>2026-08-03T16:25:46.000Z</time>
        <extensions>
          <ns3:TrackPointExtension>
            <ns3:atemp>22.0</ns3:atemp>
            <ns3:hr>128</ns3:hr>
            <ns3:cad>95</ns3:cad>
          </ns3:TrackPointExtension>
        </extensions>
      </trkpt>
      <trkpt lat="47.684874795377254486083984375" lon="-122.33802742324769496917724609375">
        <ele>41.40000152587890625</ele>
        <time>2026-08-03T16:25:48.000Z</time>
        <extensions>
          <ns3:TrackPointExtension>
            <ns3:atemp>22.0</ns3:atemp>
            <ns3:hr>128</ns3:hr>
            <ns3:cad>94</ns3:cad>
          </ns3:TrackPointExtension>
        </extensions>
      </trkpt>
      <trkpt lat="47.6848657429218292236328125" lon="-122.33811694197356700897216796875">
        <ele>41.59999847412109375</ele>
        <time>2026-08-03T16:25:50.000Z</time>
        <extensions>
          <ns3:TrackPointExtension>
            <ns3:atemp>22.0</ns3:atemp>
            <ns3:hr>129</ns3:hr>
            <ns3:cad>95</ns3:cad>
          </ns3:TrackPointExtension>
        </extensions>
      </trkpt>
      <trkpt lat="47.6848538406193256378173828125" lon="-122.338361777365207672119140625">
        <ele>41.59999847412109375</ele>
        <time>2026-08-03T16:25:56.000Z</time>
        <extensions>
          <ns3:TrackPointExtension>
            <ns3:atemp>22.0</ns3:atemp>
            <ns3:hr>130</ns3:hr>
            <ns3:cad>95</ns3:cad>
          </ns3:TrackPointExtension>
        </extensions>
      </trkpt>
      <trkpt lat="47.684792317450046539306640625" lon="-122.3385822214186191558837890625">
        <ele>41.40000152587890625</ele>
        <time>2026-08-03T16:26:02.000Z</time>
        <extensions>
          <ns3:TrackPointExtension>
            <ns3:atemp>22.0</ns3:atemp>
            <ns3:hr>131</ns3:hr>
            <ns3:cad>95</ns3:cad>
          </ns3:TrackPointExtension>
        </extensions>
      </trkpt>
      <trkpt lat="47.6847606338560581207275390625" lon="-122.3387532122433185577392578125">
        <ele>41.799999237060546875</ele>
        <time>2026-08-03T16:26:06.000Z</time>
        <extensions>
          <ns3:TrackPointExtension>
            <ns3:atemp>22.0</ns3:atemp>
            <ns3:hr>133</ns3:hr>
            <ns3:cad>97</ns3:cad>
          </ns3:TrackPointExtension>
        </extensions>
      </trkpt>
      <trkpt lat="47.6847371645271778106689453125" lon="-122.33890450559556484222412109375">
        <ele>42.200000762939453125</ele>
        <time>2026-08-03T16:26:10.000Z</time>
        <extensions>
          <ns3:TrackPointExtension>
            <ns3:atemp>22.0</ns3:atemp>
            <ns3:hr>134</ns3:hr>
            <ns3:cad>98</ns3:cad>
          </ns3:TrackPointExtension>
        </extensions>
      </trkpt>
      <trkpt lat="47.68473406322300434112548828125" lon="-122.33894054777920246124267578125">
        <ele>42.40000152587890625</ele>
        <time>2026-08-03T16:26:11.000Z</time>
        <extensions>
          <ns3:TrackPointExtension>
            <ns3:atemp>22.0</ns3:atemp>
            <ns3:hr>133</ns3:hr>
            <ns3:cad>98</ns3:cad>
          </ns3:TrackPointExtension>
        </extensions>
      </trkpt>
      <trkpt lat="47.6847284473478794097900390625" lon="-122.3391035757958889007568359375">
        <ele>43.59999847412109375</ele>
        <time>2026-08-03T16:26:16.000Z</time>
        <extensions>
          <ns3:TrackPointExtension>
            <ns3:atemp>22.0</ns3:atemp>
            <ns3:hr>132</ns3:hr>
            <ns3:cad>97</ns3:cad>
          </ns3:TrackPointExtension>
        </extensions>
      </trkpt>
      <trkpt lat="47.68472232855856418609619140625" lon="-122.3391293920576572418212890625">
        <ele>43.799999237060546875</ele>
        <time>2026-08-03T16:26:17.000Z</time>
        <extensions>
          <ns3:TrackPointExtension>
            <ns3:atemp>22.0</ns3:atemp>
            <ns3:hr>133</ns3:hr>
            <ns3:cad>97</ns3:cad>
          </ns3:TrackPointExtension>
        </extensions>
      </trkpt>
      <trkpt lat="47.68470858223736286163330078125" lon="-122.3391880653798580169677734375">
        <ele>44</ele>
        <time>2026-08-03T16:26:19.000Z</time>
        <extensions>
          <ns3:TrackPointExtension>
            <ns3:atemp>22.0</ns3:atemp>
            <ns3:hr>133</ns3:hr>
            <ns3:cad>96</ns3:cad>
          </ns3:TrackPointExtension>
        </extensions>
      </trkpt>
      <trkpt lat="47.68470187671482563018798828125" lon="-122.3392678610980510711669921875">
        <ele>44</ele>
        <time>2026-08-03T16:26:21.000Z</time>
        <extensions>
          <ns3:TrackPointExtension>
            <ns3:atemp>22.0</ns3:atemp>
            <ns3:hr>132</ns3:hr>
            <ns3:cad>95</ns3:cad>
          </ns3:TrackPointExtension>
        </extensions>
      </trkpt>
      <trkpt lat="47.68469265662133693695068359375" lon="-122.33935075812041759490966796875">
        <ele>43.799999237060546875</ele>
        <time>2026-08-03T16:26:23.000Z</time>
        <extensions>
          <ns3:TrackPointExtension>
            <ns3:atemp>22.0</ns3:atemp>
            <ns3:hr>133</ns3:hr>
            <ns3:cad>94</ns3:cad>
          </ns3:TrackPointExtension>
        </extensions>
      </trkpt>
      <trkpt lat="47.68467270769178867340087890625" lon="-122.33945804648101329803466796875">
        <ele>43.799999237060546875</ele>
        <time>2026-08-03T16:26:26.000Z</time>
        <extensions>
          <ns3:TrackPointExtension>
            <ns3:atemp>22.0</ns3:atemp>
            <ns3:hr>132</ns3:hr>
            <ns3:cad>93</ns3:cad>
          </ns3:TrackPointExtension>
        </extensions>
      </trkpt>
      <trkpt lat="47.68464873544871807098388671875" lon="-122.33960506506264209747314453125">
        <ele>44.40000152587890625</ele>
        <time>2026-08-03T16:26:30.000Z</time>
        <extensions>
          <ns3:TrackPointExtension>
            <ns3:atemp>22.0</ns3:atemp>
            <ns3:hr>131</ns3:hr>
            <ns3:cad>95</ns3:cad>
          </ns3:TrackPointExtension>
        </extensions>
      </trkpt>
      <trkpt lat="47.68463582731783390045166015625" lon="-122.3396323062479496002197265625">
        <ele>44.59999847412109375</ele>
        <time>2026-08-03T16:26:31.000Z</time>
        <extensions>
          <ns3:TrackPointExtension>
            <ns3:atemp>22.0</ns3:atemp>
            <ns3:hr>131</ns3:hr>
            <ns3:cad>93</ns3:cad>
          </ns3:TrackPointExtension>
        </extensions>
      </trkpt>
      <trkpt lat="47.684625349938869476318359375" lon="-122.33966432511806488037109375">
        <ele>44.59999847412109375</ele>
        <time>2026-08-03T16:26:32.000Z</time>
        <extensions>
          <ns3:TrackPointExtension>
            <ns3:atemp>22.0</ns3:atemp>
            <ns3:hr>130</ns3:hr>
            <ns3:cad>93</ns3:cad>
          </ns3:TrackPointExtension>
        </extensions>
      </trkpt>
      <trkpt lat="47.6846127770841121673583984375" lon="-122.33973045833408832550048828125">
        <ele>44.799999237060546875</ele>
        <time>2026-08-03T16:26:34.000Z</time>
        <extensions>
          <ns3:TrackPointExtension>
            <ns3:atemp>22.0</ns3:atemp>
            <ns3:hr>131</ns3:hr>
            <ns3:cad>94</ns3:cad>
          </ns3:TrackPointExtension>
        </extensions>
      </trkpt>
      <trkpt lat="47.68461470492184162139892578125" lon="-122.3397644050419330596923828125">
        <ele>44.799999237060546875</ele>
        <time>2026-08-03T16:26:35.000Z</time>
        <extensions>
          <ns3:TrackPointExtension>
            <ns3:atemp>22.0</ns3:atemp>
            <ns3:hr>132</ns3:hr>
            <ns3:cad>95</ns3:cad>
          </ns3:TrackPointExtension>
        </extensions>
      </trkpt>
      <trkpt lat="47.68460934050381183624267578125" lon="-122.3398773930966854095458984375">
        <ele>45</ele>
        <time>2026-08-03T16:26:38.000Z</time>
        <extensions>
          <ns3:TrackPointExtension>
            <ns3:atemp>22.0</ns3:atemp>
            <ns3:hr>132</ns3:hr>
            <ns3:cad>94</ns3:cad>
          </ns3:TrackPointExtension>
        </extensions>
      </trkpt>
      <trkpt lat="47.68461872823536396026611328125" lon="-122.3399159498512744903564453125">
        <ele>44.799999237060546875</ele>
        <time>2026-08-03T16:26:39.000Z</time>
        <extensions>
          <ns3:TrackPointExtension>
            <ns3:atemp>22.0</ns3:atemp>
            <ns3:hr>131</ns3:hr>
            <ns3:cad>0</ns3:cad>
          </ns3:TrackPointExtension>
        </extensions>
      </trkpt>
      <trkpt lat="47.68475032411515712738037109375" lon="-122.34003103338181972503662109375">
        <ele>44.799999237060546875</ele>
        <time>2026-08-03T16:26:52.000Z</time>
        <extensions>
          <ns3:TrackPointExtension>
            <ns3:atemp>22.0</ns3:atemp>
            <ns3:hr>128</ns3:hr>
            <ns3:cad>94</ns3:cad>
          </ns3:TrackPointExtension>
        </extensions>
      </trkpt>
      <trkpt lat="47.68477848730981349945068359375" lon="-122.34009557403624057769775390625">
        <ele>44.799999237060546875</ele>
        <time>2026-08-03T16:26:55.000Z</time>
        <extensions>
          <ns3:TrackPointExtension>
            <ns3:atemp>22.0</ns3:atemp>
            <ns3:hr>130</ns3:hr>
            <ns3:cad>93</ns3:cad>
          </ns3:TrackPointExtension>
        </extensions>
      </trkpt>
      <trkpt lat="47.68477949313819408416748046875" lon="-122.34016053378582000732421875">
        <ele>44.799999237060546875</ele>
        <time>2026-08-03T16:26:57.000Z</time>
        <extensions>
          <ns3:TrackPointExtension>
            <ns3:atemp>22.0</ns3:atemp>
            <ns3:hr>132</ns3:hr>
            <ns3:cad>93</ns3:cad>
          </ns3:TrackPointExtension>
        </extensions>
      </trkpt>
      <trkpt lat="47.6847971789538860321044921875" lon="-122.340446524322032928466796875">
        <ele>45.59999847412109375</ele>
        <time>2026-08-03T16:27:05.000Z</time>
        <extensions>
          <ns3:TrackPointExtension>
            <ns3:atemp>22.0</ns3:atemp>
            <ns3:hr>131</ns3:hr>
            <ns3:cad>95</ns3:cad>
          </ns3:TrackPointExtension>
        </extensions>
      </trkpt>
      <trkpt lat="47.68479793332517147064208984375" lon="-122.34067174606025218963623046875">
        <ele>46.40000152587890625</ele>
        <time>2026-08-03T16:27:11.000Z</time>
        <extensions>
          <ns3:TrackPointExtension>
            <ns3:atemp>22.0</ns3:atemp>
            <ns3:hr>134</ns3:hr>
            <ns3:cad>97</ns3:cad>
          </ns3:TrackPointExtension>
        </extensions>
      </trkpt>
      <trkpt lat="47.684793658554553985595703125" lon="-122.34077467583119869232177734375">
        <ele>46.799999237060546875</ele>
        <time>2026-08-03T16:27:14.000Z</time>
        <extensions>
          <ns3:TrackPointExtension>
            <ns3:atemp>22.0</ns3:atemp>
            <ns3:hr>132</ns3:hr>
            <ns3:cad>96</ns3:cad>
          </ns3:TrackPointExtension>
        </extensions>
      </trkpt>
      <trkpt lat="47.6847944967448711395263671875" lon="-122.34080426394939422607421875">
        <ele>46.799999237060546875</ele>
        <time>2026-08-03T16:27:15.000Z</time>
        <extensions>
          <ns3:TrackPointExtension>
            <ns3:atemp>22.0</ns3:atemp>
            <ns3:hr>132</ns3:hr>
            <ns3:cad>96</ns3:cad>
          </ns3:TrackPointExtension>
        </extensions>
      </trkpt>
      <trkpt lat="47.68477924168109893798828125" lon="-122.34101079404354095458984375">
        <ele>47.40000152587890625</ele>
        <time>2026-08-03T16:27:21.000Z</time>
        <extensions>
          <ns3:TrackPointExtension>
            <ns3:atemp>22.0</ns3:atemp>
            <ns3:hr>133</ns3:hr>
            <ns3:cad>95</ns3:cad>
          </ns3:TrackPointExtension>
        </extensions>
      </trkpt>
      <trkpt lat="47.68481167964637279510498046875" lon="-122.3412017337977886199951171875">
        <ele>47.799999237060546875</ele>
        <time>2026-08-03T16:27:26.000Z</time>
        <extensions>
          <ns3:TrackPointExtension>
            <ns3:atemp>22.0</ns3:atemp>
            <ns3:hr>132</ns3:hr>
            <ns3:cad>93</ns3:cad>
          </ns3:TrackPointExtension>
        </extensions>
      </trkpt>
      <trkpt lat="47.68482324667274951934814453125" lon="-122.3414250276982784271240234375">
        <ele>48.59999847412109375</ele>
        <time>2026-08-03T16:27:32.000Z</time>
        <extensions>
          <ns3:TrackPointExtension>
            <ns3:atemp>22.0</ns3:atemp>
            <ns3:hr>132</ns3:hr>
            <ns3:cad>95</ns3:cad>
          </ns3:TrackPointExtension>
        </extensions>
      </trkpt>
      <trkpt lat="47.6848203130066394805908203125" lon="-122.3414937593042850494384765625">
        <ele>48.799999237060546875</ele>
        <time>2026-08-03T16:27:34.000Z</time>
        <extensions>
          <ns3:TrackPointExtension>
            <ns3:atemp>22.0</ns3:atemp>
            <ns3:hr>132</ns3:hr>
            <ns3:cad>95</ns3:cad>
          </ns3:TrackPointExtension>
        </extensions>
      </trkpt>
      <trkpt lat="47.68483112566173076629638671875" lon="-122.341621331870555877685546875">
        <ele>49.200000762939453125</ele>
        <time>2026-08-03T16:27:38.000Z</time>
        <extensions>
          <ns3:TrackPointExtension>
            <ns3:atemp>22.0</ns3:atemp>
            <ns3:hr>132</ns3:hr>
            <ns3:cad>93</ns3:cad>
          </ns3:TrackPointExtension>
        </extensions>
      </trkpt>
      <trkpt lat="47.6848253421485424041748046875" lon="-122.34171059913933277130126953125">
        <ele>49.40000152587890625</ele>
        <time>2026-08-03T16:27:41.000Z</time>
        <extensions>
          <ns3:TrackPointExtension>
            <ns3:atemp>22.0</ns3:atemp>
            <ns3:hr>129</ns3:hr>
            <ns3:cad>93</ns3:cad>
          </ns3:TrackPointExtension>
        </extensions>
      </trkpt>
      <trkpt lat="47.6848240010440349578857421875" lon="-122.34173054806888103485107421875">
        <ele>49.200000762939453125</ele>
        <time>2026-08-03T16:27:42.000Z</time>
        <extensions>
          <ns3:TrackPointExtension>
            <ns3:atemp>22.0</ns3:atemp>
            <ns3:hr>129</ns3:hr>
            <ns3:cad>93</ns3:cad>
          </ns3:TrackPointExtension>
        </extensions>
      </trkpt>
      <trkpt lat="47.68482307903468608856201171875" lon="-122.3419172130525112152099609375">
        <ele>49.40000152587890625</ele>
        <time>2026-08-03T16:27:57.000Z</time>
        <extensions>
          <ns3:TrackPointExtension>
            <ns3:atemp>22.0</ns3:atemp>
            <ns3:hr>127</ns3:hr>
            <ns3:cad>0</ns3:cad>
          </ns3:TrackPointExtension>
        </extensions>
      </trkpt>
      <trkpt lat="47.684815116226673126220703125" lon="-122.3419443704187870025634765625">
        <ele>49.40000152587890625</ele>
        <time>2026-08-03T16:27:59.000Z</time>
        <extensions>
          <ns3:TrackPointExtension>
            <ns3:atemp>22.0</ns3:atemp>
            <ns3:hr>127</ns3:hr>
            <ns3:cad>0</ns3:cad>
          </ns3:TrackPointExtension>
        </extensions>
      </trkpt>
      <trkpt lat="47.68482274375855922698974609375" lon="-122.34213053248822689056396484375">
        <ele>49.799999237060546875</ele>
        <time>2026-08-03T16:28:06.000Z</time>
        <extensions>
          <ns3:TrackPointExtension>
            <ns3:atemp>22.0</ns3:atemp>
            <ns3:hr>124</ns3:hr>
            <ns3:cad>94</ns3:cad>
          </ns3:TrackPointExtension>
        </extensions>
      </trkpt>
      <trkpt lat="47.68483481369912624359130859375" lon="-122.34222155995666980743408203125">
        <ele>50</ele>
        <time>2026-08-03T16:28:07.000Z</time>
        <extensions>
          <ns3:TrackPointExtension>
            <ns3:atemp>22.0</ns3:atemp>
            <ns3:hr>125</ns3:hr>
            <ns3:cad>93</ns3:cad>
          </ns3:TrackPointExtension>
        </extensions>
      </trkpt>
      <trkpt lat="47.6848390884697437286376953125" lon="-122.34225173480808734893798828125">
        <ele>50.40000152587890625</ele>
        <time>2026-08-03T16:28:10.000Z</time>
        <extensions>
          <ns3:TrackPointExtension>
            <ns3:atemp>22.0</ns3:atemp>
            <ns3:hr>121</ns3:hr>
            <ns3:cad>94</ns3:cad>
          </ns3:TrackPointExtension>
        </extensions>
      </trkpt>
      <trkpt lat="47.684845961630344390869140625" lon="-122.342399172484874725341796875">
        <ele>50.40000152587890625</ele>
        <time>2026-08-03T16:28:15.000Z</time>
        <extensions>
          <ns3:TrackPointExtension>
            <ns3:atemp>22.0</ns3:atemp>
            <ns3:hr>120</ns3:hr>
            <ns3:cad>94</ns3:cad>
          </ns3:TrackPointExtension>
        </extensions>
      </trkpt>
      <trkpt lat="47.68483364023268222808837890625" lon="-122.34249673783779144287109375">
        <ele>50.40000152587890625</ele>
        <time>2026-08-03T16:28:19.000Z</time>
        <extensions>
          <ns3:TrackPointExtension>
            <ns3:atemp>22.0</ns3:atemp>
            <ns3:hr>116</ns3:hr>
            <ns3:cad>95</ns3:cad>
          </ns3:TrackPointExtension>
        </extensions>
      </trkpt>
      <trkpt lat="47.68483548425137996673583984375" lon="-122.342554740607738494873046875">
        <ele>50.40000152587890625</ele>
        <time>2026-08-03T16:28:21.000Z</time>
        <extensions>
          <ns3:TrackPointExtension>
            <ns3:atemp>22.0</ns3:atemp>
            <ns3:hr>116</ns3:hr>
            <ns3:cad>95</ns3:cad>
          </ns3:TrackPointExtension>
        </extensions>
      </trkpt>
      <trkpt lat="47.68484118394553661346435546875" lon="-122.342805527150630950927734375">
        <ele>50.799999237060546875</ele>
        <time>2026-08-03T16:28:28.000Z</time>
        <extensions>
          <ns3:TrackPointExtension>
            <ns3:atemp>22.0</ns3:atemp>
            <ns3:hr>114</ns3:hr>
            <ns3:cad>94</ns3:cad>
          </ns3:TrackPointExtension>
        </extensions>
      </trkpt>
      <trkpt lat="47.68483866937458515167236328125" lon="-122.34286914579570293426513671875">
        <ele>50.799999237060546875</ele>
        <time>2026-08-03T16:28:30.000Z</time>
        <extensions>
          <ns3:TrackPointExtension>
            <ns3:atemp>22.0</ns3:atemp>
            <ns3:hr>113</ns3:hr>
            <ns3:cad>93</ns3:cad>
          </ns3:TrackPointExtension>
        </extensions>
      </trkpt>
      <trkpt lat="47.68482215702533721923828125" lon="-122.34292455017566680908203125">
        <ele>51.59999847412109375</ele>
        <time>2026-08-03T16:28:32.000Z</time>
        <extensions>
          <ns3:TrackPointExtension>
            <ns3:atemp>22.0</ns3:atemp>
            <ns3:hr>113</ns3:hr>
            <ns3:cad>93</ns3:cad>
          </ns3:TrackPointExtension>
        </extensions>
      </trkpt>
      <trkpt lat="47.68481804989278316497802734375" lon="-122.34305053018033504486083984375">
        <ele>52</ele>
        <time>2026-08-03T16:28:36.000Z</time>
        <extensions>
          <ns3:TrackPointExtension>
            <ns3:atemp>22.0</ns3:atemp>
            <ns3:hr>112</ns3:hr>
            <ns3:cad>94</ns3:cad>
          </ns3:TrackPointExtension>
        </extensions>
      </trkpt>
      <trkpt lat="47.684808410704135894775390625" lon="-122.34307383187115192413330078125">
        <ele>52</ele>
        <time>2026-08-03T16:28:37.000Z</time>
        <extensions>
          <ns3:TrackPointExtension>
            <ns3:atemp>22.0</ns3:atemp>
            <ns3:hr>112</ns3:hr>
            <ns3:cad>94</ns3:cad>
          </ns3:TrackPointExtension>
        </extensions>
      </trkpt>
      <trkpt lat="47.68480069935321807861328125" lon="-122.34313485212624073028564453125">
        <ele>51.799999237060546875</ele>
        <time>2026-08-03T16:28:39.000Z</time>
        <extensions>
          <ns3:TrackPointExtension>
            <ns3:atemp>22.0</ns3:atemp>
            <ns3:hr>111</ns3:hr>
            <ns3:cad>94</ns3:cad>
          </ns3:TrackPointExtension>
        </extensions>
      </trkpt>
      <trkpt lat="47.684813104569911956787109375" lon="-122.34325253404676914215087890625">
        <ele>51.40000152587890625</ele>
        <time>2026-08-03T16:28:42.000Z</time>
        <extensions>
          <ns3:TrackPointExtension>
            <ns3:atemp>22.0</ns3:atemp>
            <ns3:hr>112</ns3:hr>
            <ns3:cad>94</ns3:cad>
          </ns3:TrackPointExtension>
        </extensions>
      </trkpt>
      <trkpt lat="47.68481821753084659576416015625" lon="-122.3434195853769779205322265625">
        <ele>51.200000762939453125</ele>
        <time>2026-08-03T16:28:46.000Z</time>
        <extensions>
          <ns3:TrackPointExtension>
            <ns3:atemp>22.0</ns3:atemp>
            <ns3:hr>111</ns3:hr>
            <ns3:cad>95</ns3:cad>
          </ns3:TrackPointExtension>
        </extensions>
      </trkpt>
      <trkpt lat="47.6848136074841022491455078125" lon="-122.34345671720802783966064453125">
        <ele>51.200000762939453125</ele>
        <time>2026-08-03T16:28:47.000Z</time>
        <extensions>
          <ns3:TrackPointExtension>
            <ns3:atemp>22.0</ns3:atemp>
            <ns3:hr>112</ns3:hr>
            <ns3:cad>95</ns3:cad>
          </ns3:TrackPointExtension>
        </extensions>
      </trkpt>
      <trkpt lat="47.68479558639228343963623046875" lon="-122.34355755150318145751953125">
        <ele>51.200000762939453125</ele>
        <time>2026-08-03T16:28:50.000Z</time>
        <extensions>
          <ns3:TrackPointExtension>
            <ns3:atemp>22.0</ns3:atemp>
            <ns3:hr>115</ns3:hr>
            <ns3:cad>96</ns3:cad>
          </ns3:TrackPointExtension>
        </extensions>
      </trkpt>
      <trkpt lat="47.684790976345539093017578125" lon="-122.3436291329562664031982421875">
        <ele>51.799999237060546875</ele>
        <time>2026-08-03T16:28:52.000Z</time>
        <extensions>
          <ns3:TrackPointExtension>
            <ns3:atemp>22.0</ns3:atemp>
            <ns3:hr>117</ns3:hr>
            <ns3:cad>95</ns3:cad>
          </ns3:TrackPointExtension>
        </extensions>
      </trkpt>
      <trkpt lat="47.68478251062333583831787109375" lon="-122.34380758367478847503662109375">
        <ele>52.200000762939453125</ele>
        <time>2026-08-03T16:28:57.000Z</time>
        <extensions>
          <ns3:TrackPointExtension>
            <ns3:atemp>22.0</ns3:atemp>
            <ns3:hr>121</ns3:hr>
            <ns3:cad>95</ns3:cad>
          </ns3:TrackPointExtension>
        </extensions>
      </trkpt>
      <trkpt lat="47.68476775847375392913818359375" lon="-122.34396013431251049041748046875">
        <ele>52.200000762939453125</ele>
        <time>2026-08-03T16:29:02.000Z</time>
        <extensions>
          <ns3:TrackPointExtension>
            <ns3:atemp>22.0</ns3:atemp>
            <ns3:hr>122</ns3:hr>
            <ns3:cad>96</ns3:cad>
          </ns3:TrackPointExtension>
        </extensions>
      </trkpt>
      <trkpt lat="47.68476624973118305206298828125" lon="-122.3441375792026519775390625">
        <ele>53</ele>
        <time>2026-08-03T16:29:07.000Z</time>
        <extensions>
          <ns3:TrackPointExtension>
            <ns3:atemp>22.0</ns3:atemp>
            <ns3:hr>122</ns3:hr>
            <ns3:cad>97</ns3:cad>
          </ns3:TrackPointExtension>
        </extensions>
      </trkpt>
      <trkpt lat="47.68476893194019794464111328125" lon="-122.34417739324271678924560546875">
        <ele>53</ele>
        <time>2026-08-03T16:29:08.000Z</time>
        <extensions>
          <ns3:TrackPointExtension>
            <ns3:atemp>22.0</ns3:atemp>
            <ns3:hr>122</ns3:hr>
            <ns3:cad>96</ns3:cad>
          </ns3:TrackPointExtension>
        </extensions>
      </trkpt>
      <trkpt lat="47.68476323224604129791259765625" lon="-122.3442202247679233551025390625">
        <ele>53.200000762939453125</ele>
        <time>2026-08-03T16:29:09.000Z</time>
        <extensions>
          <ns3:TrackPointExtension>
            <ns3:atemp>22.0</ns3:atemp>
            <ns3:hr>122</ns3:hr>
            <ns3:cad>95</ns3:cad>
          </ns3:TrackPointExtension>
        </extensions>
      </trkpt>
      <trkpt lat="47.6847262680530548095703125" lon="-122.3443342186510562896728515625">
        <ele>53.40000152587890625</ele>
        <time>2026-08-03T16:29:12.000Z</time>
        <extensions>
          <ns3:TrackPointExtension>
            <ns3:atemp>22.0</ns3:atemp>
            <ns3:hr>122</ns3:hr>
            <ns3:cad>95</ns3:cad>
          </ns3:TrackPointExtension>
        </extensions>
      </trkpt>
      <trkpt lat="47.68468712456524372100830078125" lon="-122.3444881103932857513427734375">
        <ele>53.59999847412109375</ele>
        <time>2026-08-03T16:29:16.000Z</time>
        <extensions>
          <ns3:TrackPointExtension>
            <ns3:atemp>22.0</ns3:atemp>
            <ns3:hr>123</ns3:hr>
            <ns3:cad>94</ns3:cad>
          </ns3:TrackPointExtension>
        </extensions>
      </trkpt>
      <trkpt lat="47.68468393944203853607177734375" lon="-122.34472204931080341339111328125">
        <ele>53.40000152587890625</ele>
        <time>2026-08-03T16:29:22.000Z</time>
        <extensions>
          <ns3:TrackPointExtension>
            <ns3:atemp>22.0</ns3:atemp>
            <ns3:hr>124</ns3:hr>
            <ns3:cad>95</ns3:cad>
          </ns3:TrackPointExtension>
        </extensions>
      </trkpt>
      <trkpt lat="47.68469047732651233673095703125" lon="-122.34475675038993358612060546875">
        <ele>53.59999847412109375</ele>
        <time>2026-08-03T16:29:23.000Z</time>
        <extensions>
          <ns3:TrackPointExtension>
            <ns3:atemp>22.0</ns3:atemp>
            <ns3:hr>121</ns3:hr>
            <ns3:cad>95</ns3:cad>
          </ns3:TrackPointExtension>
        </extensions>
      </trkpt>
      <trkpt lat="47.6847103424370288848876953125" lon="-122.3448421619832515716552734375">
        <ele>54</ele>
        <time>2026-08-03T16:29:26.000Z</time>
        <extensions>
          <ns3:TrackPointExtension>
            <ns3:atemp>22.0</ns3:atemp>
            <ns3:hr>123</ns3:hr>
            <ns3:cad>92</ns3:cad>
          </ns3:TrackPointExtension>
        </extensions>
      </trkpt>
      <trkpt lat="47.68472283147275447845458984375" lon="-122.3449725843966007232666015625">
        <ele>54.799999237060546875</ele>
        <time>2026-08-03T16:29:30.000Z</time>
        <extensions>
          <ns3:TrackPointExtension>
            <ns3:atemp>22.0</ns3:atemp>
            <ns3:hr>124</ns3:hr>
            <ns3:cad>95</ns3:cad>
          </ns3:TrackPointExtension>
        </extensions>
      </trkpt>
      <trkpt lat="47.6847197301685810089111328125" lon="-122.3450771905481815338134765625">
        <ele>55</ele>
        <time>2026-08-03T16:29:33.000Z</time>
        <extensions>
          <ns3:TrackPointExtension>
            <ns3:atemp>22.0</ns3:atemp>
            <ns3:hr>123</ns3:hr>
            <ns3:cad>97</ns3:cad>
          </ns3:TrackPointExtension>
        </extensions>
      </trkpt>
      <trkpt lat="47.6847572810947895050048828125" lon="-122.3452783562242984771728515625">
        <ele>55.799999237060546875</ele>
        <time>2026-08-03T16:29:38.000Z</time>
        <extensions>
          <ns3:TrackPointExtension>
            <ns3:atemp>22.0</ns3:atemp>
            <ns3:hr>122</ns3:hr>
            <ns3:cad>97</ns3:cad>
          </ns3:TrackPointExtension>
        </extensions>
      </trkpt>
      <trkpt lat="47.6847557723522186279296875" lon="-122.34531012363731861114501953125">
        <ele>56</ele>
        <time>2026-08-03T16:29:39.000Z</time>
        <extensions>
          <ns3:TrackPointExtension>
            <ns3:atemp>22.0</ns3:atemp>
            <ns3:hr>122</ns3:hr>
            <ns3:cad>97</ns3:cad>
          </ns3:TrackPointExtension>
        </extensions>
      </trkpt>
      <trkpt lat="47.68476717174053192138671875" lon="-122.34534365125000476837158203125">
        <ele>56.200000762939453125</ele>
        <time>2026-08-03T16:29:40.000Z</time>
        <extensions>
          <ns3:TrackPointExtension>
            <ns3:atemp>22.0</ns3:atemp>
            <ns3:hr>122</ns3:hr>
            <ns3:cad>97</ns3:cad>
          </ns3:TrackPointExtension>
        </extensions>
      </trkpt>
      <trkpt lat="47.6847723685204982757568359375" lon="-122.34537650831043720245361328125">
        <ele>56.200000762939453125</ele>
        <time>2026-08-03T16:29:41.000Z</time>
        <extensions>
          <ns3:TrackPointExtension>
            <ns3:atemp>22.0</ns3:atemp>
            <ns3:hr>122</ns3:hr>
            <ns3:cad>96</ns3:cad>
          </ns3:TrackPointExtension>
        </extensions>
      </trkpt>
      <trkpt lat="47.6847914792597293853759765625" lon="-122.34556610696017742156982421875">
        <ele>57</ele>
        <time>2026-08-03T16:29:47.000Z</time>
        <extensions>
          <ns3:TrackPointExtension>
            <ns3:atemp>22.0</ns3:atemp>
            <ns3:hr>124</ns3:hr>
            <ns3:cad>95</ns3:cad>
          </ns3:TrackPointExtension>
        </extensions>
      </trkpt>
      <trkpt lat="47.68479323945939540863037109375" lon="-122.34559527598321437835693359375">
        <ele>57.59999847412109375</ele>
        <time>2026-08-03T16:29:48.000Z</time>
        <extensions>
          <ns3:TrackPointExtension>
            <ns3:atemp>22.0</ns3:atemp>
            <ns3:hr>124</ns3:hr>
            <ns3:cad>95</ns3:cad>
          </ns3:TrackPointExtension>
        </extensions>
      </trkpt>
      <trkpt lat="47.68479089252650737762451171875" lon="-122.34567574225366115570068359375">
        <ele>58.40000152587890625</ele>
        <time>2026-08-03T16:29:51.000Z</time>
        <extensions>
          <ns3:TrackPointExtension>
            <ns3:atemp>22.0</ns3:atemp>
            <ns3:hr>127</ns3:hr>
            <ns3:cad>95</ns3:cad>
          </ns3:TrackPointExtension>
        </extensions>
      </trkpt>
      <trkpt lat="47.68479038961231708526611328125" lon="-122.34570507891476154327392578125">
        <ele>58.799999237060546875</ele>
        <time>2026-08-03T16:29:52.000Z</time>
        <extensions>
          <ns3:TrackPointExtension>
            <ns3:atemp>22.0</ns3:atemp>
            <ns3:hr>127</ns3:hr>
            <ns3:cad>95</ns3:cad>
          </ns3:TrackPointExtension>
        </extensions>
      </trkpt>
      <trkpt lat="47.6847991906106472015380859375" lon="-122.3457522690296173095703125">
        <ele>59.200000762939453125</ele>
        <time>2026-08-03T16:29:54.000Z</time>
        <extensions>
          <ns3:TrackPointExtension>
            <ns3:atemp>22.0</ns3:atemp>
            <ns3:hr>128</ns3:hr>
            <ns3:cad>97</ns3:cad>
          </ns3:TrackPointExtension>
        </extensions>
      </trkpt>
      <trkpt lat="47.68481201492249965667724609375" lon="-122.3457983694970607757568359375">
        <ele>59.40000152587890625</ele>
        <time>2026-08-03T16:29:55.000Z</time>
        <extensions>
          <ns3:TrackPointExtension>
            <ns3:atemp>22.0</ns3:atemp>
            <ns3:hr>128</ns3:hr>
            <ns3:cad>97</ns3:cad>
          </ns3:TrackPointExtension>
        </extensions>
      </trkpt>
      <trkpt lat="47.68481788225471973419189453125" lon="-122.3458781652152538299560546875">
        <ele>59.799999237060546875</ele>
        <time>2026-08-03T16:29:58.000Z</time>
        <extensions>
          <ns3:TrackPointExtension>
            <ns3:atemp>22.0</ns3:atemp>
            <ns3:hr>127</ns3:hr>
            <ns3:cad>94</ns3:cad>
          </ns3:TrackPointExtension>
        </extensions>
      </trkpt>
      <trkpt lat="47.684828527271747589111328125" lon="-122.3459277860820293426513671875">
        <ele>60.200000762939453125</ele>
        <time>2026-08-03T16:30:00.000Z</time>
        <extensions>
          <ns3:TrackPointExtension>
            <ns3:atemp>22.0</ns3:atemp>
            <ns3:hr>130</ns3:hr>
            <ns3:cad>94</ns3:cad>
          </ns3:TrackPointExtension>
        </extensions>
      </trkpt>
      <trkpt lat="47.68483883701264858245849609375" lon="-122.34601755626499652862548828125">
        <ele>60.59999847412109375</ele>
        <time>2026-08-03T16:30:03.000Z</time>
        <extensions>
          <ns3:TrackPointExtension>
            <ns3:atemp>22.0</ns3:atemp>
            <ns3:hr>131</ns3:hr>
            <ns3:cad>92</ns3:cad>
          </ns3:TrackPointExtension>
        </extensions>
      </trkpt>
      <trkpt lat="47.68484218977391719818115234375" lon="-122.3460401035845279693603515625">
        <ele>60.799999237060546875</ele>
        <time>2026-08-03T16:30:04.000Z</time>
        <extensions>
          <ns3:TrackPointExtension>
            <ns3:atemp>22.0</ns3:atemp>
            <ns3:hr>131</ns3:hr>
            <ns3:cad>93</ns3:cad>
          </ns3:TrackPointExtension>
        </extensions>
      </trkpt>
      <trkpt lat="47.6848350651562213897705078125" lon="-122.3462137766182422637939453125">
        <ele>62.200000762939453125</ele>
        <time>2026-08-03T16:30:10.000Z</time>
        <extensions>
          <ns3:TrackPointExtension>
            <ns3:atemp>22.0</ns3:atemp>
            <ns3:hr>132</ns3:hr>
            <ns3:cad>96</ns3:cad>
          </ns3:TrackPointExtension>
        </extensions>
      </trkpt>
      <trkpt lat="47.6848414354026317596435546875" lon="-122.3463063128292560577392578125">
        <ele>63.40000152587890625</ele>
        <time>2026-08-03T16:30:13.000Z</time>
        <extensions>
          <ns3:TrackPointExtension>
            <ns3:atemp>22.0</ns3:atemp>
            <ns3:hr>135</ns3:hr>
            <ns3:cad>95</ns3:cad>
          </ns3:TrackPointExtension>
        </extensions>
      </trkpt>
      <trkpt lat="47.68484621308743953704833984375" lon="-122.34636716544628143310546875">
        <ele>63.59999847412109375</ele>
        <time>2026-08-03T16:30:15.000Z</time>
        <extensions>
          <ns3:TrackPointExtension>
            <ns3:atemp>22.0</ns3:atemp>
            <ns3:hr>133</ns3:hr>
            <ns3:cad>96</ns3:cad>
          </ns3:TrackPointExtension>
        </extensions>
      </trkpt>
      <trkpt lat="47.68484151922166347503662109375" lon="-122.34641552902758121490478515625">
        <ele>63.799999237060546875</ele>
        <time>2026-08-03T16:30:17.000Z</time>
        <extensions>
          <ns3:TrackPointExtension>
            <ns3:atemp>22.0</ns3:atemp>
            <ns3:hr>133</ns3:hr>
            <ns3:cad>96</ns3:cad>
          </ns3:TrackPointExtension>
        </extensions>
      </trkpt>
      <trkpt lat="47.68482794053852558135986328125" lon="-122.34646045602858066558837890625">
        <ele>64</ele>
        <time>2026-08-03T16:30:19.000Z</time>
        <extensions>
          <ns3:TrackPointExtension>
            <ns3:atemp>22.0</ns3:atemp>
            <ns3:hr>135</ns3:hr>
            <ns3:cad>96</ns3:cad>
          </ns3:TrackPointExtension>
        </extensions>
      </trkpt>
      <trkpt lat="47.68482173793017864227294921875" lon="-122.346506975591182708740234375">
        <ele>64.59999847412109375</ele>
        <time>2026-08-03T16:30:21.000Z</time>
        <extensions>
          <ns3:TrackPointExtension>
            <ns3:atemp>23.0</ns3:atemp>
            <ns3:hr>134</ns3:hr>
            <ns3:cad>95</ns3:cad>
          </ns3:TrackPointExtension>
        </extensions>
      </trkpt>
      <trkpt lat="47.68480832688510417938232421875" lon="-122.34660211019217967987060546875">
        <ele>65.1999969482421875</ele>
        <time>2026-08-03T16:30:24.000Z</time>
        <extensions>
          <ns3:TrackPointExtension>
            <ns3:atemp>23.0</ns3:atemp>
            <ns3:hr>134</ns3:hr>
            <ns3:cad>95</ns3:cad>
          </ns3:TrackPointExtension>
        </extensions>
      </trkpt>
      <trkpt lat="47.68481117673218250274658203125" lon="-122.34668928198516368865966796875">
        <ele>65.40000152587890625</ele>
        <time>2026-08-03T16:30:27.000Z</time>
        <extensions>
          <ns3:TrackPointExtension>
            <ns3:atemp>23.0</ns3:atemp>
            <ns3:hr>135</ns3:hr>
            <ns3:cad>94</ns3:cad>
          </ns3:TrackPointExtension>
        </extensions>
      </trkpt>
      <trkpt lat="47.68479910679161548614501953125" lon="-122.3467116616666316986083984375">
        <ele>65.59999847412109375</ele>
        <time>2026-08-03T16:30:28.000Z</time>
        <extensions>
          <ns3:TrackPointExtension>
            <ns3:atemp>23.0</ns3:atemp>
            <ns3:hr>135</ns3:hr>
            <ns3:cad>94</ns3:cad>
          </ns3:TrackPointExtension>
        </extensions>
      </trkpt>
      <trkpt lat="47.68479508347809314727783203125" lon="-122.34674594365060329437255859375">
        <ele>65.8000030517578125</ele>
        <time>2026-08-03T16:30:29.000Z</time>
        <extensions>
          <ns3:TrackPointExtension>
            <ns3:atemp>23.0</ns3:atemp>
            <ns3:hr>134</ns3:hr>
            <ns3:cad>94</ns3:cad>
          </ns3:TrackPointExtension>
        </extensions>
      </trkpt>
      <trkpt lat="47.68478192389011383056640625" lon="-122.34699052758514881134033203125">
        <ele>66.40000152587890625</ele>
        <time>2026-08-03T16:30:37.000Z</time>
        <extensions>
          <ns3:TrackPointExtension>
            <ns3:atemp>22.0</ns3:atemp>
            <ns3:hr>138</ns3:hr>
            <ns3:cad>94</ns3:cad>
          </ns3:TrackPointExtension>
        </extensions>
      </trkpt>
      <trkpt lat="47.684805728495121002197265625" lon="-122.34710074961185455322265625">
        <ele>66.59999847412109375</ele>
        <time>2026-08-03T16:30:41.000Z</time>
        <extensions>
          <ns3:TrackPointExtension>
            <ns3:atemp>22.0</ns3:atemp>
            <ns3:hr>136</ns3:hr>
            <ns3:cad>94</ns3:cad>
          </ns3:TrackPointExtension>
        </extensions>
      </trkpt>
      <trkpt lat="47.68482618033885955810546875" lon="-122.3471099697053432464599609375">
        <ele>67</ele>
        <time>2026-08-03T16:30:42.000Z</time>
        <extensions>
          <ns3:TrackPointExtension>
            <ns3:atemp>22.0</ns3:atemp>
            <ns3:hr>136</ns3:hr>
            <ns3:cad>94</ns3:cad>
          </ns3:TrackPointExtension>
        </extensions>
      </trkpt>
      <trkpt lat="47.68491268157958984375" lon="-122.34712757170200347900390625">
        <ele>67.8000030517578125</ele>
        <time>2026-08-03T16:30:47.000Z</time>
        <extensions>
          <ns3:TrackPointExtension>
            <ns3:atemp>22.0</ns3:atemp>
            <ns3:hr>136</ns3:hr>
            <ns3:cad>95</ns3:cad>
          </ns3:TrackPointExtension>
        </extensions>
      </trkpt>
      <trkpt lat="47.68504746258258819580078125" lon="-122.347153723239898681640625">
        <ele>67.40000152587890625</ele>
        <time>2026-08-03T16:30:53.000Z</time>
        <extensions>
          <ns3:TrackPointExtension>
            <ns3:atemp>22.0</ns3:atemp>
            <ns3:hr>136</ns3:hr>
            <ns3:cad>95</ns3:cad>
          </ns3:TrackPointExtension>
        </extensions>
      </trkpt>
      <trkpt lat="47.6850912161171436309814453125" lon="-122.34716369770467281341552734375">
        <ele>67.40000152587890625</ele>
        <time>2026-08-03T16:30:55.000Z</time>
        <extensions>
          <ns3:TrackPointExtension>
            <ns3:atemp>22.0</ns3:atemp>
            <ns3:hr>136</ns3:hr>
            <ns3:cad>95</ns3:cad>
          </ns3:TrackPointExtension>
        </extensions>
      </trkpt>
      <trkpt lat="47.68510487861931324005126953125" lon="-122.34716378152370452880859375">
        <ele>67.59999847412109375</ele>
        <time>2026-08-03T16:30:56.000Z</time>
        <extensions>
          <ns3:TrackPointExtension>
            <ns3:atemp>22.0</ns3:atemp>
            <ns3:hr>136</ns3:hr>
            <ns3:cad>95</ns3:cad>
          </ns3:TrackPointExtension>
        </extensions>
      </trkpt>
      <trkpt lat="47.68513329327106475830078125" lon="-122.34715380705893039703369140625">
        <ele>68</ele>
        <time>2026-08-03T16:30:58.000Z</time>
        <extensions>
          <ns3:TrackPointExtension>
            <ns3:atemp>22.0</ns3:atemp>
            <ns3:hr>135</ns3:hr>
            <ns3:cad>94</ns3:cad>
          </ns3:TrackPointExtension>
        </extensions>
      </trkpt>
      <trkpt lat="47.68518517725169658660888671875" lon="-122.34716453589498996734619140625">
        <ele>68</ele>
        <time>2026-08-03T16:31:00.000Z</time>
        <extensions>
          <ns3:TrackPointExtension>
            <ns3:atemp>22.0</ns3:atemp>
            <ns3:hr>135</ns3:hr>
            <ns3:cad>94</ns3:cad>
          </ns3:TrackPointExtension>
        </extensions>
      </trkpt>
      <trkpt lat="47.6852001808583736419677734375" lon="-122.3471662960946559906005859375">
        <ele>68.1999969482421875</ele>
        <time>2026-08-03T16:31:01.000Z</time>
        <extensions>
          <ns3:TrackPointExtension>
            <ns3:atemp>22.0</ns3:atemp>
            <ns3:hr>134</ns3:hr>
            <ns3:cad>95</ns3:cad>
          </ns3:TrackPointExtension>
        </extensions>
      </trkpt>
      <trkpt lat="47.68525256775319576263427734375" lon="-122.3471696488559246063232421875">
        <ele>68.40000152587890625</ele>
        <time>2026-08-03T16:31:03.000Z</time>
        <extensions>
          <ns3:TrackPointExtension>
            <ns3:atemp>22.0</ns3:atemp>
            <ns3:hr>134</ns3:hr>
            <ns3:cad>95</ns3:cad>
          </ns3:TrackPointExtension>
        </extensions>
      </trkpt>
      <trkpt lat="47.6853131689131259918212890625" lon="-122.347165457904338836669921875">
        <ele>69.1999969482421875</ele>
        <time>2026-08-03T16:31:06.000Z</time>
        <extensions>
          <ns3:TrackPointExtension>
            <ns3:atemp>22.0</ns3:atemp>
            <ns3:hr>137</ns3:hr>
            <ns3:cad>94</ns3:cad>
          </ns3:TrackPointExtension>
        </extensions>
      </trkpt>
      <trkpt lat="47.68537871539592742919921875" lon="-122.3471874184906482696533203125">
        <ele>68.59999847412109375</ele>
        <time>2026-08-03T16:31:09.000Z</time>
        <extensions>
          <ns3:TrackPointExtension>
            <ns3:atemp>22.0</ns3:atemp>
            <ns3:hr>135</ns3:hr>
            <ns3:cad>95</ns3:cad>
          </ns3:TrackPointExtension>
        </extensions>
      </trkpt>
      <trkpt lat="47.685468904674053192138671875" lon="-122.34724969603121280670166015625">
        <ele>68.8000030517578125</ele>
        <time>2026-08-03T16:31:14.000Z</time>
        <extensions>
          <ns3:TrackPointExtension>
            <ns3:atemp>22.0</ns3:atemp>
            <ns3:hr>133</ns3:hr>
            <ns3:cad>96</ns3:cad>
          </ns3:TrackPointExtension>
        </extensions>
      </trkpt>
      <trkpt lat="47.68547669984400272369384765625" lon="-122.3472650349140167236328125">
        <ele>69.1999969482421875</ele>
        <time>2026-08-03T16:31:15.000Z</time>
        <extensions>
          <ns3:TrackPointExtension>
            <ns3:atemp>22.0</ns3:atemp>
            <ns3:hr>136</ns3:hr>
            <ns3:cad>95</ns3:cad>
          </ns3:TrackPointExtension>
        </extensions>
      </trkpt>
      <trkpt lat="47.68548508174717426300048828125" lon="-122.347287498414516448974609375">
        <ele>69.40000152587890625</ele>
        <time>2026-08-03T16:31:16.000Z</time>
        <extensions>
          <ns3:TrackPointExtension>
            <ns3:atemp>22.0</ns3:atemp>
            <ns3:hr>136</ns3:hr>
            <ns3:cad>94</ns3:cad>
          </ns3:TrackPointExtension>
        </extensions>
      </trkpt>
      <trkpt lat="47.685534954071044921875" lon="-122.3473910987377166748046875">
        <ele>69.8000030517578125</ele>
        <time>2026-08-03T16:31:20.000Z</time>
        <extensions>
          <ns3:TrackPointExtension>
            <ns3:atemp>22.0</ns3:atemp>
            <ns3:hr>136</ns3:hr>
            <ns3:cad>96</ns3:cad>
          </ns3:TrackPointExtension>
        </extensions>
      </trkpt>
      <trkpt lat="47.68558499403297901153564453125" lon="-122.34741297550499439239501953125">
        <ele>70</ele>
        <time>2026-08-03T16:31:22.000Z</time>
        <extensions>
          <ns3:TrackPointExtension>
            <ns3:atemp>22.0</ns3:atemp>
            <ns3:hr>136</ns3:hr>
            <ns3:cad>96</ns3:cad>
          </ns3:TrackPointExtension>
        </extensions>
      </trkpt>
      <trkpt lat="47.68562807701528072357177734375" lon="-122.347418256103992462158203125">
        <ele>70</ele>
        <time>2026-08-03T16:31:24.000Z</time>
        <extensions>
          <ns3:TrackPointExtension>
            <ns3:atemp>22.0</ns3:atemp>
            <ns3:hr>139</ns3:hr>
            <ns3:cad>97</ns3:cad>
          </ns3:TrackPointExtension>
        </extensions>
      </trkpt>
      <trkpt lat="47.68565959297120571136474609375" lon="-122.34742521308362483978271484375">
        <ele>69.40000152587890625</ele>
        <time>2026-08-03T16:31:25.000Z</time>
        <extensions>
          <ns3:TrackPointExtension>
            <ns3:atemp>22.0</ns3:atemp>
            <ns3:hr>136</ns3:hr>
            <ns3:cad>95</ns3:cad>
          </ns3:TrackPointExtension>
        </extensions>
      </trkpt>
      <trkpt lat="47.685749195516109466552734375" lon="-122.347433008253574371337890625">
        <ele>69.8000030517578125</ele>
        <time>2026-08-03T16:31:28.000Z</time>
        <extensions>
          <ns3:TrackPointExtension>
            <ns3:atemp>22.0</ns3:atemp>
            <ns3:hr>136</ns3:hr>
            <ns3:cad>95</ns3:cad>
          </ns3:TrackPointExtension>
        </extensions>
      </trkpt>
      <trkpt lat="47.685785405337810516357421875" lon="-122.347411215305328369140625">
        <ele>69.8000030517578125</ele>
        <time>2026-08-03T16:31:30.000Z</time>
        <extensions>
          <ns3:TrackPointExtension>
            <ns3:atemp>22.0</ns3:atemp>
            <ns3:hr>134</ns3:hr>
            <ns3:cad>95</ns3:cad>
          </ns3:TrackPointExtension>
        </extensions>
      </trkpt>
      <trkpt lat="47.6857932843267917633056640625" lon="-122.3474016599357128143310546875">
        <ele>70</ele>
        <time>2026-08-03T16:31:31.000Z</time>
        <extensions>
          <ns3:TrackPointExtension>
            <ns3:atemp>22.0</ns3:atemp>
            <ns3:hr>135</ns3:hr>
            <ns3:cad>95</ns3:cad>
          </ns3:TrackPointExtension>
        </extensions>
      </trkpt>
      <trkpt lat="47.68581189215183258056640625" lon="-122.3474018275737762451171875">
        <ele>70</ele>
        <time>2026-08-03T16:31:32.000Z</time>
        <extensions>
          <ns3:TrackPointExtension>
            <ns3:atemp>22.0</ns3:atemp>
            <ns3:hr>135</ns3:hr>
            <ns3:cad>95</ns3:cad>
          </ns3:TrackPointExtension>
        </extensions>
      </trkpt>
      <trkpt lat="47.68590233288705348968505859375" lon="-122.34739981591701507568359375">
        <ele>70.40000152587890625</ele>
        <time>2026-08-03T16:31:36.000Z</time>
        <extensions>
          <ns3:TrackPointExtension>
            <ns3:atemp>22.0</ns3:atemp>
            <ns3:hr>135</ns3:hr>
            <ns3:cad>95</ns3:cad>
          </ns3:TrackPointExtension>
        </extensions>
      </trkpt>
      <trkpt lat="47.686046250164508819580078125" lon="-122.3474211059510707855224609375">
        <ele>70.8000030517578125</ele>
        <time>2026-08-03T16:31:43.000Z</time>
        <extensions>
          <ns3:TrackPointExtension>
            <ns3:atemp>22.0</ns3:atemp>
            <ns3:hr>133</ns3:hr>
            <ns3:cad>93</ns3:cad>
          </ns3:TrackPointExtension>
        </extensions>
      </trkpt>
      <trkpt lat="47.6860879920423030853271484375" lon="-122.3474140651524066925048828125">
        <ele>70.8000030517578125</ele>
        <time>2026-08-03T16:31:45.000Z</time>
        <extensions>
          <ns3:TrackPointExtension>
            <ns3:atemp>22.0</ns3:atemp>
            <ns3:hr>136</ns3:hr>
            <ns3:cad>94</ns3:cad>
          </ns3:TrackPointExtension>
        </extensions>
      </trkpt>
      <trkpt lat="47.68611975945532321929931640625" lon="-122.347416244447231292724609375">
        <ele>71</ele>
        <time>2026-08-03T16:31:46.000Z</time>
        <extensions>
          <ns3:TrackPointExtension>
            <ns3:atemp>22.0</ns3:atemp>
            <ns3:hr>134</ns3:hr>
            <ns3:cad>94</ns3:cad>
          </ns3:TrackPointExtension>
        </extensions>
      </trkpt>
      <trkpt lat="47.68611975945532321929931640625" lon="-122.347416244447231292724609375">
        <ele>71</ele>
        <time>2026-08-03T16:31:47.000Z</time>
        <extensions>
          <ns3:TrackPointExtension>
            <ns3:atemp>22.0</ns3:atemp>
            <ns3:hr>134</ns3:hr>
            <ns3:cad>94</ns3:cad>
          </ns3:TrackPointExtension>
        </extensions>
      </trkpt>
      <trkpt lat="47.6860296539962291717529296875" lon="-122.347370646893978118896484375">
        <ele>70.59999847412109375</ele>
        <time>2026-08-03T16:31:52.000Z</time>
        <extensions>
          <ns3:TrackPointExtension>
            <ns3:atemp>22.0</ns3:atemp>
            <ns3:hr>136</ns3:hr>
            <ns3:cad>91</ns3:cad>
          </ns3:TrackPointExtension>
        </extensions>
      </trkpt>
      <trkpt lat="47.6860159076750278472900390625" lon="-122.34738145954906940460205078125">
        <ele>70.59999847412109375</ele>
        <time>2026-08-03T16:31:54.000Z</time>
        <extensions>
          <ns3:TrackPointExtension>
            <ns3:atemp>22.0</ns3:atemp>
            <ns3:hr>136</ns3:hr>
            <ns3:cad>93</ns3:cad>
          </ns3:TrackPointExtension>
        </extensions>
      </trkpt>
      <trkpt lat="47.68598782829940319061279296875" lon="-122.34737223945558071136474609375">
        <ele>70.59999847412109375</ele>
        <time>2026-08-03T16:31:56.000Z</time>
        <extensions>
          <ns3:TrackPointExtension>
            <ns3:atemp>22.0</ns3:atemp>
            <ns3:hr>135</ns3:hr>
            <ns3:cad>93</ns3:cad>
          </ns3:TrackPointExtension>
        </extensions>
      </trkpt>
      <trkpt lat="47.6859354414045810699462890625" lon="-122.3473698087036609649658203125">
        <ele>70.1999969482421875</ele>
        <time>2026-08-03T16:31:59.000Z</time>
        <extensions>
          <ns3:TrackPointExtension>
            <ns3:atemp>22.0</ns3:atemp>
            <ns3:hr>135</ns3:hr>
            <ns3:cad>94</ns3:cad>
          </ns3:TrackPointExtension>
        </extensions>
      </trkpt>
      <trkpt lat="47.68588967621326446533203125" lon="-122.34748028218746185302734375">
        <ele>69.59999847412109375</ele>
        <time>2026-08-03T16:32:04.000Z</time>
        <extensions>
          <ns3:TrackPointExtension>
            <ns3:atemp>22.0</ns3:atemp>
            <ns3:hr>137</ns3:hr>
            <ns3:cad>95</ns3:cad>
          </ns3:TrackPointExtension>
        </extensions>
      </trkpt>
      <trkpt lat="47.6858931966125965118408203125" lon="-122.34750417061150074005126953125">
        <ele>69.59999847412109375</ele>
        <time>2026-08-03T16:32:05.000Z</time>
        <extensions>
          <ns3:TrackPointExtension>
            <ns3:atemp>22.0</ns3:atemp>
            <ns3:hr>139</ns3:hr>
            <ns3:cad>93</ns3:cad>
          </ns3:TrackPointExtension>
        </extensions>
      </trkpt>
    </trkseg>
  </trk>
</gpx>
