<gpx xmlns:ns3="http://www.garmin.com/xmlschemas/TrackPointExtension/v1" xmlns="http://www.topografix.com/GPX/1/1" xmlns:xsi="http://www.w3.org/2001/XMLSchema-instance" xmlns:ns2="http://www.garmin.com/xmlschemas/GpxExtensions/v3" creator="Garmin Connect" version="1.1" xsi:schemaLocation="http://www.topografix.com/GPX/1/1 http://www.topografix.com/GPX/11.xsd">
  <extensions>
<distance>5743.91</distance>
<average_hr>141.0</average_hr>
<average_speed>2.990000009536743</average_speed>
<start_time>2026-08-19T04:47:36+00:00</start_time>
<end_time>2026-08-19T05:19:37.037000+00:00</end_time>
<moving_time>1916.718</moving_time>
<elapsed_time>1931.99</elapsed_time>
</extensions>
<metadata>
    <link href="connect.garmin.com">
      <text>Garmin Connect</text>
    </link>
    <time>2026-08-19T04:47:36.000Z</time>
  </metadata>
  <trk>
    <name>Seattle Running</name>
    <type>running</type>
    <trkseg>
      <trkpt lat="47.68587500788271427154541015625" lon="-122.34842165373265743255615234375">
        <ele>83.59999847412109375</ele>
        <time>2026-08-19T04:47:36.000Z</time>
        <extensions>
          <ns3:TrackPointExtension>
            <ns3:atemp>31.0</ns3:atemp>
            <ns3:hr>81</ns3:hr>
            <ns3:cad>50</ns3:cad>
          </ns3:TrackPointExtension>
        </extensions>
      </trkpt>
      <trkpt lat="47.68586645834147930145263671875" lon="-122.34842198900878429412841796875">
        <ele>83.59999847412109375</ele>
        <time>2026-08-19T04:47:37.000Z</time>
        <extensions>
          <ns3:TrackPointExtension>
            <ns3:atemp>31.0</ns3:atemp>
            <ns3:hr>81</ns3:hr>
            <ns3:cad>0</ns3:cad>
          </ns3:TrackPointExtension>
        </extensions>
      </trkpt>
      <trkpt lat="47.685863859951496124267578125" lon="-122.3483662493526935577392578125">
        <ele>83.59999847412109375</ele>
        <time>2026-08-19T04:47:40.000Z</time>
        <extensions>
          <ns3:TrackPointExtension>
            <ns3:atemp>31.0</ns3:atemp>
            <ns3:hr>85</ns3:hr>
            <ns3:cad>0</ns3:cad>
          </ns3:TrackPointExtension>
        </extensions>
      </trkpt>
      <trkpt lat="47.685866542160511016845703125" lon="-122.3483137786388397216796875">
        <ele>83.59999847412109375</ele>
        <time>2026-08-19T04:47:42.000Z</time>
        <extensions>
          <ns3:TrackPointExtension>
            <ns3:atemp>31.0</ns3:atemp>
            <ns3:hr>88</ns3:hr>
            <ns3:cad>94</ns3:cad>
          </ns3:TrackPointExtension>
        </extensions>
      </trkpt>
      <trkpt lat="47.6858750917017459869384765625" lon="-122.34823800623416900634765625">
        <ele>83</ele>
        <time>2026-08-19T04:47:45.000Z</time>
        <extensions>
          <ns3:TrackPointExtension>
            <ns3:atemp>31.0</ns3:atemp>
            <ns3:hr>90</ns3:hr>
            <ns3:cad>94</ns3:cad>
          </ns3:TrackPointExtension>
        </extensions>
      </trkpt>
      <trkpt lat="47.68589160405099391937255859375" lon="-122.34808855690062046051025390625">
        <ele>82.59999847412109375</ele>
        <time>2026-08-19T04:47:50.000Z</time>
        <extensions>
          <ns3:TrackPointExtension>
            <ns3:atemp>31.0</ns3:atemp>
            <ns3:hr>92</ns3:hr>
            <ns3:cad>94</ns3:cad>
          </ns3:TrackPointExtension>
        </extensions>
      </trkpt>
      <trkpt lat="47.68589965067803859710693359375" lon="-122.3479602299630641937255859375">
        <ele>82.1999969482421875</ele>
        <time>2026-08-19T04:47:54.000Z</time>
        <extensions>
          <ns3:TrackPointExtension>
            <ns3:atemp>31.0</ns3:atemp>
            <ns3:hr>92</ns3:hr>
            <ns3:cad>94</ns3:cad>
          </ns3:TrackPointExtension>
        </extensions>
      </trkpt>
      <trkpt lat="47.68591088242828845977783203125" lon="-122.3478452302515506744384765625">
        <ele>82</ele>
        <time>2026-08-19T04:47:58.000Z</time>
        <extensions>
          <ns3:TrackPointExtension>
            <ns3:atemp>31.0</ns3:atemp>
            <ns3:hr>97</ns3:hr>
            <ns3:cad>95</ns3:cad>
          </ns3:TrackPointExtension>
        </extensions>
      </trkpt>
      <trkpt lat="47.6859123073518276214599609375" lon="-122.3478076793253421783447265625">
        <ele>81.8000030517578125</ele>
        <time>2026-08-19T04:47:59.000Z</time>
        <extensions>
          <ns3:TrackPointExtension>
            <ns3:atemp>31.0</ns3:atemp>
            <ns3:hr>100</ns3:hr>
            <ns3:cad>93</ns3:cad>
          </ns3:TrackPointExtension>
        </extensions>
      </trkpt>
      <trkpt lat="47.68591641448438167572021484375" lon="-122.3477439768612384796142578125">
        <ele>81.59999847412109375</ele>
        <time>2026-08-19T04:48:01.000Z</time>
        <extensions>
          <ns3:TrackPointExtension>
            <ns3:atemp>31.0</ns3:atemp>
            <ns3:hr>103</ns3:hr>
            <ns3:cad>93</ns3:cad>
          </ns3:TrackPointExtension>
        </extensions>
      </trkpt>
      <trkpt lat="47.68592395819723606109619140625" lon="-122.3476780951023101806640625">
        <ele>81.59999847412109375</ele>
        <time>2026-08-19T04:48:03.000Z</time>
        <extensions>
          <ns3:TrackPointExtension>
            <ns3:atemp>30.0</ns3:atemp>
            <ns3:hr>105</ns3:hr>
            <ns3:cad>94</ns3:cad>
          </ns3:TrackPointExtension>
        </extensions>
      </trkpt>
      <trkpt lat="47.68593250773847103118896484375" lon="-122.34761330299079418182373046875">
        <ele>80.8000030517578125</ele>
        <time>2026-08-19T04:48:05.000Z</time>
        <extensions>
          <ns3:TrackPointExtension>
            <ns3:atemp>30.0</ns3:atemp>
            <ns3:hr>108</ns3:hr>
            <ns3:cad>93</ns3:cad>
          </ns3:TrackPointExtension>
        </extensions>
      </trkpt>
      <trkpt lat="47.685939967632293701171875" lon="-122.34756133519113063812255859375">
        <ele>80.59999847412109375</ele>
        <time>2026-08-19T04:48:07.000Z</time>
        <extensions>
          <ns3:TrackPointExtension>
            <ns3:atemp>30.0</ns3:atemp>
            <ns3:hr>111</ns3:hr>
            <ns3:cad>93</ns3:cad>
          </ns3:TrackPointExtension>
        </extensions>
      </trkpt>
      <trkpt lat="47.68594021908938884735107421875" lon="-122.34749771654605865478515625">
        <ele>80.1999969482421875</ele>
        <time>2026-08-19T04:48:09.000Z</time>
        <extensions>
          <ns3:TrackPointExtension>
            <ns3:atemp>30.0</ns3:atemp>
            <ns3:hr>114</ns3:hr>
            <ns3:cad>94</ns3:cad>
          </ns3:TrackPointExtension>
        </extensions>
      </trkpt>
      <trkpt lat="47.68594239838421344757080078125" lon="-122.34737609513103961944580078125">
        <ele>80</ele>
        <time>2026-08-19T04:48:13.000Z</time>
        <extensions>
          <ns3:TrackPointExtension>
            <ns3:atemp>30.0</ns3:atemp>
            <ns3:hr>115</ns3:hr>
            <ns3:cad>95</ns3:cad>
          </ns3:TrackPointExtension>
        </extensions>
      </trkpt>
      <trkpt lat="47.68589747138321399688720703125" lon="-122.3473332636058330535888671875">
        <ele>79.8000030517578125</ele>
        <time>2026-08-19T04:48:15.000Z</time>
        <extensions>
          <ns3:TrackPointExtension>
            <ns3:atemp>30.0</ns3:atemp>
            <ns3:hr>119</ns3:hr>
            <ns3:cad>95</ns3:cad>
          </ns3:TrackPointExtension>
        </extensions>
      </trkpt>
      <trkpt lat="47.6858727447688579559326171875" lon="-122.34733351506292819976806640625">
        <ele>79.59999847412109375</ele>
        <time>2026-08-19T04:48:16.000Z</time>
        <extensions>
          <ns3:TrackPointExtension>
            <ns3:atemp>30.0</ns3:atemp>
            <ns3:hr>118</ns3:hr>
            <ns3:cad>95</ns3:cad>
          </ns3:TrackPointExtension>
        </extensions>
      </trkpt>
      <trkpt lat="47.6858077012002468109130859375" lon="-122.34734089113771915435791015625">
        <ele>79.59999847412109375</ele>
        <time>2026-08-19T04:48:18.000Z</time>
        <extensions>
          <ns3:TrackPointExtension>
            <ns3:atemp>30.0</ns3:atemp>
            <ns3:hr>118</ns3:hr>
            <ns3:cad>95</ns3:cad>
          </ns3:TrackPointExtension>
        </extensions>
      </trkpt>
      <trkpt lat="47.6857000775635242462158203125" lon="-122.3473614268004894256591796875">
        <ele>79.40000152587890625</ele>
        <time>2026-08-19T04:48:22.000Z</time>
        <extensions>
          <ns3:TrackPointExtension>
            <ns3:atemp>30.0</ns3:atemp>
            <ns3:hr>122</ns3:hr>
            <ns3:cad>96</ns3:cad>
          </ns3:TrackPointExtension>
        </extensions>
      </trkpt>
      <trkpt lat="47.68567350693047046661376953125" lon="-122.34736503101885318756103515625">
        <ele>79.1999969482421875</ele>
        <time>2026-08-19T04:48:23.000Z</time>
        <extensions>
          <ns3:TrackPointExtension>
            <ns3:atemp>30.0</ns3:atemp>
            <ns3:hr>119</ns3:hr>
            <ns3:cad>96</ns3:cad>
          </ns3:TrackPointExtension>
        </extensions>
      </trkpt>
      <trkpt lat="47.68565489910542964935302734375" lon="-122.3473728261888027191162109375">
        <ele>79.1999969482421875</ele>
        <time>2026-08-19T04:48:24.000Z</time>
        <extensions>
          <ns3:TrackPointExtension>
            <ns3:atemp>30.0</ns3:atemp>
            <ns3:hr>121</ns3:hr>
            <ns3:cad>96</ns3:cad>
          </ns3:TrackPointExtension>
        </extensions>
      </trkpt>
      <trkpt lat="47.68558331765234470367431640625" lon="-122.34735765494406223297119140625">
        <ele>79</ele>
        <time>2026-08-19T04:48:27.000Z</time>
        <extensions>
          <ns3:TrackPointExtension>
            <ns3:atemp>30.0</ns3:atemp>
            <ns3:hr>120</ns3:hr>
            <ns3:cad>96</ns3:cad>
          </ns3:TrackPointExtension>
        </extensions>
      </trkpt>
      <trkpt lat="47.68553839065134525299072265625" lon="-122.3473302461206912994384765625">
        <ele>78.8000030517578125</ele>
        <time>2026-08-19T04:48:29.000Z</time>
        <extensions>
          <ns3:TrackPointExtension>
            <ns3:atemp>30.0</ns3:atemp>
            <ns3:hr>119</ns3:hr>
            <ns3:cad>97</ns3:cad>
          </ns3:TrackPointExtension>
        </extensions>
      </trkpt>
      <trkpt lat="47.68551223911345005035400390625" lon="-122.34731105156242847442626953125">
        <ele>78.8000030517578125</ele>
        <time>2026-08-19T04:48:30.000Z</time>
        <extensions>
          <ns3:TrackPointExtension>
            <ns3:atemp>30.0</ns3:atemp>
            <ns3:hr>122</ns3:hr>
            <ns3:cad>97</ns3:cad>
          </ns3:TrackPointExtension>
        </extensions>
      </trkpt>
      <trkpt lat="47.68540553748607635498046875" lon="-122.34725941903889179229736328125">
        <ele>78.1999969482421875</ele>
        <time>2026-08-19T04:48:35.000Z</time>
        <extensions>
          <ns3:TrackPointExtension>
            <ns3:atemp>30.0</ns3:atemp>
            <ns3:hr>122</ns3:hr>
            <ns3:cad>99</ns3:cad>
          </ns3:TrackPointExtension>
        </extensions>
      </trkpt>
      <trkpt lat="47.68523261882364749908447265625" lon="-122.34725774265825748443603515625">
        <ele>76.8000030517578125</ele>
        <time>2026-08-19T04:48:40.000Z</time>
        <extensions>
          <ns3:TrackPointExtension>
            <ns3:atemp>30.0</ns3:atemp>
            <ns3:hr>124</ns3:hr>
            <ns3:cad>96</ns3:cad>
          </ns3:TrackPointExtension>
        </extensions>
      </trkpt>
      <trkpt lat="47.68511828966438770294189453125" lon="-122.347247265279293060302734375">
        <ele>76.1999969482421875</ele>
        <time>2026-08-19T04:48:44.000Z</time>
        <extensions>
          <ns3:TrackPointExtension>
            <ns3:atemp>30.0</ns3:atemp>
            <ns3:hr>121</ns3:hr>
            <ns3:cad>96</ns3:cad>
          </ns3:TrackPointExtension>
        </extensions>
      </trkpt>
      <trkpt lat="47.68506095744669437408447265625" lon="-122.34725757502019405364990234375">
        <ele>76</ele>
        <time>2026-08-19T04:48:46.000Z</time>
        <extensions>
          <ns3:TrackPointExtension>
            <ns3:atemp>30.0</ns3:atemp>
            <ns3:hr>121</ns3:hr>
            <ns3:cad>96</ns3:cad>
          </ns3:TrackPointExtension>
        </extensions>
      </trkpt>
      <trkpt lat="47.68495366908609867095947265625" lon="-122.34727718867361545562744140625">
        <ele>75.59999847412109375</ele>
        <time>2026-08-19T04:48:50.000Z</time>
        <extensions>
          <ns3:TrackPointExtension>
            <ns3:atemp>30.0</ns3:atemp>
            <ns3:hr>122</ns3:hr>
            <ns3:cad>96</ns3:cad>
          </ns3:TrackPointExtension>
        </extensions>
      </trkpt>
      <trkpt lat="47.684889547526836395263671875" lon="-122.34729059971868991851806640625">
        <ele>75.1999969482421875</ele>
        <time>2026-08-19T04:48:52.000Z</time>
        <extensions>
          <ns3:TrackPointExtension>
            <ns3:atemp>29.0</ns3:atemp>
            <ns3:hr>120</ns3:hr>
            <ns3:cad>96</ns3:cad>
          </ns3:TrackPointExtension>
        </extensions>
      </trkpt>
      <trkpt lat="47.68484235741198062896728515625" lon="-122.34729931689798831939697265625">
        <ele>75.1999969482421875</ele>
        <time>2026-08-19T04:48:54.000Z</time>
        <extensions>
          <ns3:TrackPointExtension>
            <ns3:atemp>29.0</ns3:atemp>
            <ns3:hr>127</ns3:hr>
            <ns3:cad>96</ns3:cad>
          </ns3:TrackPointExtension>
        </extensions>
      </trkpt>
      <trkpt lat="47.6848162896931171417236328125" lon="-122.34730350784957408905029296875">
        <ele>75</ele>
        <time>2026-08-19T04:48:55.000Z</time>
        <extensions>
          <ns3:TrackPointExtension>
            <ns3:atemp>29.0</ns3:atemp>
            <ns3:hr>126</ns3:hr>
            <ns3:cad>96</ns3:cad>
          </ns3:TrackPointExtension>
        </extensions>
      </trkpt>
      <trkpt lat="47.6846831850707530975341796875" lon="-122.34729747287929058074951171875">
        <ele>75</ele>
        <time>2026-08-19T04:49:00.000Z</time>
        <extensions>
          <ns3:TrackPointExtension>
            <ns3:atemp>29.0</ns3:atemp>
            <ns3:hr>125</ns3:hr>
            <ns3:cad>95</ns3:cad>
          </ns3:TrackPointExtension>
        </extensions>
      </trkpt>
      <trkpt lat="47.6846050657331943511962890625" lon="-122.3472910188138484954833984375">
        <ele>74.59999847412109375</ele>
        <time>2026-08-19T04:49:03.000Z</time>
        <extensions>
          <ns3:TrackPointExtension>
            <ns3:atemp>29.0</ns3:atemp>
            <ns3:hr>128</ns3:hr>
            <ns3:cad>94</ns3:cad>
          </ns3:TrackPointExtension>
        </extensions>
      </trkpt>
      <trkpt lat="47.68458184786140918731689453125" lon="-122.34729277901351451873779296875">
        <ele>74.40000152587890625</ele>
        <time>2026-08-19T04:49:04.000Z</time>
        <extensions>
          <ns3:TrackPointExtension>
            <ns3:atemp>29.0</ns3:atemp>
            <ns3:hr>128</ns3:hr>
            <ns3:cad>94</ns3:cad>
          </ns3:TrackPointExtension>
        </extensions>
      </trkpt>
      <trkpt lat="47.68451361916959285736083984375" lon="-122.3472883366048336029052734375">
        <ele>74.40000152587890625</ele>
        <time>2026-08-19T04:49:07.000Z</time>
        <extensions>
          <ns3:TrackPointExtension>
            <ns3:atemp>29.0</ns3:atemp>
            <ns3:hr>129</ns3:hr>
            <ns3:cad>95</ns3:cad>
          </ns3:TrackPointExtension>
        </extensions>
      </trkpt>
      <trkpt lat="47.68440649844706058502197265625" lon="-122.34728473238646984100341796875">
        <ele>73.40000152587890625</ele>
        <time>2026-08-19T04:49:11.000Z</time>
        <extensions>
          <ns3:TrackPointExtension>
            <ns3:atemp>29.0</ns3:atemp>
            <ns3:hr>131</ns3:hr>
            <ns3:cad>94</ns3:cad>
          </ns3:TrackPointExtension>
        </extensions>
      </trkpt>
      <trkpt lat="47.6843341626226902008056640625" lon="-122.3472923599183559417724609375">
        <ele>73.1999969482421875</ele>
        <time>2026-08-19T04:49:14.000Z</time>
        <extensions>
          <ns3:TrackPointExtension>
            <ns3:atemp>29.0</ns3:atemp>
            <ns3:hr>129</ns3:hr>
            <ns3:cad>95</ns3:cad>
          </ns3:TrackPointExtension>
        </extensions>
      </trkpt>
      <trkpt lat="47.684217654168605804443359375" lon="-122.34727903269231319427490234375">
        <ele>72.8000030517578125</ele>
        <time>2026-08-19T04:49:18.000Z</time>
        <extensions>
          <ns3:TrackPointExtension>
            <ns3:atemp>29.0</ns3:atemp>
            <ns3:hr>132</ns3:hr>
            <ns3:cad>96</ns3:cad>
          </ns3:TrackPointExtension>
        </extensions>
      </trkpt>
      <trkpt lat="47.68419560976326465606689453125" lon="-122.34727920033037662506103515625">
        <ele>72.59999847412109375</ele>
        <time>2026-08-19T04:49:19.000Z</time>
        <extensions>
          <ns3:TrackPointExtension>
            <ns3:atemp>29.0</ns3:atemp>
            <ns3:hr>131</ns3:hr>
            <ns3:cad>96</ns3:cad>
          </ns3:TrackPointExtension>
        </extensions>
      </trkpt>
      <trkpt lat="47.6841148920357227325439453125" lon="-122.34729764051735401153564453125">
        <ele>72.1999969482421875</ele>
        <time>2026-08-19T04:49:22.000Z</time>
        <extensions>
          <ns3:TrackPointExtension>
            <ns3:atemp>29.0</ns3:atemp>
            <ns3:hr>132</ns3:hr>
            <ns3:cad>96</ns3:cad>
          </ns3:TrackPointExtension>
        </extensions>
      </trkpt>
      <trkpt lat="47.6840407960116863250732421875" lon="-122.3473014123737812042236328125">
        <ele>72</ele>
        <time>2026-08-19T04:49:25.000Z</time>
        <extensions>
          <ns3:TrackPointExtension>
            <ns3:atemp>29.0</ns3:atemp>
            <ns3:hr>131</ns3:hr>
            <ns3:cad>96</ns3:cad>
          </ns3:TrackPointExtension>
        </extensions>
      </trkpt>
      <trkpt lat="47.68394046463072299957275390625" lon="-122.34722723253071308135986328125">
        <ele>72</ele>
        <time>2026-08-19T04:49:30.000Z</time>
        <extensions>
          <ns3:TrackPointExtension>
            <ns3:atemp>29.0</ns3:atemp>
            <ns3:hr>129</ns3:hr>
            <ns3:cad>95</ns3:cad>
          </ns3:TrackPointExtension>
        </extensions>
      </trkpt>
      <trkpt lat="47.68384323455393314361572265625" lon="-122.3471041023731231689453125">
        <ele>71.40000152587890625</ele>
        <time>2026-08-19T04:49:35.000Z</time>
        <extensions>
          <ns3:TrackPointExtension>
            <ns3:atemp>29.0</ns3:atemp>
            <ns3:hr>126</ns3:hr>
            <ns3:cad>96</ns3:cad>
          </ns3:TrackPointExtension>
        </extensions>
      </trkpt>
      <trkpt lat="47.6838232018053531646728515625" lon="-122.3470821417868137359619140625">
        <ele>71.1999969482421875</ele>
        <time>2026-08-19T04:49:36.000Z</time>
        <extensions>
          <ns3:TrackPointExtension>
            <ns3:atemp>29.0</ns3:atemp>
            <ns3:hr>128</ns3:hr>
            <ns3:cad>96</ns3:cad>
          </ns3:TrackPointExtension>
        </extensions>
      </trkpt>
      <trkpt lat="47.68379059620201587677001953125" lon="-122.347038723528385162353515625">
        <ele>70.8000030517578125</ele>
        <time>2026-08-19T04:49:38.000Z</time>
        <extensions>
          <ns3:TrackPointExtension>
            <ns3:atemp>29.0</ns3:atemp>
            <ns3:hr>130</ns3:hr>
            <ns3:cad>96</ns3:cad>
          </ns3:TrackPointExtension>
        </extensions>
      </trkpt>
      <trkpt lat="47.683734185993671417236328125" lon="-122.3469704948365688323974609375">
        <ele>70.40000152587890625</ele>
        <time>2026-08-19T04:49:41.000Z</time>
        <extensions>
          <ns3:TrackPointExtension>
            <ns3:atemp>29.0</ns3:atemp>
            <ns3:hr>134</ns3:hr>
            <ns3:cad>97</ns3:cad>
          </ns3:TrackPointExtension>
        </extensions>
      </trkpt>
      <trkpt lat="47.683712057769298553466796875" lon="-122.3469510488212108612060546875">
        <ele>70.1999969482421875</ele>
        <time>2026-08-19T04:49:42.000Z</time>
        <extensions>
          <ns3:TrackPointExtension>
            <ns3:atemp>29.0</ns3:atemp>
            <ns3:hr>133</ns3:hr>
            <ns3:cad>96</ns3:cad>
          </ns3:TrackPointExtension>
        </extensions>
      </trkpt>
      <trkpt lat="47.68365162424743175506591796875" lon="-122.34685725532472133636474609375">
        <ele>69.8000030517578125</ele>
        <time>2026-08-19T04:49:46.000Z</time>
        <extensions>
          <ns3:TrackPointExtension>
            <ns3:atemp>28.0</ns3:atemp>
            <ns3:hr>130</ns3:hr>
            <ns3:cad>96</ns3:cad>
          </ns3:TrackPointExtension>
        </extensions>
      </trkpt>
      <trkpt lat="47.68360015936195850372314453125" lon="-122.346800677478313446044921875">
        <ele>69.40000152587890625</ele>
        <time>2026-08-19T04:49:49.000Z</time>
        <extensions>
          <ns3:TrackPointExtension>
            <ns3:atemp>28.0</ns3:atemp>
            <ns3:hr>132</ns3:hr>
            <ns3:cad>95</ns3:cad>
          </ns3:TrackPointExtension>
        </extensions>
      </trkpt>
      <trkpt lat="47.683576606214046478271484375" lon="-122.3467790521681308746337890625">
        <ele>68.8000030517578125</ele>
        <time>2026-08-19T04:49:50.000Z</time>
        <extensions>
          <ns3:TrackPointExtension>
            <ns3:atemp>28.0</ns3:atemp>
            <ns3:hr>133</ns3:hr>
            <ns3:cad>95</ns3:cad>
          </ns3:TrackPointExtension>
        </extensions>
      </trkpt>
      <trkpt lat="47.68353327177464962005615234375" lon="-122.34673538245260715484619140625">
        <ele>68.40000152587890625</ele>
        <time>2026-08-19T04:49:52.000Z</time>
        <extensions>
          <ns3:TrackPointExtension>
            <ns3:atemp>28.0</ns3:atemp>
            <ns3:hr>133</ns3:hr>
            <ns3:cad>96</ns3:cad>
          </ns3:TrackPointExtension>
        </extensions>
      </trkpt>
      <trkpt lat="47.68347568809986114501953125" lon="-122.34667989425361156463623046875">
        <ele>67.8000030517578125</ele>
        <time>2026-08-19T04:49:55.000Z</time>
        <extensions>
          <ns3:TrackPointExtension>
            <ns3:atemp>28.0</ns3:atemp>
            <ns3:hr>134</ns3:hr>
            <ns3:cad>95</ns3:cad>
          </ns3:TrackPointExtension>
        </extensions>
      </trkpt>
      <trkpt lat="47.68337518908083438873291015625" lon="-122.346612252295017242431640625">
        <ele>67</ele>
        <time>2026-08-19T04:49:59.000Z</time>
        <extensions>
          <ns3:TrackPointExtension>
            <ns3:atemp>28.0</ns3:atemp>
            <ns3:hr>134</ns3:hr>
            <ns3:cad>97</ns3:cad>
          </ns3:TrackPointExtension>
        </extensions>
      </trkpt>
      <trkpt lat="47.68332322128117084503173828125" lon="-122.34658283181488513946533203125">
        <ele>66.8000030517578125</ele>
        <time>2026-08-19T04:50:01.000Z</time>
        <extensions>
          <ns3:TrackPointExtension>
            <ns3:atemp>28.0</ns3:atemp>
            <ns3:hr>131</ns3:hr>
            <ns3:cad>96</ns3:cad>
          </ns3:TrackPointExtension>
        </extensions>
      </trkpt>
      <trkpt lat="47.6833052001893520355224609375" lon="-122.346570007503032684326171875">
        <ele>66.8000030517578125</ele>
        <time>2026-08-19T04:50:02.000Z</time>
        <extensions>
          <ns3:TrackPointExtension>
            <ns3:atemp>28.0</ns3:atemp>
            <ns3:hr>132</ns3:hr>
            <ns3:cad>96</ns3:cad>
          </ns3:TrackPointExtension>
        </extensions>
      </trkpt>
      <trkpt lat="47.6831972412765026092529296875" lon="-122.3465560935437679290771484375">
        <ele>66.59999847412109375</ele>
        <time>2026-08-19T04:50:06.000Z</time>
        <extensions>
          <ns3:TrackPointExtension>
            <ns3:atemp>28.0</ns3:atemp>
            <ns3:hr>134</ns3:hr>
            <ns3:cad>97</ns3:cad>
          </ns3:TrackPointExtension>
        </extensions>
      </trkpt>
      <trkpt lat="47.6830678246915340423583984375" lon="-122.346559949219226837158203125">
        <ele>66.1999969482421875</ele>
        <time>2026-08-19T04:50:11.000Z</time>
        <extensions>
          <ns3:TrackPointExtension>
            <ns3:atemp>28.0</ns3:atemp>
            <ns3:hr>131</ns3:hr>
            <ns3:cad>95</ns3:cad>
          </ns3:TrackPointExtension>
        </extensions>
      </trkpt>
      <trkpt lat="47.68301376141607761383056640625" lon="-122.34656355343759059906005859375">
        <ele>65.8000030517578125</ele>
        <time>2026-08-19T04:50:13.000Z</time>
        <extensions>
          <ns3:TrackPointExtension>
            <ns3:atemp>28.0</ns3:atemp>
            <ns3:hr>131</ns3:hr>
            <ns3:cad>95</ns3:cad>
          </ns3:TrackPointExtension>
        </extensions>
      </trkpt>
      <trkpt lat="47.682984508574008941650390625" lon="-122.3465648107230663299560546875">
        <ele>65.40000152587890625</ele>
        <time>2026-08-19T04:50:14.000Z</time>
        <extensions>
          <ns3:TrackPointExtension>
            <ns3:atemp>28.0</ns3:atemp>
            <ns3:hr>131</ns3:hr>
            <ns3:cad>95</ns3:cad>
          </ns3:TrackPointExtension>
        </extensions>
      </trkpt>
      <trkpt lat="47.68287981860339641571044921875" lon="-122.346565313637256622314453125">
        <ele>64.8000030517578125</ele>
        <time>2026-08-19T04:50:18.000Z</time>
        <extensions>
          <ns3:TrackPointExtension>
            <ns3:atemp>28.0</ns3:atemp>
            <ns3:hr>131</ns3:hr>
            <ns3:cad>95</ns3:cad>
          </ns3:TrackPointExtension>
        </extensions>
      </trkpt>
      <trkpt lat="47.68282718025147914886474609375" lon="-122.34655215404927730560302734375">
        <ele>64.40000152587890625</ele>
        <time>2026-08-19T04:50:20.000Z</time>
        <extensions>
          <ns3:TrackPointExtension>
            <ns3:atemp>28.0</ns3:atemp>
            <ns3:hr>131</ns3:hr>
            <ns3:cad>95</ns3:cad>
          </ns3:TrackPointExtension>
        </extensions>
      </trkpt>
      <trkpt lat="47.68267999403178691864013671875" lon="-122.3465527407824993133544921875">
        <ele>63.40000152587890625</ele>
        <time>2026-08-19T04:50:26.000Z</time>
        <extensions>
          <ns3:TrackPointExtension>
            <ns3:atemp>28.0</ns3:atemp>
            <ns3:hr>133</ns3:hr>
            <ns3:cad>94</ns3:cad>
          </ns3:TrackPointExtension>
        </extensions>
      </trkpt>
      <trkpt lat="47.68265367485582828521728515625" lon="-122.346545197069644927978515625">
        <ele>63.200000762939453125</ele>
        <time>2026-08-19T04:50:27.000Z</time>
        <extensions>
          <ns3:TrackPointExtension>
            <ns3:atemp>28.0</ns3:atemp>
            <ns3:hr>131</ns3:hr>
            <ns3:cad>94</ns3:cad>
          </ns3:TrackPointExtension>
        </extensions>
      </trkpt>
      <trkpt lat="47.68253046087920665740966796875" lon="-122.3465326242148876190185546875">
        <ele>62.200000762939453125</ele>
        <time>2026-08-19T04:50:32.000Z</time>
        <extensions>
          <ns3:TrackPointExtension>
            <ns3:atemp>28.0</ns3:atemp>
            <ns3:hr>131</ns3:hr>
            <ns3:cad>95</ns3:cad>
          </ns3:TrackPointExtension>
        </extensions>
      </trkpt>
      <trkpt lat="47.68249911256134510040283203125" lon="-122.34653488732874393463134765625">
        <ele>62</ele>
        <time>2026-08-19T04:50:33.000Z</time>
        <extensions>
          <ns3:TrackPointExtension>
            <ns3:atemp>28.0</ns3:atemp>
            <ns3:hr>130</ns3:hr>
            <ns3:cad>94</ns3:cad>
          </ns3:TrackPointExtension>
        </extensions>
      </trkpt>
      <trkpt lat="47.68233080394566059112548828125" lon="-122.3465658165514469146728515625">
        <ele>61.59999847412109375</ele>
        <time>2026-08-19T04:50:39.000Z</time>
        <extensions>
          <ns3:TrackPointExtension>
            <ns3:atemp>28.0</ns3:atemp>
            <ns3:hr>130</ns3:hr>
            <ns3:cad>95</ns3:cad>
          </ns3:TrackPointExtension>
        </extensions>
      </trkpt>
      <trkpt lat="47.68228135071694850921630859375" lon="-122.3465601168572902679443359375">
        <ele>61.200000762939453125</ele>
        <time>2026-08-19T04:50:41.000Z</time>
        <extensions>
          <ns3:TrackPointExtension>
            <ns3:atemp>27.0</ns3:atemp>
            <ns3:hr>130</ns3:hr>
            <ns3:cad>95</ns3:cad>
          </ns3:TrackPointExtension>
        </extensions>
      </trkpt>
      <trkpt lat="47.68219937570393085479736328125" lon="-122.3465711809694766998291015625">
        <ele>60.59999847412109375</ele>
        <time>2026-08-19T04:50:44.000Z</time>
        <extensions>
          <ns3:TrackPointExtension>
            <ns3:atemp>27.0</ns3:atemp>
            <ns3:hr>130</ns3:hr>
            <ns3:cad>95</ns3:cad>
          </ns3:TrackPointExtension>
        </extensions>
      </trkpt>
      <trkpt lat="47.68215143121778964996337890625" lon="-122.346563301980495452880859375">
        <ele>60.200000762939453125</ele>
        <time>2026-08-19T04:50:46.000Z</time>
        <extensions>
          <ns3:TrackPointExtension>
            <ns3:atemp>27.0</ns3:atemp>
            <ns3:hr>130</ns3:hr>
            <ns3:cad>95</ns3:cad>
          </ns3:TrackPointExtension>
        </extensions>
      </trkpt>
      <trkpt lat="47.68211907707154750823974609375" lon="-122.34656254760921001434326171875">
        <ele>60</ele>
        <time>2026-08-19T04:50:47.000Z</time>
        <extensions>
          <ns3:TrackPointExtension>
            <ns3:atemp>27.0</ns3:atemp>
            <ns3:hr>132</ns3:hr>
            <ns3:cad>95</ns3:cad>
          </ns3:TrackPointExtension>
        </extensions>
      </trkpt>
      <trkpt lat="47.68203668296337127685546875" lon="-122.3465701751410961151123046875">
        <ele>59.59999847412109375</ele>
        <time>2026-08-19T04:50:50.000Z</time>
        <extensions>
          <ns3:TrackPointExtension>
            <ns3:atemp>27.0</ns3:atemp>
            <ns3:hr>132</ns3:hr>
            <ns3:cad>96</ns3:cad>
          </ns3:TrackPointExtension>
        </extensions>
      </trkpt>
      <trkpt lat="47.68186761997640132904052734375" lon="-122.34657176770269870758056640625">
        <ele>59.200000762939453125</ele>
        <time>2026-08-19T04:50:57.000Z</time>
        <extensions>
          <ns3:TrackPointExtension>
            <ns3:atemp>27.0</ns3:atemp>
            <ns3:hr>132</ns3:hr>
            <ns3:cad>95</ns3:cad>
          </ns3:TrackPointExtension>
        </extensions>
      </trkpt>
      <trkpt lat="47.68183694221079349517822265625" lon="-122.34659381210803985595703125">
        <ele>59</ele>
        <time>2026-08-19T04:50:58.000Z</time>
        <extensions>
          <ns3:TrackPointExtension>
            <ns3:atemp>27.0</ns3:atemp>
            <ns3:hr>132</ns3:hr>
            <ns3:cad>95</ns3:cad>
          </ns3:TrackPointExtension>
        </extensions>
      </trkpt>
      <trkpt lat="47.6816757582128047943115234375" lon="-122.34674057923257350921630859375">
        <ele>58.799999237060546875</ele>
        <time>2026-08-19T04:51:06.000Z</time>
        <extensions>
          <ns3:TrackPointExtension>
            <ns3:atemp>27.0</ns3:atemp>
            <ns3:hr>132</ns3:hr>
            <ns3:cad>96</ns3:cad>
          </ns3:TrackPointExtension>
        </extensions>
      </trkpt>
      <trkpt lat="47.68165673129260540008544921875" lon="-122.346757762134075164794921875">
        <ele>58.799999237060546875</ele>
        <time>2026-08-19T04:51:07.000Z</time>
        <extensions>
          <ns3:TrackPointExtension>
            <ns3:atemp>27.0</ns3:atemp>
            <ns3:hr>132</ns3:hr>
            <ns3:cad>94</ns3:cad>
          </ns3:TrackPointExtension>
        </extensions>
      </trkpt>
      <trkpt lat="47.68155765719711780548095703125" lon="-122.34686731360852718353271484375">
        <ele>59</ele>
        <time>2026-08-19T04:51:12.000Z</time>
        <extensions>
          <ns3:TrackPointExtension>
            <ns3:atemp>27.0</ns3:atemp>
            <ns3:hr>132</ns3:hr>
            <ns3:cad>95</ns3:cad>
          </ns3:TrackPointExtension>
        </extensions>
      </trkpt>
      <trkpt lat="47.68143997527658939361572265625" lon="-122.34701533801853656768798828125">
        <ele>59</ele>
        <time>2026-08-19T04:51:18.000Z</time>
        <extensions>
          <ns3:TrackPointExtension>
            <ns3:atemp>27.0</ns3:atemp>
            <ns3:hr>133</ns3:hr>
            <ns3:cad>94</ns3:cad>
          </ns3:TrackPointExtension>
        </extensions>
      </trkpt>
      <trkpt lat="47.68130033276975154876708984375" lon="-122.34709865413606166839599609375">
        <ele>59</ele>
        <time>2026-08-19T04:51:24.000Z</time>
        <extensions>
          <ns3:TrackPointExtension>
            <ns3:atemp>27.0</ns3:atemp>
            <ns3:hr>134</ns3:hr>
            <ns3:cad>95</ns3:cad>
          </ns3:TrackPointExtension>
        </extensions>
      </trkpt>
      <trkpt lat="47.6811520569026470184326171875" lon="-122.34723611734807491302490234375">
        <ele>58.799999237060546875</ele>
        <time>2026-08-19T04:51:30.000Z</time>
        <extensions>
          <ns3:TrackPointExtension>
            <ns3:atemp>27.0</ns3:atemp>
            <ns3:hr>133</ns3:hr>
            <ns3:cad>95</ns3:cad>
          </ns3:TrackPointExtension>
        </extensions>
      </trkpt>
      <trkpt lat="47.68101719208061695098876953125" lon="-122.3473533801734447479248046875">
        <ele>59</ele>
        <time>2026-08-19T04:51:36.000Z</time>
        <extensions>
          <ns3:TrackPointExtension>
            <ns3:atemp>27.0</ns3:atemp>
            <ns3:hr>135</ns3:hr>
            <ns3:cad>98</ns3:cad>
          </ns3:TrackPointExtension>
        </extensions>
      </trkpt>
      <trkpt lat="47.68087704665958881378173828125" lon="-122.34742722474038600921630859375">
        <ele>59.200000762939453125</ele>
        <time>2026-08-19T04:51:42.000Z</time>
        <extensions>
          <ns3:TrackPointExtension>
            <ns3:atemp>27.0</ns3:atemp>
            <ns3:hr>135</ns3:hr>
            <ns3:cad>94</ns3:cad>
          </ns3:TrackPointExtension>
        </extensions>
      </trkpt>
      <trkpt lat="47.68077076412737369537353515625" lon="-122.34744885005056858062744140625">
        <ele>58.799999237060546875</ele>
        <time>2026-08-19T04:51:46.000Z</time>
        <extensions>
          <ns3:TrackPointExtension>
            <ns3:atemp>27.0</ns3:atemp>
            <ns3:hr>132</ns3:hr>
            <ns3:cad>93</ns3:cad>
          </ns3:TrackPointExtension>
        </extensions>
      </trkpt>
      <trkpt lat="47.68074310384690761566162109375" lon="-122.34745337627828121185302734375">
        <ele>58.799999237060546875</ele>
        <time>2026-08-19T04:51:47.000Z</time>
        <extensions>
          <ns3:TrackPointExtension>
            <ns3:atemp>27.0</ns3:atemp>
            <ns3:hr>132</ns3:hr>
            <ns3:cad>93</ns3:cad>
          </ns3:TrackPointExtension>
        </extensions>
      </trkpt>
      <trkpt lat="47.68068962730467319488525390625" lon="-122.3474630154669284820556640625">
        <ele>58.40000152587890625</ele>
        <time>2026-08-19T04:51:49.000Z</time>
        <extensions>
          <ns3:TrackPointExtension>
            <ns3:atemp>27.0</ns3:atemp>
            <ns3:hr>129</ns3:hr>
            <ns3:cad>94</ns3:cad>
          </ns3:TrackPointExtension>
        </extensions>
      </trkpt>
      <trkpt lat="47.680662386119365692138671875" lon="-122.3474643565714359283447265625">
        <ele>58.40000152587890625</ele>
        <time>2026-08-19T04:51:50.000Z</time>
        <extensions>
          <ns3:TrackPointExtension>
            <ns3:atemp>27.0</ns3:atemp>
            <ns3:hr>133</ns3:hr>
            <ns3:cad>94</ns3:cad>
          </ns3:TrackPointExtension>
        </extensions>
      </trkpt>
      <trkpt lat="47.68058837391436100006103515625" lon="-122.347459830343723297119140625">
        <ele>58.200000762939453125</ele>
        <time>2026-08-19T04:51:53.000Z</time>
        <extensions>
          <ns3:TrackPointExtension>
            <ns3:atemp>27.0</ns3:atemp>
            <ns3:hr>133</ns3:hr>
            <ns3:cad>95</ns3:cad>
          </ns3:TrackPointExtension>
        </extensions>
      </trkpt>
      <trkpt lat="47.68050648272037506103515625" lon="-122.34747936017811298370361328125">
        <ele>58</ele>
        <time>2026-08-19T04:51:56.000Z</time>
        <extensions>
          <ns3:TrackPointExtension>
            <ns3:atemp>27.0</ns3:atemp>
            <ns3:hr>134</ns3:hr>
            <ns3:cad>95</ns3:cad>
          </ns3:TrackPointExtension>
        </extensions>
      </trkpt>
      <trkpt lat="47.68048745580017566680908203125" lon="-122.3474804498255252838134765625">
        <ele>57.799999237060546875</ele>
        <time>2026-08-19T04:51:57.000Z</time>
        <extensions>
          <ns3:TrackPointExtension>
            <ns3:atemp>27.0</ns3:atemp>
            <ns3:hr>137</ns3:hr>
            <ns3:cad>95</ns3:cad>
          </ns3:TrackPointExtension>
        </extensions>
      </trkpt>
      <trkpt lat="47.6804633997380733489990234375" lon="-122.3474821262061595916748046875">
        <ele>57.799999237060546875</ele>
        <time>2026-08-19T04:51:58.000Z</time>
        <extensions>
          <ns3:TrackPointExtension>
            <ns3:atemp>26.0</ns3:atemp>
            <ns3:hr>134</ns3:hr>
            <ns3:cad>94</ns3:cad>
          </ns3:TrackPointExtension>
        </extensions>
      </trkpt>
      <trkpt lat="47.68040120601654052734375" lon="-122.34748790971934795379638671875">
        <ele>57.799999237060546875</ele>
        <time>2026-08-19T04:52:00.000Z</time>
        <extensions>
          <ns3:TrackPointExtension>
            <ns3:atemp>26.0</ns3:atemp>
            <ns3:hr>132</ns3:hr>
            <ns3:cad>95</ns3:cad>
          </ns3:TrackPointExtension>
        </extensions>
      </trkpt>
      <trkpt lat="47.68032266758382320404052734375" lon="-122.347473241388797760009765625">
        <ele>57.59999847412109375</ele>
        <time>2026-08-19T04:52:03.000Z</time>
        <extensions>
          <ns3:TrackPointExtension>
            <ns3:atemp>26.0</ns3:atemp>
            <ns3:hr>131</ns3:hr>
            <ns3:cad>94</ns3:cad>
          </ns3:TrackPointExtension>
        </extensions>
      </trkpt>
      <trkpt lat="47.68026734702289104461669921875" lon="-122.34747181646525859832763671875">
        <ele>57.200000762939453125</ele>
        <time>2026-08-19T04:52:05.000Z</time>
        <extensions>
          <ns3:TrackPointExtension>
            <ns3:atemp>26.0</ns3:atemp>
            <ns3:hr>134</ns3:hr>
            <ns3:cad>95</ns3:cad>
          </ns3:TrackPointExtension>
        </extensions>
      </trkpt>
      <trkpt lat="47.6801646687090396881103515625" lon="-122.34747701324522495269775390625">
        <ele>56.799999237060546875</ele>
        <time>2026-08-19T04:52:09.000Z</time>
        <extensions>
          <ns3:TrackPointExtension>
            <ns3:atemp>26.0</ns3:atemp>
            <ns3:hr>138</ns3:hr>
            <ns3:cad>95</ns3:cad>
          </ns3:TrackPointExtension>
        </extensions>
      </trkpt>
      <trkpt lat="47.68013860099017620086669921875" lon="-122.3474764265120029449462890625">
        <ele>56.799999237060546875</ele>
        <time>2026-08-19T04:52:10.000Z</time>
        <extensions>
          <ns3:TrackPointExtension>
            <ns3:atemp>26.0</ns3:atemp>
            <ns3:hr>136</ns3:hr>
            <ns3:cad>95</ns3:cad>
          </ns3:TrackPointExtension>
        </extensions>
      </trkpt>
      <trkpt lat="47.68000750802457332611083984375" lon="-122.34745354391634464263916015625">
        <ele>56.200000762939453125</ele>
        <time>2026-08-19T04:52:15.000Z</time>
        <extensions>
          <ns3:TrackPointExtension>
            <ns3:atemp>26.0</ns3:atemp>
            <ns3:hr>133</ns3:hr>
            <ns3:cad>94</ns3:cad>
          </ns3:TrackPointExtension>
        </extensions>
      </trkpt>
      <trkpt lat="47.67995403148233890533447265625" lon="-122.34744968824088573455810546875">
        <ele>56</ele>
        <time>2026-08-19T04:52:17.000Z</time>
        <extensions>
          <ns3:TrackPointExtension>
            <ns3:atemp>26.0</ns3:atemp>
            <ns3:hr>131</ns3:hr>
            <ns3:cad>94</ns3:cad>
          </ns3:TrackPointExtension>
        </extensions>
      </trkpt>
      <trkpt lat="47.6799236051738262176513671875" lon="-122.34745480120182037353515625">
        <ele>55.799999237060546875</ele>
        <time>2026-08-19T04:52:18.000Z</time>
        <extensions>
          <ns3:TrackPointExtension>
            <ns3:atemp>26.0</ns3:atemp>
            <ns3:hr>131</ns3:hr>
            <ns3:cad>94</ns3:cad>
          </ns3:TrackPointExtension>
        </extensions>
      </trkpt>
      <trkpt lat="47.679805420339107513427734375" lon="-122.347467876970767974853515625">
        <ele>55.40000152587890625</ele>
        <time>2026-08-19T04:52:22.000Z</time>
        <extensions>
          <ns3:TrackPointExtension>
            <ns3:atemp>26.0</ns3:atemp>
            <ns3:hr>130</ns3:hr>
            <ns3:cad>93</ns3:cad>
          </ns3:TrackPointExtension>
        </extensions>
      </trkpt>
      <trkpt lat="47.67970458604395389556884765625" lon="-122.34746175818145275115966796875">
        <ele>54.799999237060546875</ele>
        <time>2026-08-19T04:52:26.000Z</time>
        <extensions>
          <ns3:TrackPointExtension>
            <ns3:atemp>26.0</ns3:atemp>
            <ns3:hr>128</ns3:hr>
            <ns3:cad>94</ns3:cad>
          </ns3:TrackPointExtension>
        </extensions>
      </trkpt>
      <trkpt lat="47.6796771772205829620361328125" lon="-122.34745522029697895050048828125">
        <ele>54.59999847412109375</ele>
        <time>2026-08-19T04:52:27.000Z</time>
        <extensions>
          <ns3:TrackPointExtension>
            <ns3:atemp>26.0</ns3:atemp>
            <ns3:hr>127</ns3:hr>
            <ns3:cad>94</ns3:cad>
          </ns3:TrackPointExtension>
        </extensions>
      </trkpt>
      <trkpt lat="47.67957231961190700531005859375" lon="-122.34743426553905010223388671875">
        <ele>54.40000152587890625</ele>
        <time>2026-08-19T04:52:31.000Z</time>
        <extensions>
          <ns3:TrackPointExtension>
            <ns3:atemp>26.0</ns3:atemp>
            <ns3:hr>131</ns3:hr>
            <ns3:cad>95</ns3:cad>
          </ns3:TrackPointExtension>
        </extensions>
      </trkpt>
      <trkpt lat="47.6795145682990550994873046875" lon="-122.34746024943888187408447265625">
        <ele>54.40000152587890625</ele>
        <time>2026-08-19T04:52:33.000Z</time>
        <extensions>
          <ns3:TrackPointExtension>
            <ns3:atemp>26.0</ns3:atemp>
            <ns3:hr>131</ns3:hr>
            <ns3:cad>95</ns3:cad>
          </ns3:TrackPointExtension>
        </extensions>
      </trkpt>
      <trkpt lat="47.67933972179889678955078125" lon="-122.3474750854074954986572265625">
        <ele>54</ele>
        <time>2026-08-19T04:52:40.000Z</time>
        <extensions>
          <ns3:TrackPointExtension>
            <ns3:atemp>26.0</ns3:atemp>
            <ns3:hr>129</ns3:hr>
            <ns3:cad>95</ns3:cad>
          </ns3:TrackPointExtension>
        </extensions>
      </trkpt>
      <trkpt lat="47.67925028689205646514892578125" lon="-122.347467876970767974853515625">
        <ele>53.799999237060546875</ele>
        <time>2026-08-19T04:52:43.000Z</time>
        <extensions>
          <ns3:TrackPointExtension>
            <ns3:atemp>26.0</ns3:atemp>
            <ns3:hr>132</ns3:hr>
            <ns3:cad>94</ns3:cad>
          </ns3:TrackPointExtension>
        </extensions>
      </trkpt>
      <trkpt lat="47.6792232133448123931884765625" lon="-122.34746594913303852081298828125">
        <ele>53.59999847412109375</ele>
        <time>2026-08-19T04:52:44.000Z</time>
        <extensions>
          <ns3:TrackPointExtension>
            <ns3:atemp>26.0</ns3:atemp>
            <ns3:hr>131</ns3:hr>
            <ns3:cad>94</ns3:cad>
          </ns3:TrackPointExtension>
        </extensions>
      </trkpt>
      <trkpt lat="47.67911709845066070556640625" lon="-122.3474662005901336669921875">
        <ele>53.40000152587890625</ele>
        <time>2026-08-19T04:52:48.000Z</time>
        <extensions>
          <ns3:TrackPointExtension>
            <ns3:atemp>26.0</ns3:atemp>
            <ns3:hr>133</ns3:hr>
            <ns3:cad>96</ns3:cad>
          </ns3:TrackPointExtension>
        </extensions>
      </trkpt>
      <trkpt lat="47.679035626351833343505859375" lon="-122.34745614230632781982421875">
        <ele>52.799999237060546875</ele>
        <time>2026-08-19T04:52:52.000Z</time>
        <extensions>
          <ns3:TrackPointExtension>
            <ns3:atemp>26.0</ns3:atemp>
            <ns3:hr>130</ns3:hr>
            <ns3:cad>92</ns3:cad>
          </ns3:TrackPointExtension>
        </extensions>
      </trkpt>
      <trkpt lat="47.6790051162242889404296875" lon="-122.34745748341083526611328125">
        <ele>52.59999847412109375</ele>
        <time>2026-08-19T04:52:53.000Z</time>
        <extensions>
          <ns3:TrackPointExtension>
            <ns3:atemp>26.0</ns3:atemp>
            <ns3:hr>132</ns3:hr>
            <ns3:cad>92</ns3:cad>
          </ns3:TrackPointExtension>
        </extensions>
      </trkpt>
      <trkpt lat="47.6789539866149425506591796875" lon="-122.347452454268932342529296875">
        <ele>52.59999847412109375</ele>
        <time>2026-08-19T04:52:55.000Z</time>
        <extensions>
          <ns3:TrackPointExtension>
            <ns3:atemp>26.0</ns3:atemp>
            <ns3:hr>132</ns3:hr>
            <ns3:cad>91</ns3:cad>
          </ns3:TrackPointExtension>
        </extensions>
      </trkpt>
      <trkpt lat="47.6788466982543468475341796875" lon="-122.34746192581951618194580078125">
        <ele>52</ele>
        <time>2026-08-19T04:52:59.000Z</time>
        <extensions>
          <ns3:TrackPointExtension>
            <ns3:atemp>26.0</ns3:atemp>
            <ns3:hr>130</ns3:hr>
            <ns3:cad>94</ns3:cad>
          </ns3:TrackPointExtension>
        </extensions>
      </trkpt>
      <trkpt lat="47.67882146872580051422119140625" lon="-122.34745572321116924285888671875">
        <ele>52</ele>
        <time>2026-08-19T04:53:00.000Z</time>
        <extensions>
          <ns3:TrackPointExtension>
            <ns3:atemp>26.0</ns3:atemp>
            <ns3:hr>132</ns3:hr>
            <ns3:cad>94</ns3:cad>
          </ns3:TrackPointExtension>
        </extensions>
      </trkpt>
      <trkpt lat="47.67868584953248500823974609375" lon="-122.347419597208499908447265625">
        <ele>51.799999237060546875</ele>
        <time>2026-08-19T04:53:05.000Z</time>
        <extensions>
          <ns3:TrackPointExtension>
            <ns3:atemp>26.0</ns3:atemp>
            <ns3:hr>135</ns3:hr>
            <ns3:cad>93</ns3:cad>
          </ns3:TrackPointExtension>
        </extensions>
      </trkpt>
      <trkpt lat="47.67865709960460662841796875" lon="-122.34741859138011932373046875">
        <ele>51.799999237060546875</ele>
        <time>2026-08-19T04:53:06.000Z</time>
        <extensions>
          <ns3:TrackPointExtension>
            <ns3:atemp>26.0</ns3:atemp>
            <ns3:hr>135</ns3:hr>
            <ns3:cad>93</ns3:cad>
          </ns3:TrackPointExtension>
        </extensions>
      </trkpt>
      <trkpt lat="47.6785315386950969696044921875" lon="-122.34744809567928314208984375">
        <ele>51.200000762939453125</ele>
        <time>2026-08-19T04:53:11.000Z</time>
        <extensions>
          <ns3:TrackPointExtension>
            <ns3:atemp>26.0</ns3:atemp>
            <ns3:hr>134</ns3:hr>
            <ns3:cad>94</ns3:cad>
          </ns3:TrackPointExtension>
        </extensions>
      </trkpt>
      <trkpt lat="47.67848066054284572601318359375" lon="-122.34744851477444171905517578125">
        <ele>50.799999237060546875</ele>
        <time>2026-08-19T04:53:13.000Z</time>
        <extensions>
          <ns3:TrackPointExtension>
            <ns3:atemp>26.0</ns3:atemp>
            <ns3:hr>134</ns3:hr>
            <ns3:cad>94</ns3:cad>
          </ns3:TrackPointExtension>
        </extensions>
      </trkpt>
      <trkpt lat="47.67832710407674312591552734375" lon="-122.34745077788829803466796875">
        <ele>50.59999847412109375</ele>
        <time>2026-08-19T04:53:19.000Z</time>
        <extensions>
          <ns3:TrackPointExtension>
            <ns3:atemp>26.0</ns3:atemp>
            <ns3:hr>134</ns3:hr>
            <ns3:cad>94</ns3:cad>
          </ns3:TrackPointExtension>
        </extensions>
      </trkpt>
      <trkpt lat="47.6782720349729061126708984375" lon="-122.34744650311768054962158203125">
        <ele>50.200000762939453125</ele>
        <time>2026-08-19T04:53:21.000Z</time>
        <extensions>
          <ns3:TrackPointExtension>
            <ns3:atemp>26.0</ns3:atemp>
            <ns3:hr>134</ns3:hr>
            <ns3:cad>93</ns3:cad>
          </ns3:TrackPointExtension>
        </extensions>
      </trkpt>
      <trkpt lat="47.6782192289829254150390625" lon="-122.3474378697574138641357421875">
        <ele>50</ele>
        <time>2026-08-19T04:53:23.000Z</time>
        <extensions>
          <ns3:TrackPointExtension>
            <ns3:atemp>26.0</ns3:atemp>
            <ns3:hr>130</ns3:hr>
            <ns3:cad>94</ns3:cad>
          </ns3:TrackPointExtension>
        </extensions>
      </trkpt>
      <trkpt lat="47.67816818319261074066162109375" lon="-122.34744130633771419525146484375">
        <ele>49.799999237060546875</ele>
        <time>2026-08-19T04:53:25.000Z</time>
        <extensions>
          <ns3:TrackPointExtension>
            <ns3:atemp>26.0</ns3:atemp>
            <ns3:hr>130</ns3:hr>
            <ns3:cad>94</ns3:cad>
          </ns3:TrackPointExtension>
        </extensions>
      </trkpt>
      <trkpt lat="47.67797355540096759796142578125" lon="-122.3474395461380481719970703125">
        <ele>49.200000762939453125</ele>
        <time>2026-08-19T04:53:32.000Z</time>
        <extensions>
          <ns3:TrackPointExtension>
            <ns3:atemp>26.0</ns3:atemp>
            <ns3:hr>133</ns3:hr>
            <ns3:cad>93</ns3:cad>
          </ns3:TrackPointExtension>
        </extensions>
      </trkpt>
      <trkpt lat="47.67794363200664520263671875" lon="-122.34744432382285594940185546875">
        <ele>49.200000762939453125</ele>
        <time>2026-08-19T04:53:33.000Z</time>
        <extensions>
          <ns3:TrackPointExtension>
            <ns3:atemp>26.0</ns3:atemp>
            <ns3:hr>132</ns3:hr>
            <ns3:cad>93</ns3:cad>
          </ns3:TrackPointExtension>
        </extensions>
      </trkpt>
      <trkpt lat="47.67791680991649627685546875" lon="-122.34745270572602748870849609375">
        <ele>49.200000762939453125</ele>
        <time>2026-08-19T04:53:34.000Z</time>
        <extensions>
          <ns3:TrackPointExtension>
            <ns3:atemp>26.0</ns3:atemp>
            <ns3:hr>134</ns3:hr>
            <ns3:cad>93</ns3:cad>
          </ns3:TrackPointExtension>
        </extensions>
      </trkpt>
      <trkpt lat="47.6778633333742618560791015625" lon="-122.3474683798849582672119140625">
        <ele>49</ele>
        <time>2026-08-19T04:53:36.000Z</time>
        <extensions>
          <ns3:TrackPointExtension>
            <ns3:atemp>26.0</ns3:atemp>
            <ns3:hr>133</ns3:hr>
            <ns3:cad>93</ns3:cad>
          </ns3:TrackPointExtension>
        </extensions>
      </trkpt>
      <trkpt lat="47.67781044356524944305419921875" lon="-122.3474667035043239593505859375">
        <ele>49</ele>
        <time>2026-08-19T04:53:38.000Z</time>
        <extensions>
          <ns3:TrackPointExtension>
            <ns3:atemp>26.0</ns3:atemp>
            <ns3:hr>134</ns3:hr>
            <ns3:cad>94</ns3:cad>
          </ns3:TrackPointExtension>
        </extensions>
      </trkpt>
      <trkpt lat="47.67765127122402191162109375" lon="-122.34743946231901645660400390625">
        <ele>48.200000762939453125</ele>
        <time>2026-08-19T04:53:44.000Z</time>
        <extensions>
          <ns3:TrackPointExtension>
            <ns3:atemp>25.0</ns3:atemp>
            <ns3:hr>134</ns3:hr>
            <ns3:cad>95</ns3:cad>
          </ns3:TrackPointExtension>
        </extensions>
      </trkpt>
      <trkpt lat="47.677597962319850921630859375" lon="-122.3474398814141750335693359375">
        <ele>48</ele>
        <time>2026-08-19T04:53:46.000Z</time>
        <extensions>
          <ns3:TrackPointExtension>
            <ns3:atemp>25.0</ns3:atemp>
            <ns3:hr>137</ns3:hr>
            <ns3:cad>96</ns3:cad>
          </ns3:TrackPointExtension>
        </extensions>
      </trkpt>
      <trkpt lat="47.6775159873068332672119140625" lon="-122.3474442400038242340087890625">
        <ele>48.200000762939453125</ele>
        <time>2026-08-19T04:53:49.000Z</time>
        <extensions>
          <ns3:TrackPointExtension>
            <ns3:atemp>25.0</ns3:atemp>
            <ns3:hr>136</ns3:hr>
            <ns3:cad>95</ns3:cad>
          </ns3:TrackPointExtension>
        </extensions>
      </trkpt>
      <trkpt lat="47.67748706974089145660400390625" lon="-122.34745186753571033477783203125">
        <ele>48.200000762939453125</ele>
        <time>2026-08-19T04:53:50.000Z</time>
        <extensions>
          <ns3:TrackPointExtension>
            <ns3:atemp>25.0</ns3:atemp>
            <ns3:hr>137</ns3:hr>
            <ns3:cad>95</ns3:cad>
          </ns3:TrackPointExtension>
        </extensions>
      </trkpt>
      <trkpt lat="47.67738439142704010009765625" lon="-122.34744968824088573455810546875">
        <ele>47.799999237060546875</ele>
        <time>2026-08-19T04:53:54.000Z</time>
        <extensions>
          <ns3:TrackPointExtension>
            <ns3:atemp>25.0</ns3:atemp>
            <ns3:hr>137</ns3:hr>
            <ns3:cad>94</ns3:cad>
          </ns3:TrackPointExtension>
        </extensions>
      </trkpt>
      <trkpt lat="47.67720309086143970489501953125" lon="-122.34745890833437442779541015625">
        <ele>47.40000152587890625</ele>
        <time>2026-08-19T04:54:01.000Z</time>
        <extensions>
          <ns3:TrackPointExtension>
            <ns3:atemp>25.0</ns3:atemp>
            <ns3:hr>138</ns3:hr>
            <ns3:cad>95</ns3:cad>
          </ns3:TrackPointExtension>
        </extensions>
      </trkpt>
      <trkpt lat="47.67717878334224224090576171875" lon="-122.347462177276611328125">
        <ele>47.40000152587890625</ele>
        <time>2026-08-19T04:54:02.000Z</time>
        <extensions>
          <ns3:TrackPointExtension>
            <ns3:atemp>25.0</ns3:atemp>
            <ns3:hr>138</ns3:hr>
            <ns3:cad>95</ns3:cad>
          </ns3:TrackPointExtension>
        </extensions>
      </trkpt>
      <trkpt lat="47.677099406719207763671875" lon="-122.34745211899280548095703125">
        <ele>47.200000762939453125</ele>
        <time>2026-08-19T04:54:05.000Z</time>
        <extensions>
          <ns3:TrackPointExtension>
            <ns3:atemp>25.0</ns3:atemp>
            <ns3:hr>140</ns3:hr>
            <ns3:cad>94</ns3:cad>
          </ns3:TrackPointExtension>
        </extensions>
      </trkpt>
      <trkpt lat="47.67697074450552463531494140625" lon="-122.34744063578546047210693359375">
        <ele>46.799999237060546875</ele>
        <time>2026-08-19T04:54:10.000Z</time>
        <extensions>
          <ns3:TrackPointExtension>
            <ns3:atemp>25.0</ns3:atemp>
            <ns3:hr>140</ns3:hr>
            <ns3:cad>94</ns3:cad>
          </ns3:TrackPointExtension>
        </extensions>
      </trkpt>
      <trkpt lat="47.67682246863842010498046875" lon="-122.347402833402156829833984375">
        <ele>46.799999237060546875</ele>
        <time>2026-08-19T04:54:16.000Z</time>
        <extensions>
          <ns3:TrackPointExtension>
            <ns3:atemp>25.0</ns3:atemp>
            <ns3:hr>139</ns3:hr>
            <ns3:cad>95</ns3:cad>
          </ns3:TrackPointExtension>
        </extensions>
      </trkpt>
      <trkpt lat="47.67667955718934535980224609375" lon="-122.3473481833934783935546875">
        <ele>46.40000152587890625</ele>
        <time>2026-08-19T04:54:22.000Z</time>
        <extensions>
          <ns3:TrackPointExtension>
            <ns3:atemp>25.0</ns3:atemp>
            <ns3:hr>136</ns3:hr>
            <ns3:cad>94</ns3:cad>
          </ns3:TrackPointExtension>
        </extensions>
      </trkpt>
      <trkpt lat="47.67661996185779571533203125" lon="-122.34733276069164276123046875">
        <ele>46.200000762939453125</ele>
        <time>2026-08-19T04:54:24.000Z</time>
        <extensions>
          <ns3:TrackPointExtension>
            <ns3:atemp>25.0</ns3:atemp>
            <ns3:hr>139</ns3:hr>
            <ns3:cad>95</ns3:cad>
          </ns3:TrackPointExtension>
        </extensions>
      </trkpt>
      <trkpt lat="47.6765510626137256622314453125" lon="-122.3473258875310420989990234375">
        <ele>46</ele>
        <time>2026-08-19T04:54:27.000Z</time>
        <extensions>
          <ns3:TrackPointExtension>
            <ns3:atemp>25.0</ns3:atemp>
            <ns3:hr>139</ns3:hr>
            <ns3:cad>95</ns3:cad>
          </ns3:TrackPointExtension>
        </extensions>
      </trkpt>
      <trkpt lat="47.67639289610087871551513671875" lon="-122.34732546843588352203369140625">
        <ele>45.59999847412109375</ele>
        <time>2026-08-19T04:54:33.000Z</time>
        <extensions>
          <ns3:TrackPointExtension>
            <ns3:atemp>25.0</ns3:atemp>
            <ns3:hr>137</ns3:hr>
            <ns3:cad>95</ns3:cad>
          </ns3:TrackPointExtension>
        </extensions>
      </trkpt>
      <trkpt lat="47.676267586648464202880859375" lon="-122.34735128469765186309814453125">
        <ele>45.200000762939453125</ele>
        <time>2026-08-19T04:54:38.000Z</time>
        <extensions>
          <ns3:TrackPointExtension>
            <ns3:atemp>25.0</ns3:atemp>
            <ns3:hr>138</ns3:hr>
            <ns3:cad>95</ns3:cad>
          </ns3:TrackPointExtension>
        </extensions>
      </trkpt>
      <trkpt lat="47.67624587751924991607666015625" lon="-122.347366623580455780029296875">
        <ele>45</ele>
        <time>2026-08-19T04:54:39.000Z</time>
        <extensions>
          <ns3:TrackPointExtension>
            <ns3:atemp>25.0</ns3:atemp>
            <ns3:hr>137</ns3:hr>
            <ns3:cad>95</ns3:cad>
          </ns3:TrackPointExtension>
        </extensions>
      </trkpt>
      <trkpt lat="47.67620178870856761932373046875" lon="-122.34740249812602996826171875">
        <ele>44.59999847412109375</ele>
        <time>2026-08-19T04:54:41.000Z</time>
        <extensions>
          <ns3:TrackPointExtension>
            <ns3:atemp>25.0</ns3:atemp>
            <ns3:hr>135</ns3:hr>
            <ns3:cad>94</ns3:cad>
          </ns3:TrackPointExtension>
        </extensions>
      </trkpt>
      <trkpt lat="47.6761463843286037445068359375" lon="-122.34744273126125335693359375">
        <ele>44.40000152587890625</ele>
        <time>2026-08-19T04:54:44.000Z</time>
        <extensions>
          <ns3:TrackPointExtension>
            <ns3:atemp>25.0</ns3:atemp>
            <ns3:hr>137</ns3:hr>
            <ns3:cad>94</ns3:cad>
          </ns3:TrackPointExtension>
        </extensions>
      </trkpt>
      <trkpt lat="47.67605493776500225067138671875" lon="-122.34754306264221668243408203125">
        <ele>44.40000152587890625</ele>
        <time>2026-08-19T04:54:49.000Z</time>
        <extensions>
          <ns3:TrackPointExtension>
            <ns3:atemp>25.0</ns3:atemp>
            <ns3:hr>137</ns3:hr>
            <ns3:cad>92</ns3:cad>
          </ns3:TrackPointExtension>
        </extensions>
      </trkpt>
      <trkpt lat="47.67595477402210235595703125" lon="-122.347642891108989715576171875">
        <ele>44.200000762939453125</ele>
        <time>2026-08-19T04:54:54.000Z</time>
        <extensions>
          <ns3:TrackPointExtension>
            <ns3:atemp>25.0</ns3:atemp>
            <ns3:hr>137</ns3:hr>
            <ns3:cad>96</ns3:cad>
          </ns3:TrackPointExtension>
        </extensions>
      </trkpt>
      <trkpt lat="47.67592971213161945343017578125" lon="-122.34765420667827129364013671875">
        <ele>44.200000762939453125</ele>
        <time>2026-08-19T04:54:55.000Z</time>
        <extensions>
          <ns3:TrackPointExtension>
            <ns3:atemp>25.0</ns3:atemp>
            <ns3:hr>135</ns3:hr>
            <ns3:cad>98</ns3:cad>
          </ns3:TrackPointExtension>
        </extensions>
      </trkpt>
      <trkpt lat="47.675747238099575042724609375" lon="-122.347775995731353759765625">
        <ele>44.59999847412109375</ele>
        <time>2026-08-19T04:55:02.000Z</time>
        <extensions>
          <ns3:TrackPointExtension>
            <ns3:atemp>25.0</ns3:atemp>
            <ns3:hr>134</ns3:hr>
            <ns3:cad>97</ns3:cad>
          </ns3:TrackPointExtension>
        </extensions>
      </trkpt>
      <trkpt lat="47.67556610517203807830810546875" lon="-122.3478351719677448272705078125">
        <ele>44.40000152587890625</ele>
        <time>2026-08-19T04:55:09.000Z</time>
        <extensions>
          <ns3:TrackPointExtension>
            <ns3:atemp>25.0</ns3:atemp>
            <ns3:hr>134</ns3:hr>
            <ns3:cad>94</ns3:cad>
          </ns3:TrackPointExtension>
        </extensions>
      </trkpt>
      <trkpt lat="47.67542545683681964874267578125" lon="-122.34783592633903026580810546875">
        <ele>44.40000152587890625</ele>
        <time>2026-08-19T04:55:15.000Z</time>
        <extensions>
          <ns3:TrackPointExtension>
            <ns3:atemp>25.0</ns3:atemp>
            <ns3:hr>135</ns3:hr>
            <ns3:cad>94</ns3:cad>
          </ns3:TrackPointExtension>
        </extensions>
      </trkpt>
      <trkpt lat="47.67535798251628875732421875" lon="-122.3478120379149913787841796875">
        <ele>44.200000762939453125</ele>
        <time>2026-08-19T04:55:18.000Z</time>
        <extensions>
          <ns3:TrackPointExtension>
            <ns3:atemp>25.0</ns3:atemp>
            <ns3:hr>137</ns3:hr>
            <ns3:cad>95</ns3:cad>
          </ns3:TrackPointExtension>
        </extensions>
      </trkpt>
      <trkpt lat="47.6753216050565242767333984375" lon="-122.34776618890464305877685546875">
        <ele>44.200000762939453125</ele>
        <time>2026-08-19T04:55:20.000Z</time>
        <extensions>
          <ns3:TrackPointExtension>
            <ns3:atemp>25.0</ns3:atemp>
            <ns3:hr>138</ns3:hr>
            <ns3:cad>95</ns3:cad>
          </ns3:TrackPointExtension>
        </extensions>
      </trkpt>
      <trkpt lat="47.67518204636871814727783203125" lon="-122.34761715866625308990478515625">
        <ele>44.200000762939453125</ele>
        <time>2026-08-19T04:55:26.000Z</time>
        <extensions>
          <ns3:TrackPointExtension>
            <ns3:atemp>25.0</ns3:atemp>
            <ns3:hr>137</ns3:hr>
            <ns3:cad>92</ns3:cad>
          </ns3:TrackPointExtension>
        </extensions>
      </trkpt>
      <trkpt lat="47.67501407302916049957275390625" lon="-122.34752059914171695709228515625">
        <ele>44.200000762939453125</ele>
        <time>2026-08-19T04:55:32.000Z</time>
        <extensions>
          <ns3:TrackPointExtension>
            <ns3:atemp>25.0</ns3:atemp>
            <ns3:hr>140</ns3:hr>
            <ns3:cad>97</ns3:cad>
          </ns3:TrackPointExtension>
        </extensions>
      </trkpt>
      <trkpt lat="47.6748894341289997100830078125" lon="-122.3475357703864574432373046875">
        <ele>44.59999847412109375</ele>
        <time>2026-08-19T04:55:37.000Z</time>
        <extensions>
          <ns3:TrackPointExtension>
            <ns3:atemp>25.0</ns3:atemp>
            <ns3:hr>136</ns3:hr>
            <ns3:cad>96</ns3:cad>
          </ns3:TrackPointExtension>
        </extensions>
      </trkpt>
      <trkpt lat="47.67486319877207279205322265625" lon="-122.347540296614170074462890625">
        <ele>44.59999847412109375</ele>
        <time>2026-08-19T04:55:38.000Z</time>
        <extensions>
          <ns3:TrackPointExtension>
            <ns3:atemp>25.0</ns3:atemp>
            <ns3:hr>136</ns3:hr>
            <ns3:cad>95</ns3:cad>
          </ns3:TrackPointExtension>
        </extensions>
      </trkpt>
      <trkpt lat="47.6747422479093074798583984375" lon="-122.34754255972802639007568359375">
        <ele>45.799999237060546875</ele>
        <time>2026-08-19T04:55:44.000Z</time>
        <extensions>
          <ns3:TrackPointExtension>
            <ns3:atemp>25.0</ns3:atemp>
            <ns3:hr>136</ns3:hr>
            <ns3:cad>95</ns3:cad>
          </ns3:TrackPointExtension>
        </extensions>
      </trkpt>
      <trkpt lat="47.6746594347059726715087890625" lon="-122.34754331409931182861328125">
        <ele>46</ele>
        <time>2026-08-19T04:55:47.000Z</time>
        <extensions>
          <ns3:TrackPointExtension>
            <ns3:atemp>25.0</ns3:atemp>
            <ns3:hr>137</ns3:hr>
            <ns3:cad>96</ns3:cad>
          </ns3:TrackPointExtension>
        </extensions>
      </trkpt>
      <trkpt lat="47.6745980791747570037841796875" lon="-122.34753786586225032806396484375">
        <ele>46</ele>
        <time>2026-08-19T04:55:49.000Z</time>
        <extensions>
          <ns3:TrackPointExtension>
            <ns3:atemp>25.0</ns3:atemp>
            <ns3:hr>138</ns3:hr>
            <ns3:cad>98</ns3:cad>
          </ns3:TrackPointExtension>
        </extensions>
      </trkpt>
      <trkpt lat="47.674474529922008514404296875" lon="-122.34745203517377376556396484375">
        <ele>46.40000152587890625</ele>
        <time>2026-08-19T04:55:54.000Z</time>
        <extensions>
          <ns3:TrackPointExtension>
            <ns3:atemp>25.0</ns3:atemp>
            <ns3:hr>138</ns3:hr>
            <ns3:cad>98</ns3:cad>
          </ns3:TrackPointExtension>
        </extensions>
      </trkpt>
      <trkpt lat="47.67441124655306339263916015625" lon="-122.34738565050065517425537109375">
        <ele>47</ele>
        <time>2026-08-19T04:55:57.000Z</time>
        <extensions>
          <ns3:TrackPointExtension>
            <ns3:atemp>25.0</ns3:atemp>
            <ns3:hr>137</ns3:hr>
            <ns3:cad>94</ns3:cad>
          </ns3:TrackPointExtension>
        </extensions>
      </trkpt>
      <trkpt lat="47.67437470145523548126220703125" lon="-122.34738078899681568145751953125">
        <ele>47</ele>
        <time>2026-08-19T04:55:58.000Z</time>
        <extensions>
          <ns3:TrackPointExtension>
            <ns3:atemp>25.0</ns3:atemp>
            <ns3:hr>136</ns3:hr>
            <ns3:cad>96</ns3:cad>
          </ns3:TrackPointExtension>
        </extensions>
      </trkpt>
      <trkpt lat="47.6741826720535755157470703125" lon="-122.347378693521022796630859375">
        <ele>46.799999237060546875</ele>
        <time>2026-08-19T04:56:03.000Z</time>
        <extensions>
          <ns3:TrackPointExtension>
            <ns3:atemp>25.0</ns3:atemp>
            <ns3:hr>136</ns3:hr>
            <ns3:cad>95</ns3:cad>
          </ns3:TrackPointExtension>
        </extensions>
      </trkpt>
      <trkpt lat="47.67408083193004131317138671875" lon="-122.3473356105387210845947265625">
        <ele>47.200000762939453125</ele>
        <time>2026-08-19T04:56:06.000Z</time>
        <extensions>
          <ns3:TrackPointExtension>
            <ns3:atemp>25.0</ns3:atemp>
            <ns3:hr>135</ns3:hr>
            <ns3:cad>97</ns3:cad>
          </ns3:TrackPointExtension>
        </extensions>
      </trkpt>
      <trkpt lat="47.674029283225536346435546875" lon="-122.3471833951771259307861328125">
        <ele>48</ele>
        <time>2026-08-19T04:56:10.000Z</time>
        <extensions>
          <ns3:TrackPointExtension>
            <ns3:atemp>25.0</ns3:atemp>
            <ns3:hr>132</ns3:hr>
            <ns3:cad>96</ns3:cad>
          </ns3:TrackPointExtension>
        </extensions>
      </trkpt>
      <trkpt lat="47.674013189971446990966796875" lon="-122.34714106656610965728759765625">
        <ele>48.200000762939453125</ele>
        <time>2026-08-19T04:56:11.000Z</time>
        <extensions>
          <ns3:TrackPointExtension>
            <ns3:atemp>25.0</ns3:atemp>
            <ns3:hr>133</ns3:hr>
            <ns3:cad>96</ns3:cad>
          </ns3:TrackPointExtension>
        </extensions>
      </trkpt>
      <trkpt lat="47.6739975996315479278564453125" lon="-122.34710955061018466949462890625">
        <ele>48.200000762939453125</ele>
        <time>2026-08-19T04:56:12.000Z</time>
        <extensions>
          <ns3:TrackPointExtension>
            <ns3:atemp>25.0</ns3:atemp>
            <ns3:hr>133</ns3:hr>
            <ns3:cad>96</ns3:cad>
          </ns3:TrackPointExtension>
        </extensions>
      </trkpt>
      <trkpt lat="47.67396013252437114715576171875" lon="-122.34701634384691715240478515625">
        <ele>48.200000762939453125</ele>
        <time>2026-08-19T04:56:15.000Z</time>
        <extensions>
          <ns3:TrackPointExtension>
            <ns3:atemp>25.0</ns3:atemp>
            <ns3:hr>136</ns3:hr>
            <ns3:cad>96</ns3:cad>
          </ns3:TrackPointExtension>
        </extensions>
      </trkpt>
      <trkpt lat="47.67394269816577434539794921875" lon="-122.34688927419483661651611328125">
        <ele>48.40000152587890625</ele>
        <time>2026-08-19T04:56:18.000Z</time>
        <extensions>
          <ns3:TrackPointExtension>
            <ns3:atemp>25.0</ns3:atemp>
            <ns3:hr>138</ns3:hr>
            <ns3:cad>96</ns3:cad>
          </ns3:TrackPointExtension>
        </extensions>
      </trkpt>
      <trkpt lat="47.673967592418193817138671875" lon="-122.3467106558382511138916015625">
        <ele>48.40000152587890625</ele>
        <time>2026-08-19T04:56:22.000Z</time>
        <extensions>
          <ns3:TrackPointExtension>
            <ns3:atemp>25.0</ns3:atemp>
            <ns3:hr>135</ns3:hr>
            <ns3:cad>94</ns3:cad>
          </ns3:TrackPointExtension>
        </extensions>
      </trkpt>
      <trkpt lat="47.6740079931914806365966796875" lon="-122.34659657813608646392822265625">
        <ele>48.40000152587890625</ele>
        <time>2026-08-19T04:56:24.000Z</time>
        <extensions>
          <ns3:TrackPointExtension>
            <ns3:atemp>25.0</ns3:atemp>
            <ns3:hr>136</ns3:hr>
            <ns3:cad>94</ns3:cad>
          </ns3:TrackPointExtension>
        </extensions>
      </trkpt>
      <trkpt lat="47.6740562729537487030029296875" lon="-122.34643899835646152496337890625">
        <ele>48.40000152587890625</ele>
        <time>2026-08-19T04:56:28.000Z</time>
        <extensions>
          <ns3:TrackPointExtension>
            <ns3:atemp>25.0</ns3:atemp>
            <ns3:hr>136</ns3:hr>
            <ns3:cad>94</ns3:cad>
          </ns3:TrackPointExtension>
        </extensions>
      </trkpt>
      <trkpt lat="47.6740995235741138458251953125" lon="-122.34625996090471744537353515625">
        <ele>47.200000762939453125</ele>
        <time>2026-08-19T04:56:32.000Z</time>
        <extensions>
          <ns3:TrackPointExtension>
            <ns3:atemp>25.0</ns3:atemp>
            <ns3:hr>137</ns3:hr>
            <ns3:cad>94</ns3:cad>
          </ns3:TrackPointExtension>
        </extensions>
      </trkpt>
      <trkpt lat="47.67410807311534881591796875" lon="-122.346220314502716064453125">
        <ele>46.799999237060546875</ele>
        <time>2026-08-19T04:56:33.000Z</time>
        <extensions>
          <ns3:TrackPointExtension>
            <ns3:atemp>25.0</ns3:atemp>
            <ns3:hr>137</ns3:hr>
            <ns3:cad>94</ns3:cad>
          </ns3:TrackPointExtension>
        </extensions>
      </trkpt>
      <trkpt lat="47.67413799650967121124267578125" lon="-122.346081845462322235107421875">
        <ele>45.59999847412109375</ele>
        <time>2026-08-19T04:56:37.000Z</time>
        <extensions>
          <ns3:TrackPointExtension>
            <ns3:atemp>25.0</ns3:atemp>
            <ns3:hr>136</ns3:hr>
            <ns3:cad>94</ns3:cad>
          </ns3:TrackPointExtension>
        </extensions>
      </trkpt>
      <trkpt lat="47.67415241338312625885009765625" lon="-122.3459998704493045806884765625">
        <ele>45.200000762939453125</ele>
        <time>2026-08-19T04:56:39.000Z</time>
        <extensions>
          <ns3:TrackPointExtension>
            <ns3:atemp>25.0</ns3:atemp>
            <ns3:hr>135</ns3:hr>
            <ns3:cad>93</ns3:cad>
          </ns3:TrackPointExtension>
        </extensions>
      </trkpt>
      <trkpt lat="47.67421427182853221893310546875" lon="-122.3458751477301120758056640625">
        <ele>44.40000152587890625</ele>
        <time>2026-08-19T04:56:43.000Z</time>
        <extensions>
          <ns3:TrackPointExtension>
            <ns3:atemp>25.0</ns3:atemp>
            <ns3:hr>138</ns3:hr>
            <ns3:cad>94</ns3:cad>
          </ns3:TrackPointExtension>
        </extensions>
      </trkpt>
      <trkpt lat="47.6742275990545749664306640625" lon="-122.3458402790129184722900390625">
        <ele>44.200000762939453125</ele>
        <time>2026-08-19T04:56:44.000Z</time>
        <extensions>
          <ns3:TrackPointExtension>
            <ns3:atemp>24.0</ns3:atemp>
            <ns3:hr>138</ns3:hr>
            <ns3:cad>95</ns3:cad>
          </ns3:TrackPointExtension>
        </extensions>
      </trkpt>
      <trkpt lat="47.6742363162338733673095703125" lon="-122.34570088796317577362060546875">
        <ele>44</ele>
        <time>2026-08-19T04:56:48.000Z</time>
        <extensions>
          <ns3:TrackPointExtension>
            <ns3:atemp>24.0</ns3:atemp>
            <ns3:hr>134</ns3:hr>
            <ns3:cad>94</ns3:cad>
          </ns3:TrackPointExtension>
        </extensions>
      </trkpt>
      <trkpt lat="47.67422667704522609710693359375" lon="-122.34566710889339447021484375">
        <ele>44</ele>
        <time>2026-08-19T04:56:49.000Z</time>
        <extensions>
          <ns3:TrackPointExtension>
            <ns3:atemp>24.0</ns3:atemp>
            <ns3:hr>136</ns3:hr>
            <ns3:cad>94</ns3:cad>
          </ns3:TrackPointExtension>
        </extensions>
      </trkpt>
      <trkpt lat="47.67415727488696575164794921875" lon="-122.34552570618689060211181640625">
        <ele>43.40000152587890625</ele>
        <time>2026-08-19T04:56:54.000Z</time>
        <extensions>
          <ns3:TrackPointExtension>
            <ns3:atemp>24.0</ns3:atemp>
            <ns3:hr>134</ns3:hr>
            <ns3:cad>94</ns3:cad>
          </ns3:TrackPointExtension>
        </extensions>
      </trkpt>
      <trkpt lat="47.67414285801351070404052734375" lon="-122.3455006442964076995849609375">
        <ele>44</ele>
        <time>2026-08-19T04:56:55.000Z</time>
        <extensions>
          <ns3:TrackPointExtension>
            <ns3:atemp>24.0</ns3:atemp>
            <ns3:hr>135</ns3:hr>
            <ns3:cad>94</ns3:cad>
          </ns3:TrackPointExtension>
        </extensions>
      </trkpt>
      <trkpt lat="47.67403758130967617034912109375" lon="-122.34532956965267658233642578125">
        <ele>43.59999847412109375</ele>
        <time>2026-08-19T04:57:01.000Z</time>
        <extensions>
          <ns3:TrackPointExtension>
            <ns3:atemp>24.0</ns3:atemp>
            <ns3:hr>135</ns3:hr>
            <ns3:cad>94</ns3:cad>
          </ns3:TrackPointExtension>
        </extensions>
      </trkpt>
      <trkpt lat="47.6740180514752864837646484375" lon="-122.34530341811478137969970703125">
        <ele>43.59999847412109375</ele>
        <time>2026-08-19T04:57:02.000Z</time>
        <extensions>
          <ns3:TrackPointExtension>
            <ns3:atemp>24.0</ns3:atemp>
            <ns3:hr>132</ns3:hr>
            <ns3:cad>93</ns3:cad>
          </ns3:TrackPointExtension>
        </extensions>
      </trkpt>
      <trkpt lat="47.674002461135387420654296875" lon="-122.34527860768139362335205078125">
        <ele>43.59999847412109375</ele>
        <time>2026-08-19T04:57:03.000Z</time>
        <extensions>
          <ns3:TrackPointExtension>
            <ns3:atemp>24.0</ns3:atemp>
            <ns3:hr>132</ns3:hr>
            <ns3:cad>93</ns3:cad>
          </ns3:TrackPointExtension>
        </extensions>
      </trkpt>
      <trkpt lat="47.67389290966093540191650390625" lon="-122.3451378755271434783935546875">
        <ele>44</ele>
        <time>2026-08-19T04:57:08.000Z</time>
        <extensions>
          <ns3:TrackPointExtension>
            <ns3:atemp>24.0</ns3:atemp>
            <ns3:hr>133</ns3:hr>
            <ns3:cad>94</ns3:cad>
          </ns3:TrackPointExtension>
        </extensions>
      </trkpt>
      <trkpt lat="47.67376516945660114288330078125" lon="-122.3449175991117954254150390625">
        <ele>44</ele>
        <time>2026-08-19T04:57:15.000Z</time>
        <extensions>
          <ns3:TrackPointExtension>
            <ns3:atemp>24.0</ns3:atemp>
            <ns3:hr>135</ns3:hr>
            <ns3:cad>93</ns3:cad>
          </ns3:TrackPointExtension>
        </extensions>
      </trkpt>
      <trkpt lat="47.6737159676849842071533203125" lon="-122.3448703251779079437255859375">
        <ele>44</ele>
        <time>2026-08-19T04:57:17.000Z</time>
        <extensions>
          <ns3:TrackPointExtension>
            <ns3:atemp>24.0</ns3:atemp>
            <ns3:hr>138</ns3:hr>
            <ns3:cad>93</ns3:cad>
          </ns3:TrackPointExtension>
        </extensions>
      </trkpt>
      <trkpt lat="47.67361161299049854278564453125" lon="-122.34474669210612773895263671875">
        <ele>43.799999237060546875</ele>
        <time>2026-08-19T04:57:22.000Z</time>
        <extensions>
          <ns3:TrackPointExtension>
            <ns3:atemp>24.0</ns3:atemp>
            <ns3:hr>141</ns3:hr>
            <ns3:cad>93</ns3:cad>
          </ns3:TrackPointExtension>
        </extensions>
      </trkpt>
      <trkpt lat="47.67347129993140697479248046875" lon="-122.3445699177682399749755859375">
        <ele>43.59999847412109375</ele>
        <time>2026-08-19T04:57:29.000Z</time>
        <extensions>
          <ns3:TrackPointExtension>
            <ns3:atemp>24.0</ns3:atemp>
            <ns3:hr>140</ns3:hr>
            <ns3:cad>93</ns3:cad>
          </ns3:TrackPointExtension>
        </extensions>
      </trkpt>
      <trkpt lat="47.6734205894172191619873046875" lon="-122.34453119337558746337890625">
        <ele>43.59999847412109375</ele>
        <time>2026-08-19T04:57:31.000Z</time>
        <extensions>
          <ns3:TrackPointExtension>
            <ns3:atemp>24.0</ns3:atemp>
            <ns3:hr>140</ns3:hr>
            <ns3:cad>94</ns3:cad>
          </ns3:TrackPointExtension>
        </extensions>
      </trkpt>
      <trkpt lat="47.67331011593341827392578125" lon="-122.3444287665188312530517578125">
        <ele>43.40000152587890625</ele>
        <time>2026-08-19T04:57:37.000Z</time>
        <extensions>
          <ns3:TrackPointExtension>
            <ns3:atemp>24.0</ns3:atemp>
            <ns3:hr>143</ns3:hr>
            <ns3:cad>95</ns3:cad>
          </ns3:TrackPointExtension>
        </extensions>
      </trkpt>
      <trkpt lat="47.67327398993074893951416015625" lon="-122.34438844956457614898681640625">
        <ele>43.59999847412109375</ele>
        <time>2026-08-19T04:57:39.000Z</time>
        <extensions>
          <ns3:TrackPointExtension>
            <ns3:atemp>24.0</ns3:atemp>
            <ns3:hr>140</ns3:hr>
            <ns3:cad>95</ns3:cad>
          </ns3:TrackPointExtension>
        </extensions>
      </trkpt>
      <trkpt lat="47.67324264161288738250732421875" lon="-122.34437537379562854766845703125">
        <ele>43.59999847412109375</ele>
        <time>2026-08-19T04:57:40.000Z</time>
        <extensions>
          <ns3:TrackPointExtension>
            <ns3:atemp>24.0</ns3:atemp>
            <ns3:hr>140</ns3:hr>
            <ns3:cad>95</ns3:cad>
          </ns3:TrackPointExtension>
        </extensions>
      </trkpt>
      <trkpt lat="47.67321732826530933380126953125" lon="-122.3443640582263469696044921875">
        <ele>43.799999237060546875</ele>
        <time>2026-08-19T04:57:41.000Z</time>
        <extensions>
          <ns3:TrackPointExtension>
            <ns3:atemp>24.0</ns3:atemp>
            <ns3:hr>143</ns3:hr>
            <ns3:cad>95</ns3:cad>
          </ns3:TrackPointExtension>
        </extensions>
      </trkpt>
      <trkpt lat="47.67317240126430988311767578125" lon="-122.3443199694156646728515625">
        <ele>43.799999237060546875</ele>
        <time>2026-08-19T04:57:43.000Z</time>
        <extensions>
          <ns3:TrackPointExtension>
            <ns3:atemp>24.0</ns3:atemp>
            <ns3:hr>140</ns3:hr>
            <ns3:cad>94</ns3:cad>
          </ns3:TrackPointExtension>
        </extensions>
      </trkpt>
      <trkpt lat="47.67311297357082366943359375" lon="-122.34426456503570079803466796875">
        <ele>43.799999237060546875</ele>
        <time>2026-08-19T04:57:46.000Z</time>
        <extensions>
          <ns3:TrackPointExtension>
            <ns3:atemp>24.0</ns3:atemp>
            <ns3:hr>143</ns3:hr>
            <ns3:cad>94</ns3:cad>
          </ns3:TrackPointExtension>
        </extensions>
      </trkpt>
      <trkpt lat="47.67309109680354595184326171875" lon="-122.34424687922000885009765625">
        <ele>43.799999237060546875</ele>
        <time>2026-08-19T04:57:47.000Z</time>
        <extensions>
          <ns3:TrackPointExtension>
            <ns3:atemp>24.0</ns3:atemp>
            <ns3:hr>143</ns3:hr>
            <ns3:cad>94</ns3:cad>
          </ns3:TrackPointExtension>
        </extensions>
      </trkpt>
      <trkpt lat="47.6729714870452880859375" lon="-122.34415325336158275604248046875">
        <ele>43.59999847412109375</ele>
        <time>2026-08-19T04:57:52.000Z</time>
        <extensions>
          <ns3:TrackPointExtension>
            <ns3:atemp>24.0</ns3:atemp>
            <ns3:hr>140</ns3:hr>
            <ns3:cad>96</ns3:cad>
          </ns3:TrackPointExtension>
        </extensions>
      </trkpt>
      <trkpt lat="47.67290652729570865631103515625" lon="-122.3441186361014842987060546875">
        <ele>44</ele>
        <time>2026-08-19T04:57:55.000Z</time>
        <extensions>
          <ns3:TrackPointExtension>
            <ns3:atemp>24.0</ns3:atemp>
            <ns3:hr>140</ns3:hr>
            <ns3:cad>94</ns3:cad>
          </ns3:TrackPointExtension>
        </extensions>
      </trkpt>
      <trkpt lat="47.67272732220590114593505859375" lon="-122.34402182511985301971435546875">
        <ele>44</ele>
        <time>2026-08-19T04:58:02.000Z</time>
        <extensions>
          <ns3:TrackPointExtension>
            <ns3:atemp>24.0</ns3:atemp>
            <ns3:hr>138</ns3:hr>
            <ns3:cad>94</ns3:cad>
          </ns3:TrackPointExtension>
        </extensions>
      </trkpt>
      <trkpt lat="47.6727034337818622589111328125" lon="-122.34401076100766658782958984375">
        <ele>44</ele>
        <time>2026-08-19T04:58:03.000Z</time>
        <extensions>
          <ns3:TrackPointExtension>
            <ns3:atemp>24.0</ns3:atemp>
            <ns3:hr>136</ns3:hr>
            <ns3:cad>94</ns3:cad>
          </ns3:TrackPointExtension>
        </extensions>
      </trkpt>
      <trkpt lat="47.67252556979656219482421875" lon="-122.34393163584172725677490234375">
        <ele>43.799999237060546875</ele>
        <time>2026-08-19T04:58:10.000Z</time>
        <extensions>
          <ns3:TrackPointExtension>
            <ns3:atemp>24.0</ns3:atemp>
            <ns3:hr>137</ns3:hr>
            <ns3:cad>94</ns3:cad>
          </ns3:TrackPointExtension>
        </extensions>
      </trkpt>
      <trkpt lat="47.6723463647067546844482421875" lon="-122.34383490867912769317626953125">
        <ele>43.40000152587890625</ele>
        <time>2026-08-19T04:58:17.000Z</time>
        <extensions>
          <ns3:TrackPointExtension>
            <ns3:atemp>24.0</ns3:atemp>
            <ns3:hr>136</ns3:hr>
            <ns3:cad>93</ns3:cad>
          </ns3:TrackPointExtension>
        </extensions>
      </trkpt>
      <trkpt lat="47.67216942273080348968505859375" lon="-122.3437813483178615570068359375">
        <ele>43.59999847412109375</ele>
        <time>2026-08-19T04:58:23.000Z</time>
        <extensions>
          <ns3:TrackPointExtension>
            <ns3:atemp>24.0</ns3:atemp>
            <ns3:hr>135</ns3:hr>
            <ns3:cad>93</ns3:cad>
          </ns3:TrackPointExtension>
        </extensions>
      </trkpt>
      <trkpt lat="47.67201435752213001251220703125" lon="-122.34372996725142002105712890625">
        <ele>44.59999847412109375</ele>
        <time>2026-08-19T04:58:29.000Z</time>
        <extensions>
          <ns3:TrackPointExtension>
            <ns3:atemp>24.0</ns3:atemp>
            <ns3:hr>139</ns3:hr>
            <ns3:cad>95</ns3:cad>
          </ns3:TrackPointExtension>
        </extensions>
      </trkpt>
      <trkpt lat="47.67197831533849239349365234375" lon="-122.3437245190143585205078125">
        <ele>44.59999847412109375</ele>
        <time>2026-08-19T04:58:30.000Z</time>
        <extensions>
          <ns3:TrackPointExtension>
            <ns3:atemp>24.0</ns3:atemp>
            <ns3:hr>139</ns3:hr>
            <ns3:cad>96</ns3:cad>
          </ns3:TrackPointExtension>
        </extensions>
      </trkpt>
      <trkpt lat="47.67185275442898273468017578125" lon="-122.34370180405676364898681640625">
        <ele>43.59999847412109375</ele>
        <time>2026-08-19T04:58:35.000Z</time>
        <extensions>
          <ns3:TrackPointExtension>
            <ns3:atemp>24.0</ns3:atemp>
            <ns3:hr>139</ns3:hr>
            <ns3:cad>94</ns3:cad>
          </ns3:TrackPointExtension>
        </extensions>
      </trkpt>
      <trkpt lat="47.6717388443648815155029296875" lon="-122.3436868004500865936279296875">
        <ele>43.40000152587890625</ele>
        <time>2026-08-19T04:58:40.000Z</time>
        <extensions>
          <ns3:TrackPointExtension>
            <ns3:atemp>25.0</ns3:atemp>
            <ns3:hr>138</ns3:hr>
            <ns3:cad>94</ns3:cad>
          </ns3:TrackPointExtension>
        </extensions>
      </trkpt>
      <trkpt lat="47.671607919037342071533203125" lon="-122.3436398617923259735107421875">
        <ele>43.40000152587890625</ele>
        <time>2026-08-19T04:58:45.000Z</time>
        <extensions>
          <ns3:TrackPointExtension>
            <ns3:atemp>25.0</ns3:atemp>
            <ns3:hr>138</ns3:hr>
            <ns3:cad>94</ns3:cad>
          </ns3:TrackPointExtension>
        </extensions>
      </trkpt>
      <trkpt lat="47.6714381016790866851806640625" lon="-122.3435952700674533843994140625">
        <ele>43.59999847412109375</ele>
        <time>2026-08-19T04:58:52.000Z</time>
        <extensions>
          <ns3:TrackPointExtension>
            <ns3:atemp>25.0</ns3:atemp>
            <ns3:hr>135</ns3:hr>
            <ns3:cad>94</ns3:cad>
          </ns3:TrackPointExtension>
        </extensions>
      </trkpt>
      <trkpt lat="47.6714156381785869598388671875" lon="-122.34358244575560092926025390625">
        <ele>43.59999847412109375</ele>
        <time>2026-08-19T04:58:53.000Z</time>
        <extensions>
          <ns3:TrackPointExtension>
            <ns3:atemp>25.0</ns3:atemp>
            <ns3:hr>136</ns3:hr>
            <ns3:cad>94</ns3:cad>
          </ns3:TrackPointExtension>
        </extensions>
      </trkpt>
      <trkpt lat="47.67130122520029544830322265625" lon="-122.343494184315204620361328125">
        <ele>43.799999237060546875</ele>
        <time>2026-08-19T04:58:58.000Z</time>
        <extensions>
          <ns3:TrackPointExtension>
            <ns3:atemp>25.0</ns3:atemp>
            <ns3:hr>136</ns3:hr>
            <ns3:cad>95</ns3:cad>
          </ns3:TrackPointExtension>
        </extensions>
      </trkpt>
      <trkpt lat="47.671184130012989044189453125" lon="-122.34341179020702838897705078125">
        <ele>43.799999237060546875</ele>
        <time>2026-08-19T04:59:03.000Z</time>
        <extensions>
          <ns3:TrackPointExtension>
            <ns3:atemp>25.0</ns3:atemp>
            <ns3:hr>138</ns3:hr>
            <ns3:cad>94</ns3:cad>
          </ns3:TrackPointExtension>
        </extensions>
      </trkpt>
      <trkpt lat="47.6711611635982990264892578125" lon="-122.34339452348649501800537109375">
        <ele>43.799999237060546875</ele>
        <time>2026-08-19T04:59:04.000Z</time>
        <extensions>
          <ns3:TrackPointExtension>
            <ns3:atemp>25.0</ns3:atemp>
            <ns3:hr>135</ns3:hr>
            <ns3:cad>96</ns3:cad>
          </ns3:TrackPointExtension>
        </extensions>
      </trkpt>
      <trkpt lat="47.671030573546886444091796875" lon="-122.34326980076730251312255859375">
        <ele>44</ele>
        <time>2026-08-19T04:59:10.000Z</time>
        <extensions>
          <ns3:TrackPointExtension>
            <ns3:atemp>25.0</ns3:atemp>
            <ns3:hr>137</ns3:hr>
            <ns3:cad>93</ns3:cad>
          </ns3:TrackPointExtension>
        </extensions>
      </trkpt>
      <trkpt lat="47.670872323215007781982421875" lon="-122.34308925457298755645751953125">
        <ele>44.200000762939453125</ele>
        <time>2026-08-19T04:59:18.000Z</time>
        <extensions>
          <ns3:TrackPointExtension>
            <ns3:atemp>25.0</ns3:atemp>
            <ns3:hr>138</ns3:hr>
            <ns3:cad>93</ns3:cad>
          </ns3:TrackPointExtension>
        </extensions>
      </trkpt>
      <trkpt lat="47.67084357328712940216064453125" lon="-122.343060672283172607421875">
        <ele>44.200000762939453125</ele>
        <time>2026-08-19T04:59:19.000Z</time>
        <extensions>
          <ns3:TrackPointExtension>
            <ns3:atemp>25.0</ns3:atemp>
            <ns3:hr>135</ns3:hr>
            <ns3:cad>94</ns3:cad>
          </ns3:TrackPointExtension>
        </extensions>
      </trkpt>
      <trkpt lat="47.6708252169191837310791015625" lon="-122.34303611330687999725341796875">
        <ele>44.200000762939453125</ele>
        <time>2026-08-19T04:59:20.000Z</time>
        <extensions>
          <ns3:TrackPointExtension>
            <ns3:atemp>25.0</ns3:atemp>
            <ns3:hr>139</ns3:hr>
            <ns3:cad>94</ns3:cad>
          </ns3:TrackPointExtension>
        </extensions>
      </trkpt>
      <trkpt lat="47.67074265517294406890869140625" lon="-122.34290384687483310699462890625">
        <ele>44</ele>
        <time>2026-08-19T04:59:25.000Z</time>
        <extensions>
          <ns3:TrackPointExtension>
            <ns3:atemp>25.0</ns3:atemp>
            <ns3:hr>141</ns3:hr>
            <ns3:cad>94</ns3:cad>
          </ns3:TrackPointExtension>
        </extensions>
      </trkpt>
      <trkpt lat="47.67061206512153148651123046875" lon="-122.3426900245249271392822265625">
        <ele>44.200000762939453125</ele>
        <time>2026-08-19T04:59:33.000Z</time>
        <extensions>
          <ns3:TrackPointExtension>
            <ns3:atemp>24.0</ns3:atemp>
            <ns3:hr>141</ns3:hr>
            <ns3:cad>94</ns3:cad>
          </ns3:TrackPointExtension>
        </extensions>
      </trkpt>
      <trkpt lat="47.6705372147262096405029296875" lon="-122.34252532012760639190673828125">
        <ele>44</ele>
        <time>2026-08-19T04:59:38.000Z</time>
        <extensions>
          <ns3:TrackPointExtension>
            <ns3:atemp>24.0</ns3:atemp>
            <ns3:hr>144</ns3:hr>
            <ns3:cad>94</ns3:cad>
          </ns3:TrackPointExtension>
        </extensions>
      </trkpt>
      <trkpt lat="47.6705137453973293304443359375" lon="-122.34244988299906253814697265625">
        <ele>44.200000762939453125</ele>
        <time>2026-08-19T04:59:40.000Z</time>
        <extensions>
          <ns3:TrackPointExtension>
            <ns3:atemp>24.0</ns3:atemp>
            <ns3:hr>145</ns3:hr>
            <ns3:cad>94</ns3:cad>
          </ns3:TrackPointExtension>
        </extensions>
      </trkpt>
      <trkpt lat="47.67047074623405933380126953125" lon="-122.342239581048488616943359375">
        <ele>44.200000762939453125</ele>
        <time>2026-08-19T04:59:46.000Z</time>
        <extensions>
          <ns3:TrackPointExtension>
            <ns3:atemp>25.0</ns3:atemp>
            <ns3:hr>142</ns3:hr>
            <ns3:cad>93</ns3:cad>
          </ns3:TrackPointExtension>
        </extensions>
      </trkpt>
      <trkpt lat="47.67045867629349231719970703125" lon="-122.342175208032131195068359375">
        <ele>44.40000152587890625</ele>
        <time>2026-08-19T04:59:48.000Z</time>
        <extensions>
          <ns3:TrackPointExtension>
            <ns3:atemp>25.0</ns3:atemp>
            <ns3:hr>144</ns3:hr>
            <ns3:cad>94</ns3:cad>
          </ns3:TrackPointExtension>
        </extensions>
      </trkpt>
      <trkpt lat="47.6704493723809719085693359375" lon="-122.34214595519006252288818359375">
        <ele>44.40000152587890625</ele>
        <time>2026-08-19T04:59:49.000Z</time>
        <extensions>
          <ns3:TrackPointExtension>
            <ns3:atemp>25.0</ns3:atemp>
            <ns3:hr>144</ns3:hr>
            <ns3:cad>94</ns3:cad>
          </ns3:TrackPointExtension>
        </extensions>
      </trkpt>
      <trkpt lat="47.67038784921169281005859375" lon="-122.341931797564029693603515625">
        <ele>44</ele>
        <time>2026-08-19T04:59:55.000Z</time>
        <extensions>
          <ns3:TrackPointExtension>
            <ns3:atemp>25.0</ns3:atemp>
            <ns3:hr>144</ns3:hr>
            <ns3:cad>94</ns3:cad>
          </ns3:TrackPointExtension>
        </extensions>
      </trkpt>
      <trkpt lat="47.67036907374858856201171875" lon="-122.34171311371028423309326171875">
        <ele>44.200000762939453125</ele>
        <time>2026-08-19T05:00:01.000Z</time>
        <extensions>
          <ns3:TrackPointExtension>
            <ns3:atemp>25.0</ns3:atemp>
            <ns3:hr>143</ns3:hr>
            <ns3:cad>94</ns3:cad>
          </ns3:TrackPointExtension>
        </extensions>
      </trkpt>
      <trkpt lat="47.67033713869750499725341796875" lon="-122.34152083285152912139892578125">
        <ele>44.200000762939453125</ele>
        <time>2026-08-19T05:00:07.000Z</time>
        <extensions>
          <ns3:TrackPointExtension>
            <ns3:atemp>25.0</ns3:atemp>
            <ns3:hr>142</ns3:hr>
            <ns3:cad>94</ns3:cad>
          </ns3:TrackPointExtension>
        </extensions>
      </trkpt>
      <trkpt lat="47.6702879369258880615234375" lon="-122.34129988588392734527587890625">
        <ele>44.40000152587890625</ele>
        <time>2026-08-19T05:00:14.000Z</time>
        <extensions>
          <ns3:TrackPointExtension>
            <ns3:atemp>25.0</ns3:atemp>
            <ns3:hr>142</ns3:hr>
            <ns3:cad>94</ns3:cad>
          </ns3:TrackPointExtension>
        </extensions>
      </trkpt>
      <trkpt lat="47.6702458597719669342041015625" lon="-122.3409965448081493377685546875">
        <ele>44.40000152587890625</ele>
        <time>2026-08-19T05:00:22.000Z</time>
        <extensions>
          <ns3:TrackPointExtension>
            <ns3:atemp>24.0</ns3:atemp>
            <ns3:hr>142</ns3:hr>
            <ns3:cad>92</ns3:cad>
          </ns3:TrackPointExtension>
        </extensions>
      </trkpt>
      <trkpt lat="47.670162208378314971923828125" lon="-122.34079060144722461700439453125">
        <ele>44.40000152587890625</ele>
        <time>2026-08-19T05:00:28.000Z</time>
        <extensions>
          <ns3:TrackPointExtension>
            <ns3:atemp>24.0</ns3:atemp>
            <ns3:hr>143</ns3:hr>
            <ns3:cad>94</ns3:cad>
          </ns3:TrackPointExtension>
        </extensions>
      </trkpt>
      <trkpt lat="47.6700889505445957183837890625" lon="-122.3406022600829601287841796875">
        <ele>44.40000152587890625</ele>
        <time>2026-08-19T05:00:33.000Z</time>
        <extensions>
          <ns3:TrackPointExtension>
            <ns3:atemp>24.0</ns3:atemp>
            <ns3:hr>145</ns3:hr>
            <ns3:cad>93</ns3:cad>
          </ns3:TrackPointExtension>
        </extensions>
      </trkpt>
      <trkpt lat="47.6699890382587909698486328125" lon="-122.34037469141185283660888671875">
        <ele>44.799999237060546875</ele>
        <time>2026-08-19T05:00:40.000Z</time>
        <extensions>
          <ns3:TrackPointExtension>
            <ns3:atemp>24.0</ns3:atemp>
            <ns3:hr>146</ns3:hr>
            <ns3:cad>94</ns3:cad>
          </ns3:TrackPointExtension>
        </extensions>
      </trkpt>
      <trkpt lat="47.6699806563556194305419921875" lon="-122.340350635349750518798828125">
        <ele>45</ele>
        <time>2026-08-19T05:00:41.000Z</time>
        <extensions>
          <ns3:TrackPointExtension>
            <ns3:atemp>24.0</ns3:atemp>
            <ns3:hr>146</ns3:hr>
            <ns3:cad>94</ns3:cad>
          </ns3:TrackPointExtension>
        </extensions>
      </trkpt>
      <trkpt lat="47.6699491403996944427490234375" lon="-122.3401231504976749420166015625">
        <ele>45.200000762939453125</ele>
        <time>2026-08-19T05:00:47.000Z</time>
        <extensions>
          <ns3:TrackPointExtension>
            <ns3:atemp>24.0</ns3:atemp>
            <ns3:hr>145</ns3:hr>
            <ns3:cad>94</ns3:cad>
          </ns3:TrackPointExtension>
        </extensions>
      </trkpt>
      <trkpt lat="47.66995928250253200531005859375" lon="-122.340035475790500640869140625">
        <ele>45.200000762939453125</ele>
        <time>2026-08-19T05:00:50.000Z</time>
        <extensions>
          <ns3:TrackPointExtension>
            <ns3:atemp>25.0</ns3:atemp>
            <ns3:hr>145</ns3:hr>
            <ns3:cad>94</ns3:cad>
          </ns3:TrackPointExtension>
        </extensions>
      </trkpt>
      <trkpt lat="47.6699888706207275390625" lon="-122.3400188796222209930419921875">
        <ele>45</ele>
        <time>2026-08-19T05:00:52.000Z</time>
        <extensions>
          <ns3:TrackPointExtension>
            <ns3:atemp>25.0</ns3:atemp>
            <ns3:hr>146</ns3:hr>
            <ns3:cad>92</ns3:cad>
          </ns3:TrackPointExtension>
        </extensions>
      </trkpt>
      <trkpt lat="47.670138739049434661865234375" lon="-122.340024411678314208984375">
        <ele>44.59999847412109375</ele>
        <time>2026-08-19T05:00:58.000Z</time>
        <extensions>
          <ns3:TrackPointExtension>
            <ns3:atemp>25.0</ns3:atemp>
            <ns3:hr>146</ns3:hr>
            <ns3:cad>95</ns3:cad>
          </ns3:TrackPointExtension>
        </extensions>
      </trkpt>
      <trkpt lat="47.67032473348081111907958984375" lon="-122.340022735297679901123046875">
        <ele>44.799999237060546875</ele>
        <time>2026-08-19T05:01:05.000Z</time>
        <extensions>
          <ns3:TrackPointExtension>
            <ns3:atemp>25.0</ns3:atemp>
            <ns3:hr>147</ns3:hr>
            <ns3:cad>94</ns3:cad>
          </ns3:TrackPointExtension>
        </extensions>
      </trkpt>
      <trkpt lat="47.670348621904850006103515625" lon="-122.34002499841153621673583984375">
        <ele>45</ele>
        <time>2026-08-19T05:01:06.000Z</time>
        <extensions>
          <ns3:TrackPointExtension>
            <ns3:atemp>25.0</ns3:atemp>
            <ns3:hr>147</ns3:hr>
            <ns3:cad>94</ns3:cad>
          </ns3:TrackPointExtension>
        </extensions>
      </trkpt>
      <trkpt lat="47.67052371986210346221923828125" lon="-122.34003312885761260986328125">
        <ele>45</ele>
        <time>2026-08-19T05:01:13.000Z</time>
        <extensions>
          <ns3:TrackPointExtension>
            <ns3:atemp>25.0</ns3:atemp>
            <ns3:hr>148</ns3:hr>
            <ns3:cad>95</ns3:cad>
          </ns3:TrackPointExtension>
        </extensions>
      </trkpt>
      <trkpt lat="47.67070225439965724945068359375" lon="-122.3400346376001834869384765625">
        <ele>45.200000762939453125</ele>
        <time>2026-08-19T05:01:20.000Z</time>
        <extensions>
          <ns3:TrackPointExtension>
            <ns3:atemp>25.0</ns3:atemp>
            <ns3:hr>145</ns3:hr>
            <ns3:cad>96</ns3:cad>
          </ns3:TrackPointExtension>
        </extensions>
      </trkpt>
      <trkpt lat="47.67082211561501026153564453125" lon="-122.34002734534442424774169921875">
        <ele>45.40000152587890625</ele>
        <time>2026-08-19T05:01:25.000Z</time>
        <extensions>
          <ns3:TrackPointExtension>
            <ns3:atemp>25.0</ns3:atemp>
            <ns3:hr>145</ns3:hr>
            <ns3:cad>94</ns3:cad>
          </ns3:TrackPointExtension>
        </extensions>
      </trkpt>
      <trkpt lat="47.6708470098674297332763671875" lon="-122.34002969227731227874755859375">
        <ele>45.59999847412109375</ele>
        <time>2026-08-19T05:01:26.000Z</time>
        <extensions>
          <ns3:TrackPointExtension>
            <ns3:atemp>25.0</ns3:atemp>
            <ns3:hr>143</ns3:hr>
            <ns3:cad>94</ns3:cad>
          </ns3:TrackPointExtension>
        </extensions>
      </trkpt>
      <trkpt lat="47.67090551555156707763671875" lon="-122.340027429163455963134765625">
        <ele>45.59999847412109375</ele>
        <time>2026-08-19T05:01:28.000Z</time>
        <extensions>
          <ns3:TrackPointExtension>
            <ns3:atemp>25.0</ns3:atemp>
            <ns3:hr>146</ns3:hr>
            <ns3:cad>94</ns3:cad>
          </ns3:TrackPointExtension>
        </extensions>
      </trkpt>
      <trkpt lat="47.6711195893585681915283203125" lon="-122.33999633230268955230712890625">
        <ele>45.40000152587890625</ele>
        <time>2026-08-19T05:01:36.000Z</time>
        <extensions>
          <ns3:TrackPointExtension>
            <ns3:atemp>25.0</ns3:atemp>
            <ns3:hr>146</ns3:hr>
            <ns3:cad>95</ns3:cad>
          </ns3:TrackPointExtension>
        </extensions>
      </trkpt>
      <trkpt lat="47.6711698807775974273681640625" lon="-122.3399866931140422821044921875">
        <ele>45.40000152587890625</ele>
        <time>2026-08-19T05:01:38.000Z</time>
        <extensions>
          <ns3:TrackPointExtension>
            <ns3:atemp>25.0</ns3:atemp>
            <ns3:hr>145</ns3:hr>
            <ns3:cad>95</ns3:cad>
          </ns3:TrackPointExtension>
        </extensions>
      </trkpt>
      <trkpt lat="47.6712915860116481781005859375" lon="-122.33994000591337680816650390625">
        <ele>45.40000152587890625</ele>
        <time>2026-08-19T05:01:43.000Z</time>
        <extensions>
          <ns3:TrackPointExtension>
            <ns3:atemp>24.0</ns3:atemp>
            <ns3:hr>145</ns3:hr>
            <ns3:cad>94</ns3:cad>
          </ns3:TrackPointExtension>
        </extensions>
      </trkpt>
      <trkpt lat="47.6714615710079669952392578125" lon="-122.3398200608789920806884765625">
        <ele>46.200000762939453125</ele>
        <time>2026-08-19T05:01:50.000Z</time>
        <extensions>
          <ns3:TrackPointExtension>
            <ns3:atemp>24.0</ns3:atemp>
            <ns3:hr>144</ns3:hr>
            <ns3:cad>94</ns3:cad>
          </ns3:TrackPointExtension>
        </extensions>
      </trkpt>
      <trkpt lat="47.671537511050701141357421875" lon="-122.33976264484226703643798828125">
        <ele>46.200000762939453125</ele>
        <time>2026-08-19T05:01:53.000Z</time>
        <extensions>
          <ns3:TrackPointExtension>
            <ns3:atemp>24.0</ns3:atemp>
            <ns3:hr>145</ns3:hr>
            <ns3:cad>94</ns3:cad>
          </ns3:TrackPointExtension>
        </extensions>
      </trkpt>
      <trkpt lat="47.671685703098773956298828125" lon="-122.3395739682018756866455078125">
        <ele>46</ele>
        <time>2026-08-19T05:02:00.000Z</time>
        <extensions>
          <ns3:TrackPointExtension>
            <ns3:atemp>24.0</ns3:atemp>
            <ns3:hr>145</ns3:hr>
            <ns3:cad>95</ns3:cad>
          </ns3:TrackPointExtension>
        </extensions>
      </trkpt>
      <trkpt lat="47.67181101255118846893310546875" lon="-122.339350171387195587158203125">
        <ele>46.200000762939453125</ele>
        <time>2026-08-19T05:02:07.000Z</time>
        <extensions>
          <ns3:TrackPointExtension>
            <ns3:atemp>24.0</ns3:atemp>
            <ns3:hr>145</ns3:hr>
            <ns3:cad>95</ns3:cad>
          </ns3:TrackPointExtension>
        </extensions>
      </trkpt>
      <trkpt lat="47.67187873832881450653076171875" lon="-122.3391620814800262451171875">
        <ele>46.40000152587890625</ele>
        <time>2026-08-19T05:02:12.000Z</time>
        <extensions>
          <ns3:TrackPointExtension>
            <ns3:atemp>24.0</ns3:atemp>
            <ns3:hr>148</ns3:hr>
            <ns3:cad>95</ns3:cad>
          </ns3:TrackPointExtension>
        </extensions>
      </trkpt>
      <trkpt lat="47.671925090253353118896484375" lon="-122.339048087596893310546875">
        <ele>46.40000152587890625</ele>
        <time>2026-08-19T05:02:15.000Z</time>
        <extensions>
          <ns3:TrackPointExtension>
            <ns3:atemp>24.0</ns3:atemp>
            <ns3:hr>147</ns3:hr>
            <ns3:cad>95</ns3:cad>
          </ns3:TrackPointExtension>
        </extensions>
      </trkpt>
      <trkpt lat="47.671960294246673583984375" lon="-122.33883946202695369720458984375">
        <ele>46.40000152587890625</ele>
        <time>2026-08-19T05:02:20.000Z</time>
        <extensions>
          <ns3:TrackPointExtension>
            <ns3:atemp>24.0</ns3:atemp>
            <ns3:hr>145</ns3:hr>
            <ns3:cad>94</ns3:cad>
          </ns3:TrackPointExtension>
        </extensions>
      </trkpt>
      <trkpt lat="47.67196909524500370025634765625" lon="-122.33879906125366687774658203125">
        <ele>46.40000152587890625</ele>
        <time>2026-08-19T05:02:21.000Z</time>
        <extensions>
          <ns3:TrackPointExtension>
            <ns3:atemp>24.0</ns3:atemp>
            <ns3:hr>145</ns3:hr>
            <ns3:cad>94</ns3:cad>
          </ns3:TrackPointExtension>
        </extensions>
      </trkpt>
      <trkpt lat="47.6720261760056018829345703125" lon="-122.33856688253581523895263671875">
        <ele>46.40000152587890625</ele>
        <time>2026-08-19T05:02:28.000Z</time>
        <extensions>
          <ns3:TrackPointExtension>
            <ns3:atemp>24.0</ns3:atemp>
            <ns3:hr>146</ns3:hr>
            <ns3:cad>94</ns3:cad>
          </ns3:TrackPointExtension>
        </extensions>
      </trkpt>
      <trkpt lat="47.6720969192683696746826171875" lon="-122.33836479485034942626953125">
        <ele>46.40000152587890625</ele>
        <time>2026-08-19T05:02:34.000Z</time>
        <extensions>
          <ns3:TrackPointExtension>
            <ns3:atemp>24.0</ns3:atemp>
            <ns3:hr>147</ns3:hr>
            <ns3:cad>95</ns3:cad>
          </ns3:TrackPointExtension>
        </extensions>
      </trkpt>
      <trkpt lat="47.6721131801605224609375" lon="-122.33832548372447490692138671875">
        <ele>46.59999847412109375</ele>
        <time>2026-08-19T05:02:35.000Z</time>
        <extensions>
          <ns3:TrackPointExtension>
            <ns3:atemp>24.0</ns3:atemp>
            <ns3:hr>146</ns3:hr>
            <ns3:cad>94</ns3:cad>
          </ns3:TrackPointExtension>
        </extensions>
      </trkpt>
      <trkpt lat="47.67216824926435947418212890625" lon="-122.338186092674732208251953125">
        <ele>46.200000762939453125</ele>
        <time>2026-08-19T05:02:39.000Z</time>
        <extensions>
          <ns3:TrackPointExtension>
            <ns3:atemp>24.0</ns3:atemp>
            <ns3:hr>143</ns3:hr>
            <ns3:cad>94</ns3:cad>
          </ns3:TrackPointExtension>
        </extensions>
      </trkpt>
      <trkpt lat="47.6721713505685329437255859375" lon="-122.33815181069076061248779296875">
        <ele>46.200000762939453125</ele>
        <time>2026-08-19T05:02:40.000Z</time>
        <extensions>
          <ns3:TrackPointExtension>
            <ns3:atemp>24.0</ns3:atemp>
            <ns3:hr>144</ns3:hr>
            <ns3:cad>94</ns3:cad>
          </ns3:TrackPointExtension>
        </extensions>
      </trkpt>
      <trkpt lat="47.67217218875885009765625" lon="-122.3381014354526996612548828125">
        <ele>46.200000762939453125</ele>
        <time>2026-08-19T05:02:41.000Z</time>
        <extensions>
          <ns3:TrackPointExtension>
            <ns3:atemp>24.0</ns3:atemp>
            <ns3:hr>146</ns3:hr>
            <ns3:cad>95</ns3:cad>
          </ns3:TrackPointExtension>
        </extensions>
      </trkpt>
      <trkpt lat="47.67222407273948192596435546875" lon="-122.33792097307741641998291015625">
        <ele>46.40000152587890625</ele>
        <time>2026-08-19T05:02:46.000Z</time>
        <extensions>
          <ns3:TrackPointExtension>
            <ns3:atemp>24.0</ns3:atemp>
            <ns3:hr>147</ns3:hr>
            <ns3:cad>94</ns3:cad>
          </ns3:TrackPointExtension>
        </extensions>
      </trkpt>
      <trkpt lat="47.672245614230632781982421875" lon="-122.33788912184536457061767578125">
        <ele>46.40000152587890625</ele>
        <time>2026-08-19T05:02:47.000Z</time>
        <extensions>
          <ns3:TrackPointExtension>
            <ns3:atemp>24.0</ns3:atemp>
            <ns3:hr>147</ns3:hr>
            <ns3:cad>94</ns3:cad>
          </ns3:TrackPointExtension>
        </extensions>
      </trkpt>
      <trkpt lat="47.6723755337297916412353515625" lon="-122.3376400955021381378173828125">
        <ele>46.40000152587890625</ele>
        <time>2026-08-19T05:02:54.000Z</time>
        <extensions>
          <ns3:TrackPointExtension>
            <ns3:atemp>24.0</ns3:atemp>
            <ns3:hr>146</ns3:hr>
            <ns3:cad>94</ns3:cad>
          </ns3:TrackPointExtension>
        </extensions>
      </trkpt>
      <trkpt lat="47.67238969914615154266357421875" lon="-122.3375983536243438720703125">
        <ele>46.40000152587890625</ele>
        <time>2026-08-19T05:02:55.000Z</time>
        <extensions>
          <ns3:TrackPointExtension>
            <ns3:atemp>24.0</ns3:atemp>
            <ns3:hr>147</ns3:hr>
            <ns3:cad>95</ns3:cad>
          </ns3:TrackPointExtension>
        </extensions>
      </trkpt>
      <trkpt lat="47.672479636967182159423828125" lon="-122.33743264339864253997802734375">
        <ele>46.200000762939453125</ele>
        <time>2026-08-19T05:03:00.000Z</time>
        <extensions>
          <ns3:TrackPointExtension>
            <ns3:atemp>24.0</ns3:atemp>
            <ns3:hr>148</ns3:hr>
            <ns3:cad>95</ns3:cad>
          </ns3:TrackPointExtension>
        </extensions>
      </trkpt>
      <trkpt lat="47.6726162619888782501220703125" lon="-122.3372243531048297882080078125">
        <ele>46.200000762939453125</ele>
        <time>2026-08-19T05:03:07.000Z</time>
        <extensions>
          <ns3:TrackPointExtension>
            <ns3:atemp>24.0</ns3:atemp>
            <ns3:hr>148</ns3:hr>
            <ns3:cad>95</ns3:cad>
          </ns3:TrackPointExtension>
        </extensions>
      </trkpt>
      <trkpt lat="47.67263763584196567535400390625" lon="-122.33719803392887115478515625">
        <ele>46.200000762939453125</ele>
        <time>2026-08-19T05:03:08.000Z</time>
        <extensions>
          <ns3:TrackPointExtension>
            <ns3:atemp>24.0</ns3:atemp>
            <ns3:hr>148</ns3:hr>
            <ns3:cad>95</ns3:cad>
          </ns3:TrackPointExtension>
        </extensions>
      </trkpt>
      <trkpt lat="47.672769315540790557861328125" lon="-122.33701187185943126678466796875">
        <ele>45.799999237060546875</ele>
        <time>2026-08-19T05:03:15.000Z</time>
        <extensions>
          <ns3:TrackPointExtension>
            <ns3:atemp>24.0</ns3:atemp>
            <ns3:hr>150</ns3:hr>
            <ns3:cad>94</ns3:cad>
          </ns3:TrackPointExtension>
        </extensions>
      </trkpt>
      <trkpt lat="47.67284533940255641937255859375" lon="-122.33691103756427764892578125">
        <ele>46</ele>
        <time>2026-08-19T05:03:19.000Z</time>
        <extensions>
          <ns3:TrackPointExtension>
            <ns3:atemp>24.0</ns3:atemp>
            <ns3:hr>147</ns3:hr>
            <ns3:cad>93</ns3:cad>
          </ns3:TrackPointExtension>
        </extensions>
      </trkpt>
      <trkpt lat="47.672864533960819244384765625" lon="-122.336886562407016754150390625">
        <ele>46</ele>
        <time>2026-08-19T05:03:20.000Z</time>
        <extensions>
          <ns3:TrackPointExtension>
            <ns3:atemp>24.0</ns3:atemp>
            <ns3:hr>150</ns3:hr>
            <ns3:cad>93</ns3:cad>
          </ns3:TrackPointExtension>
        </extensions>
      </trkpt>
      <trkpt lat="47.6730246283113956451416015625" lon="-122.33671079389750957489013671875">
        <ele>45.799999237060546875</ele>
        <time>2026-08-19T05:03:27.000Z</time>
        <extensions>
          <ns3:TrackPointExtension>
            <ns3:atemp>24.0</ns3:atemp>
            <ns3:hr>149</ns3:hr>
            <ns3:cad>94</ns3:cad>
          </ns3:TrackPointExtension>
        </extensions>
      </trkpt>
      <trkpt lat="47.6730739139020442962646484375" lon="-122.33666284941136837005615234375">
        <ele>45.799999237060546875</ele>
        <time>2026-08-19T05:03:29.000Z</time>
        <extensions>
          <ns3:TrackPointExtension>
            <ns3:atemp>24.0</ns3:atemp>
            <ns3:hr>149</ns3:hr>
            <ns3:cad>93</ns3:cad>
          </ns3:TrackPointExtension>
        </extensions>
      </trkpt>
      <trkpt lat="47.67323040403425693511962890625" lon="-122.33648582361638545989990234375">
        <ele>45.59999847412109375</ele>
        <time>2026-08-19T05:03:36.000Z</time>
        <extensions>
          <ns3:TrackPointExtension>
            <ns3:atemp>24.0</ns3:atemp>
            <ns3:hr>147</ns3:hr>
            <ns3:cad>95</ns3:cad>
          </ns3:TrackPointExtension>
        </extensions>
      </trkpt>
      <trkpt lat="47.673279941082000732421875" lon="-122.336433939635753631591796875">
        <ele>45.59999847412109375</ele>
        <time>2026-08-19T05:03:38.000Z</time>
        <extensions>
          <ns3:TrackPointExtension>
            <ns3:atemp>24.0</ns3:atemp>
            <ns3:hr>147</ns3:hr>
            <ns3:cad>94</ns3:cad>
          </ns3:TrackPointExtension>
        </extensions>
      </trkpt>
      <trkpt lat="47.6733404584228992462158203125" lon="-122.3363529704511165618896484375">
        <ele>45.59999847412109375</ele>
        <time>2026-08-19T05:03:41.000Z</time>
        <extensions>
          <ns3:TrackPointExtension>
            <ns3:atemp>24.0</ns3:atemp>
            <ns3:hr>148</ns3:hr>
            <ns3:cad>94</ns3:cad>
          </ns3:TrackPointExtension>
        </extensions>
      </trkpt>
      <trkpt lat="47.67343374900519847869873046875" lon="-122.33624408952891826629638671875">
        <ele>45.59999847412109375</ele>
        <time>2026-08-19T05:03:45.000Z</time>
        <extensions>
          <ns3:TrackPointExtension>
            <ns3:atemp>24.0</ns3:atemp>
            <ns3:hr>147</ns3:hr>
            <ns3:cad>95</ns3:cad>
          </ns3:TrackPointExtension>
        </extensions>
      </trkpt>
      <trkpt lat="47.67357925884425640106201171875" lon="-122.33605650253593921661376953125">
        <ele>45.200000762939453125</ele>
        <time>2026-08-19T05:03:52.000Z</time>
        <extensions>
          <ns3:TrackPointExtension>
            <ns3:atemp>24.0</ns3:atemp>
            <ns3:hr>147</ns3:hr>
            <ns3:cad>94</ns3:cad>
          </ns3:TrackPointExtension>
        </extensions>
      </trkpt>
      <trkpt lat="47.67369744367897510528564453125" lon="-122.33589724637567996978759765625">
        <ele>45.40000152587890625</ele>
        <time>2026-08-19T05:03:58.000Z</time>
        <extensions>
          <ns3:TrackPointExtension>
            <ns3:atemp>24.0</ns3:atemp>
            <ns3:hr>146</ns3:hr>
            <ns3:cad>94</ns3:cad>
          </ns3:TrackPointExtension>
        </extensions>
      </trkpt>
      <trkpt lat="47.6738537661731243133544921875" lon="-122.3357166163623332977294921875">
        <ele>45.200000762939453125</ele>
        <time>2026-08-19T05:04:06.000Z</time>
        <extensions>
          <ns3:TrackPointExtension>
            <ns3:atemp>24.0</ns3:atemp>
            <ns3:hr>146</ns3:hr>
            <ns3:cad>94</ns3:cad>
          </ns3:TrackPointExtension>
        </extensions>
      </trkpt>
      <trkpt lat="47.67387195490300655364990234375" lon="-122.33569406904280185699462890625">
        <ele>45.40000152587890625</ele>
        <time>2026-08-19T05:04:07.000Z</time>
        <extensions>
          <ns3:TrackPointExtension>
            <ns3:atemp>24.0</ns3:atemp>
            <ns3:hr>147</ns3:hr>
            <ns3:cad>94</ns3:cad>
          </ns3:TrackPointExtension>
        </extensions>
      </trkpt>
      <trkpt lat="47.6740200631320476531982421875" lon="-122.33550690114498138427734375">
        <ele>45.40000152587890625</ele>
        <time>2026-08-19T05:04:14.000Z</time>
        <extensions>
          <ns3:TrackPointExtension>
            <ns3:atemp>24.0</ns3:atemp>
            <ns3:hr>149</ns3:hr>
            <ns3:cad>94</ns3:cad>
          </ns3:TrackPointExtension>
        </extensions>
      </trkpt>
      <trkpt lat="47.67406373284757137298583984375" lon="-122.3354574479162693023681640625">
        <ele>45.40000152587890625</ele>
        <time>2026-08-19T05:04:16.000Z</time>
        <extensions>
          <ns3:TrackPointExtension>
            <ns3:atemp>24.0</ns3:atemp>
            <ns3:hr>149</ns3:hr>
            <ns3:cad>94</ns3:cad>
          </ns3:TrackPointExtension>
        </extensions>
      </trkpt>
      <trkpt lat="47.674213014543056488037109375" lon="-122.3352713696658611297607421875">
        <ele>45.40000152587890625</ele>
        <time>2026-08-19T05:04:23.000Z</time>
        <extensions>
          <ns3:TrackPointExtension>
            <ns3:atemp>24.0</ns3:atemp>
            <ns3:hr>149</ns3:hr>
            <ns3:cad>94</ns3:cad>
          </ns3:TrackPointExtension>
        </extensions>
      </trkpt>
      <trkpt lat="47.67436288297176361083984375" lon="-122.33506961725652217864990234375">
        <ele>45.40000152587890625</ele>
        <time>2026-08-19T05:04:30.000Z</time>
        <extensions>
          <ns3:TrackPointExtension>
            <ns3:atemp>24.0</ns3:atemp>
            <ns3:hr>150</ns3:hr>
            <ns3:cad>94</ns3:cad>
          </ns3:TrackPointExtension>
        </extensions>
      </trkpt>
      <trkpt lat="47.67441007308661937713623046875" lon="-122.33501873910427093505859375">
        <ele>45.40000152587890625</ele>
        <time>2026-08-19T05:04:32.000Z</time>
        <extensions>
          <ns3:TrackPointExtension>
            <ns3:atemp>24.0</ns3:atemp>
            <ns3:hr>149</ns3:hr>
            <ns3:cad>93</ns3:cad>
          </ns3:TrackPointExtension>
        </extensions>
      </trkpt>
      <trkpt lat="47.6745625399053096771240234375" lon="-122.33486023731529712677001953125">
        <ele>45.799999237060546875</ele>
        <time>2026-08-19T05:04:38.000Z</time>
        <extensions>
          <ns3:TrackPointExtension>
            <ns3:atemp>24.0</ns3:atemp>
            <ns3:hr>149</ns3:hr>
            <ns3:cad>94</ns3:cad>
          </ns3:TrackPointExtension>
        </extensions>
      </trkpt>
      <trkpt lat="47.674584500491619110107421875" lon="-122.33483676798641681671142578125">
        <ele>45.799999237060546875</ele>
        <time>2026-08-19T05:04:39.000Z</time>
        <extensions>
          <ns3:TrackPointExtension>
            <ns3:atemp>24.0</ns3:atemp>
            <ns3:hr>148</ns3:hr>
            <ns3:cad>94</ns3:cad>
          </ns3:TrackPointExtension>
        </extensions>
      </trkpt>
      <trkpt lat="47.67472204752266407012939453125" lon="-122.3346440680325031280517578125">
        <ele>46</ele>
        <time>2026-08-19T05:04:46.000Z</time>
        <extensions>
          <ns3:TrackPointExtension>
            <ns3:atemp>24.0</ns3:atemp>
            <ns3:hr>148</ns3:hr>
            <ns3:cad>94</ns3:cad>
          </ns3:TrackPointExtension>
        </extensions>
      </trkpt>
      <trkpt lat="47.6747429184615612030029296875" lon="-122.33462135307490825653076171875">
        <ele>46</ele>
        <time>2026-08-19T05:04:47.000Z</time>
        <extensions>
          <ns3:TrackPointExtension>
            <ns3:atemp>24.0</ns3:atemp>
            <ns3:hr>148</ns3:hr>
            <ns3:cad>94</ns3:cad>
          </ns3:TrackPointExtension>
        </extensions>
      </trkpt>
      <trkpt lat="47.67483117990195751190185546875" lon="-122.33453468419611454010009765625">
        <ele>45.59999847412109375</ele>
        <time>2026-08-19T05:04:51.000Z</time>
        <extensions>
          <ns3:TrackPointExtension>
            <ns3:atemp>24.0</ns3:atemp>
            <ns3:hr>151</ns3:hr>
            <ns3:cad>94</ns3:cad>
          </ns3:TrackPointExtension>
        </extensions>
      </trkpt>
      <trkpt lat="47.6748503744602203369140625" lon="-122.3345136456191539764404296875">
        <ele>45.40000152587890625</ele>
        <time>2026-08-19T05:04:52.000Z</time>
        <extensions>
          <ns3:TrackPointExtension>
            <ns3:atemp>24.0</ns3:atemp>
            <ns3:hr>148</ns3:hr>
            <ns3:cad>94</ns3:cad>
          </ns3:TrackPointExtension>
        </extensions>
      </trkpt>
      <trkpt lat="47.674867808818817138671875" lon="-122.33447634615004062652587890625">
        <ele>45.40000152587890625</ele>
        <time>2026-08-19T05:04:53.000Z</time>
        <extensions>
          <ns3:TrackPointExtension>
            <ns3:atemp>24.0</ns3:atemp>
            <ns3:hr>147</ns3:hr>
            <ns3:cad>94</ns3:cad>
          </ns3:TrackPointExtension>
        </extensions>
      </trkpt>
      <trkpt lat="47.67500401474535465240478515625" lon="-122.3342563211917877197265625">
        <ele>45.59999847412109375</ele>
        <time>2026-08-19T05:04:59.000Z</time>
        <extensions>
          <ns3:TrackPointExtension>
            <ns3:atemp>24.0</ns3:atemp>
            <ns3:hr>145</ns3:hr>
            <ns3:cad>93</ns3:cad>
          </ns3:TrackPointExtension>
        </extensions>
      </trkpt>
      <trkpt lat="47.675136029720306396484375" lon="-122.33407585881650447845458984375">
        <ele>45.59999847412109375</ele>
        <time>2026-08-19T05:05:05.000Z</time>
        <extensions>
          <ns3:TrackPointExtension>
            <ns3:atemp>24.0</ns3:atemp>
            <ns3:hr>148</ns3:hr>
            <ns3:cad>96</ns3:cad>
          </ns3:TrackPointExtension>
        </extensions>
      </trkpt>
      <trkpt lat="47.67518405802547931671142578125" lon="-122.33401651494204998016357421875">
        <ele>45.799999237060546875</ele>
        <time>2026-08-19T05:05:07.000Z</time>
        <extensions>
          <ns3:TrackPointExtension>
            <ns3:atemp>24.0</ns3:atemp>
            <ns3:hr>149</ns3:hr>
            <ns3:cad>96</ns3:cad>
          </ns3:TrackPointExtension>
        </extensions>
      </trkpt>
      <trkpt lat="47.67522412352263927459716796875" lon="-122.33394987881183624267578125">
        <ele>45.799999237060546875</ele>
        <time>2026-08-19T05:05:09.000Z</time>
        <extensions>
          <ns3:TrackPointExtension>
            <ns3:atemp>24.0</ns3:atemp>
            <ns3:hr>145</ns3:hr>
            <ns3:cad>94</ns3:cad>
          </ns3:TrackPointExtension>
        </extensions>
      </trkpt>
      <trkpt lat="47.67532286234200000762939453125" lon="-122.33375667594373226165771484375">
        <ele>45.799999237060546875</ele>
        <time>2026-08-19T05:05:15.000Z</time>
        <extensions>
          <ns3:TrackPointExtension>
            <ns3:atemp>24.0</ns3:atemp>
            <ns3:hr>144</ns3:hr>
            <ns3:cad>93</ns3:cad>
          </ns3:TrackPointExtension>
        </extensions>
      </trkpt>
      <trkpt lat="47.67545546405017375946044921875" lon="-122.33356975950300693511962890625">
        <ele>45.40000152587890625</ele>
        <time>2026-08-19T05:05:22.000Z</time>
        <extensions>
          <ns3:TrackPointExtension>
            <ns3:atemp>24.0</ns3:atemp>
            <ns3:hr>145</ns3:hr>
            <ns3:cad>94</ns3:cad>
          </ns3:TrackPointExtension>
        </extensions>
      </trkpt>
      <trkpt lat="47.6755298115313053131103515625" lon="-122.33349398709833621978759765625">
        <ele>45.40000152587890625</ele>
        <time>2026-08-19T05:05:25.000Z</time>
        <extensions>
          <ns3:TrackPointExtension>
            <ns3:atemp>24.0</ns3:atemp>
            <ns3:hr>142</ns3:hr>
            <ns3:cad>94</ns3:cad>
          </ns3:TrackPointExtension>
        </extensions>
      </trkpt>
      <trkpt lat="47.675643302500247955322265625" lon="-122.33335015363991260528564453125">
        <ele>45.40000152587890625</ele>
        <time>2026-08-19T05:05:30.000Z</time>
        <extensions>
          <ns3:TrackPointExtension>
            <ns3:atemp>24.0</ns3:atemp>
            <ns3:hr>140</ns3:hr>
            <ns3:cad>94</ns3:cad>
          </ns3:TrackPointExtension>
        </extensions>
      </trkpt>
      <trkpt lat="47.67578847706317901611328125" lon="-122.33315686695277690887451171875">
        <ele>45.200000762939453125</ele>
        <time>2026-08-19T05:05:37.000Z</time>
        <extensions>
          <ns3:TrackPointExtension>
            <ns3:atemp>24.0</ns3:atemp>
            <ns3:hr>140</ns3:hr>
            <ns3:cad>94</ns3:cad>
          </ns3:TrackPointExtension>
        </extensions>
      </trkpt>
      <trkpt lat="47.67581395804882049560546875" lon="-122.33313172124326229095458984375">
        <ele>45.200000762939453125</ele>
        <time>2026-08-19T05:05:38.000Z</time>
        <extensions>
          <ns3:TrackPointExtension>
            <ns3:atemp>24.0</ns3:atemp>
            <ns3:hr>140</ns3:hr>
            <ns3:cad>94</ns3:cad>
          </ns3:TrackPointExtension>
        </extensions>
      </trkpt>
      <trkpt lat="47.67595318146049976348876953125" lon="-122.3329629935324192047119140625">
        <ele>45.200000762939453125</ele>
        <time>2026-08-19T05:05:44.000Z</time>
        <extensions>
          <ns3:TrackPointExtension>
            <ns3:atemp>24.0</ns3:atemp>
            <ns3:hr>144</ns3:hr>
            <ns3:cad>94</ns3:cad>
          </ns3:TrackPointExtension>
        </extensions>
      </trkpt>
      <trkpt lat="47.675979249179363250732421875" lon="-122.33293407596647739410400390625">
        <ele>45.200000762939453125</ele>
        <time>2026-08-19T05:05:45.000Z</time>
        <extensions>
          <ns3:TrackPointExtension>
            <ns3:atemp>24.0</ns3:atemp>
            <ns3:hr>144</ns3:hr>
            <ns3:cad>94</ns3:cad>
          </ns3:TrackPointExtension>
        </extensions>
      </trkpt>
      <trkpt lat="47.6761463843286037445068359375" lon="-122.33279124833643436431884765625">
        <ele>45.40000152587890625</ele>
        <time>2026-08-19T05:05:53.000Z</time>
        <extensions>
          <ns3:TrackPointExtension>
            <ns3:atemp>24.0</ns3:atemp>
            <ns3:hr>144</ns3:hr>
            <ns3:cad>95</ns3:cad>
          </ns3:TrackPointExtension>
        </extensions>
      </trkpt>
      <trkpt lat="47.67626347951591014862060546875" lon="-122.3327309824526309967041015625">
        <ele>45.200000762939453125</ele>
        <time>2026-08-19T05:05:57.000Z</time>
        <extensions>
          <ns3:TrackPointExtension>
            <ns3:atemp>24.0</ns3:atemp>
            <ns3:hr>142</ns3:hr>
            <ns3:cad>97</ns3:cad>
          </ns3:TrackPointExtension>
        </extensions>
      </trkpt>
      <trkpt lat="47.67640672624111175537109375" lon="-122.3326971195638179779052734375">
        <ele>45</ele>
        <time>2026-08-19T05:06:01.000Z</time>
        <extensions>
          <ns3:TrackPointExtension>
            <ns3:atemp>24.0</ns3:atemp>
            <ns3:hr>141</ns3:hr>
            <ns3:cad>96</ns3:cad>
          </ns3:TrackPointExtension>
        </extensions>
      </trkpt>
      <trkpt lat="47.67643799073994159698486328125" lon="-122.3326873965561389923095703125">
        <ele>45</ele>
        <time>2026-08-19T05:06:02.000Z</time>
        <extensions>
          <ns3:TrackPointExtension>
            <ns3:atemp>24.0</ns3:atemp>
            <ns3:hr>141</ns3:hr>
            <ns3:cad>96</ns3:cad>
          </ns3:TrackPointExtension>
        </extensions>
      </trkpt>
      <trkpt lat="47.6765399985015392303466796875" lon="-122.33263836242258548736572265625">
        <ele>45</ele>
        <time>2026-08-19T05:06:06.000Z</time>
        <extensions>
          <ns3:TrackPointExtension>
            <ns3:atemp>24.0</ns3:atemp>
            <ns3:hr>142</ns3:hr>
            <ns3:cad>95</ns3:cad>
          </ns3:TrackPointExtension>
        </extensions>
      </trkpt>
      <trkpt lat="47.67661300487816333770751953125" lon="-122.3326042480766773223876953125">
        <ele>45</ele>
        <time>2026-08-19T05:06:09.000Z</time>
        <extensions>
          <ns3:TrackPointExtension>
            <ns3:atemp>24.0</ns3:atemp>
            <ns3:hr>139</ns3:hr>
            <ns3:cad>95</ns3:cad>
          </ns3:TrackPointExtension>
        </extensions>
      </trkpt>
      <trkpt lat="47.6766876876354217529296875" lon="-122.3325831256806850433349609375">
        <ele>44.799999237060546875</ele>
        <time>2026-08-19T05:06:12.000Z</time>
        <extensions>
          <ns3:TrackPointExtension>
            <ns3:atemp>24.0</ns3:atemp>
            <ns3:hr>142</ns3:hr>
            <ns3:cad>95</ns3:cad>
          </ns3:TrackPointExtension>
        </extensions>
      </trkpt>
      <trkpt lat="47.67671073786914348602294921875" lon="-122.33257868327200412750244140625">
        <ele>44.799999237060546875</ele>
        <time>2026-08-19T05:06:13.000Z</time>
        <extensions>
          <ns3:TrackPointExtension>
            <ns3:atemp>24.0</ns3:atemp>
            <ns3:hr>143</ns3:hr>
            <ns3:cad>95</ns3:cad>
          </ns3:TrackPointExtension>
        </extensions>
      </trkpt>
      <trkpt lat="47.67689279280602931976318359375" lon="-122.33252369798719882965087890625">
        <ele>44.799999237060546875</ele>
        <time>2026-08-19T05:06:19.000Z</time>
        <extensions>
          <ns3:TrackPointExtension>
            <ns3:atemp>24.0</ns3:atemp>
            <ns3:hr>145</ns3:hr>
            <ns3:cad>95</ns3:cad>
          </ns3:TrackPointExtension>
        </extensions>
      </trkpt>
      <trkpt lat="47.6769916154444217681884765625" lon="-122.3324922658503055572509765625">
        <ele>44.799999237060546875</ele>
        <time>2026-08-19T05:06:22.000Z</time>
        <extensions>
          <ns3:TrackPointExtension>
            <ns3:atemp>24.0</ns3:atemp>
            <ns3:hr>145</ns3:hr>
            <ns3:cad>95</ns3:cad>
          </ns3:TrackPointExtension>
        </extensions>
      </trkpt>
      <trkpt lat="47.67716847360134124755859375" lon="-122.33242127113044261932373046875">
        <ele>44.799999237060546875</ele>
        <time>2026-08-19T05:06:28.000Z</time>
        <extensions>
          <ns3:TrackPointExtension>
            <ns3:atemp>24.0</ns3:atemp>
            <ns3:hr>146</ns3:hr>
            <ns3:cad>95</ns3:cad>
          </ns3:TrackPointExtension>
        </extensions>
      </trkpt>
      <trkpt lat="47.677196972072124481201171875" lon="-122.33240970410406589508056640625">
        <ele>44.59999847412109375</ele>
        <time>2026-08-19T05:06:29.000Z</time>
        <extensions>
          <ns3:TrackPointExtension>
            <ns3:atemp>24.0</ns3:atemp>
            <ns3:hr>147</ns3:hr>
            <ns3:cad>94</ns3:cad>
          </ns3:TrackPointExtension>
        </extensions>
      </trkpt>
      <trkpt lat="47.6772584952414035797119140625" lon="-122.3323866538703441619873046875">
        <ele>44.799999237060546875</ele>
        <time>2026-08-19T05:06:31.000Z</time>
        <extensions>
          <ns3:TrackPointExtension>
            <ns3:atemp>24.0</ns3:atemp>
            <ns3:hr>147</ns3:hr>
            <ns3:cad>94</ns3:cad>
          </ns3:TrackPointExtension>
        </extensions>
      </trkpt>
      <trkpt lat="47.677421607077121734619140625" lon="-122.33234650455415248870849609375">
        <ele>43.200000762939453125</ele>
        <time>2026-08-19T05:06:37.000Z</time>
        <extensions>
          <ns3:TrackPointExtension>
            <ns3:atemp>24.0</ns3:atemp>
            <ns3:hr>147</ns3:hr>
            <ns3:cad>94</ns3:cad>
          </ns3:TrackPointExtension>
        </extensions>
      </trkpt>
      <trkpt lat="47.677466869354248046875" lon="-122.33232823200523853302001953125">
        <ele>43</ele>
        <time>2026-08-19T05:06:39.000Z</time>
        <extensions>
          <ns3:TrackPointExtension>
            <ns3:atemp>24.0</ns3:atemp>
            <ns3:hr>148</ns3:hr>
            <ns3:cad>94</ns3:cad>
          </ns3:TrackPointExtension>
        </extensions>
      </trkpt>
      <trkpt lat="47.67750634811818599700927734375" lon="-122.33230995945632457733154296875">
        <ele>41.799999237060546875</ele>
        <time>2026-08-19T05:06:41.000Z</time>
        <extensions>
          <ns3:TrackPointExtension>
            <ns3:atemp>24.0</ns3:atemp>
            <ns3:hr>147</ns3:hr>
            <ns3:cad>94</ns3:cad>
          </ns3:TrackPointExtension>
        </extensions>
      </trkpt>
      <trkpt lat="47.677567116916179656982421875" lon="-122.3322770185768604278564453125">
        <ele>40.59999847412109375</ele>
        <time>2026-08-19T05:06:43.000Z</time>
        <extensions>
          <ns3:TrackPointExtension>
            <ns3:atemp>24.0</ns3:atemp>
            <ns3:hr>149</ns3:hr>
            <ns3:cad>94</ns3:cad>
          </ns3:TrackPointExtension>
        </extensions>
      </trkpt>
      <trkpt lat="47.6776407100260257720947265625" lon="-122.33223686926066875457763671875">
        <ele>39.799999237060546875</ele>
        <time>2026-08-19T05:06:45.000Z</time>
        <extensions>
          <ns3:TrackPointExtension>
            <ns3:atemp>24.0</ns3:atemp>
            <ns3:hr>148</ns3:hr>
            <ns3:cad>95</ns3:cad>
          </ns3:TrackPointExtension>
        </extensions>
      </trkpt>
      <trkpt lat="47.67767013050615787506103515625" lon="-122.33222513459622859954833984375">
        <ele>39.200000762939453125</ele>
        <time>2026-08-19T05:06:46.000Z</time>
        <extensions>
          <ns3:TrackPointExtension>
            <ns3:atemp>24.0</ns3:atemp>
            <ns3:hr>148</ns3:hr>
            <ns3:cad>95</ns3:cad>
          </ns3:TrackPointExtension>
        </extensions>
      </trkpt>
      <trkpt lat="47.67784883268177509307861328125" lon="-122.33212170191109180450439453125">
        <ele>38.799999237060546875</ele>
        <time>2026-08-19T05:06:52.000Z</time>
        <extensions>
          <ns3:TrackPointExtension>
            <ns3:atemp>24.0</ns3:atemp>
            <ns3:hr>148</ns3:hr>
            <ns3:cad>95</ns3:cad>
          </ns3:TrackPointExtension>
        </extensions>
      </trkpt>
      <trkpt lat="47.67787548713386058807373046875" lon="-122.332100830972194671630859375">
        <ele>38.799999237060546875</ele>
        <time>2026-08-19T05:06:53.000Z</time>
        <extensions>
          <ns3:TrackPointExtension>
            <ns3:atemp>24.0</ns3:atemp>
            <ns3:hr>148</ns3:hr>
            <ns3:cad>95</ns3:cad>
          </ns3:TrackPointExtension>
        </extensions>
      </trkpt>
      <trkpt lat="47.6780044846236705780029296875" lon="-122.33198381960391998291015625">
        <ele>40.40000152587890625</ele>
        <time>2026-08-19T05:06:58.000Z</time>
        <extensions>
          <ns3:TrackPointExtension>
            <ns3:atemp>24.0</ns3:atemp>
            <ns3:hr>147</ns3:hr>
            <ns3:cad>95</ns3:cad>
          </ns3:TrackPointExtension>
        </extensions>
      </trkpt>
      <trkpt lat="47.678049243986606597900390625" lon="-122.331933863461017608642578125">
        <ele>40.59999847412109375</ele>
        <time>2026-08-19T05:07:00.000Z</time>
        <extensions>
          <ns3:TrackPointExtension>
            <ns3:atemp>24.0</ns3:atemp>
            <ns3:hr>147</ns3:hr>
            <ns3:cad>95</ns3:cad>
          </ns3:TrackPointExtension>
        </extensions>
      </trkpt>
      <trkpt lat="47.67812677659094333648681640625" lon="-122.331849373877048492431640625">
        <ele>42</ele>
        <time>2026-08-19T05:07:03.000Z</time>
        <extensions>
          <ns3:TrackPointExtension>
            <ns3:atemp>24.0</ns3:atemp>
            <ns3:hr>146</ns3:hr>
            <ns3:cad>96</ns3:cad>
          </ns3:TrackPointExtension>
        </extensions>
      </trkpt>
      <trkpt lat="47.67822937108576297760009765625" lon="-122.331689111888408660888671875">
        <ele>41.40000152587890625</ele>
        <time>2026-08-19T05:07:08.000Z</time>
        <extensions>
          <ns3:TrackPointExtension>
            <ns3:atemp>24.0</ns3:atemp>
            <ns3:hr>145</ns3:hr>
            <ns3:cad>94</ns3:cad>
          </ns3:TrackPointExtension>
        </extensions>
      </trkpt>
      <trkpt lat="47.67834537662565708160400390625" lon="-122.33148031868040561676025390625">
        <ele>41.59999847412109375</ele>
        <time>2026-08-19T05:07:14.000Z</time>
        <extensions>
          <ns3:TrackPointExtension>
            <ns3:atemp>24.0</ns3:atemp>
            <ns3:hr>142</ns3:hr>
            <ns3:cad>94</ns3:cad>
          </ns3:TrackPointExtension>
        </extensions>
      </trkpt>
      <trkpt lat="47.6783763058483600616455078125" lon="-122.33140387572348117828369140625">
        <ele>41.40000152587890625</ele>
        <time>2026-08-19T05:07:16.000Z</time>
        <extensions>
          <ns3:TrackPointExtension>
            <ns3:atemp>24.0</ns3:atemp>
            <ns3:hr>144</ns3:hr>
            <ns3:cad>95</ns3:cad>
          </ns3:TrackPointExtension>
        </extensions>
      </trkpt>
      <trkpt lat="47.67844847403466701507568359375" lon="-122.331206314265727996826171875">
        <ele>40.799999237060546875</ele>
        <time>2026-08-19T05:07:21.000Z</time>
        <extensions>
          <ns3:TrackPointExtension>
            <ns3:atemp>24.0</ns3:atemp>
            <ns3:hr>145</ns3:hr>
            <ns3:cad>95</ns3:cad>
          </ns3:TrackPointExtension>
        </extensions>
      </trkpt>
      <trkpt lat="47.67850077711045742034912109375" lon="-122.3310401849448680877685546875">
        <ele>39.59999847412109375</ele>
        <time>2026-08-19T05:07:25.000Z</time>
        <extensions>
          <ns3:TrackPointExtension>
            <ns3:atemp>24.0</ns3:atemp>
            <ns3:hr>143</ns3:hr>
            <ns3:cad>95</ns3:cad>
          </ns3:TrackPointExtension>
        </extensions>
      </trkpt>
      <trkpt lat="47.678556852042675018310546875" lon="-122.33077707700431346893310546875">
        <ele>38.59999847412109375</ele>
        <time>2026-08-19T05:07:31.000Z</time>
        <extensions>
          <ns3:TrackPointExtension>
            <ns3:atemp>24.0</ns3:atemp>
            <ns3:hr>144</ns3:hr>
            <ns3:cad>95</ns3:cad>
          </ns3:TrackPointExtension>
        </extensions>
      </trkpt>
      <trkpt lat="47.67857772298157215118408203125" lon="-122.33065755106508731842041015625">
        <ele>38.40000152587890625</ele>
        <time>2026-08-19T05:07:34.000Z</time>
        <extensions>
          <ns3:TrackPointExtension>
            <ns3:atemp>24.0</ns3:atemp>
            <ns3:hr>145</ns3:hr>
            <ns3:cad>95</ns3:cad>
          </ns3:TrackPointExtension>
        </extensions>
      </trkpt>
      <trkpt lat="47.67857738770544528961181640625" lon="-122.33056199736893177032470703125">
        <ele>38.40000152587890625</ele>
        <time>2026-08-19T05:07:36.000Z</time>
        <extensions>
          <ns3:TrackPointExtension>
            <ns3:atemp>24.0</ns3:atemp>
            <ns3:hr>144</ns3:hr>
            <ns3:cad>95</ns3:cad>
          </ns3:TrackPointExtension>
        </extensions>
      </trkpt>
      <trkpt lat="47.6785593666136264801025390625" lon="-122.3302848078310489654541015625">
        <ele>38</ele>
        <time>2026-08-19T05:07:42.000Z</time>
        <extensions>
          <ns3:TrackPointExtension>
            <ns3:atemp>24.0</ns3:atemp>
            <ns3:hr>146</ns3:hr>
            <ns3:cad>94</ns3:cad>
          </ns3:TrackPointExtension>
        </extensions>
      </trkpt>
      <trkpt lat="47.67855693586170673370361328125" lon="-122.33023828826844692230224609375">
        <ele>38.200000762939453125</ele>
        <time>2026-08-19T05:07:43.000Z</time>
        <extensions>
          <ns3:TrackPointExtension>
            <ns3:atemp>24.0</ns3:atemp>
            <ns3:hr>146</ns3:hr>
            <ns3:cad>94</ns3:cad>
          </ns3:TrackPointExtension>
        </extensions>
      </trkpt>
      <trkpt lat="47.6785479672253131866455078125" lon="-122.33005673624575138092041015625">
        <ele>37.59999847412109375</ele>
        <time>2026-08-19T05:07:47.000Z</time>
        <extensions>
          <ns3:TrackPointExtension>
            <ns3:atemp>24.0</ns3:atemp>
            <ns3:hr>149</ns3:hr>
            <ns3:cad>94</ns3:cad>
          </ns3:TrackPointExtension>
        </extensions>
      </trkpt>
      <trkpt lat="47.678540758788585662841796875" lon="-122.32996621169149875640869140625">
        <ele>37.200000762939453125</ele>
        <time>2026-08-19T05:07:49.000Z</time>
        <extensions>
          <ns3:TrackPointExtension>
            <ns3:atemp>24.0</ns3:atemp>
            <ns3:hr>150</ns3:hr>
            <ns3:cad>94</ns3:cad>
          </ns3:TrackPointExtension>
        </extensions>
      </trkpt>
      <trkpt lat="47.67853179015219211578369140625" lon="-122.32987501658499240875244140625">
        <ele>37</ele>
        <time>2026-08-19T05:07:51.000Z</time>
        <extensions>
          <ns3:TrackPointExtension>
            <ns3:atemp>24.0</ns3:atemp>
            <ns3:hr>151</ns3:hr>
            <ns3:cad>95</ns3:cad>
          </ns3:TrackPointExtension>
        </extensions>
      </trkpt>
      <trkpt lat="47.67852793447673320770263671875" lon="-122.3296565003693103790283203125">
        <ele>36.200000762939453125</ele>
        <time>2026-08-19T05:07:56.000Z</time>
        <extensions>
          <ns3:TrackPointExtension>
            <ns3:atemp>24.0</ns3:atemp>
            <ns3:hr>150</ns3:hr>
            <ns3:cad>95</ns3:cad>
          </ns3:TrackPointExtension>
        </extensions>
      </trkpt>
      <trkpt lat="47.6785244978964328765869140625" lon="-122.32961366884410381317138671875">
        <ele>36.59999847412109375</ele>
        <time>2026-08-19T05:07:57.000Z</time>
        <extensions>
          <ns3:TrackPointExtension>
            <ns3:atemp>24.0</ns3:atemp>
            <ns3:hr>151</ns3:hr>
            <ns3:cad>95</ns3:cad>
          </ns3:TrackPointExtension>
        </extensions>
      </trkpt>
      <trkpt lat="47.6785023696720600128173828125" lon="-122.32935818843543529510498046875">
        <ele>36.40000152587890625</ele>
        <time>2026-08-19T05:08:03.000Z</time>
        <extensions>
          <ns3:TrackPointExtension>
            <ns3:atemp>24.0</ns3:atemp>
            <ns3:hr>154</ns3:hr>
            <ns3:cad>95</ns3:cad>
          </ns3:TrackPointExtension>
        </extensions>
      </trkpt>
      <trkpt lat="47.67849273048341274261474609375" lon="-122.3292645625770092010498046875">
        <ele>36</ele>
        <time>2026-08-19T05:08:05.000Z</time>
        <extensions>
          <ns3:TrackPointExtension>
            <ns3:atemp>24.0</ns3:atemp>
            <ns3:hr>153</ns3:hr>
            <ns3:cad>95</ns3:cad>
          </ns3:TrackPointExtension>
        </extensions>
      </trkpt>
      <trkpt lat="47.67847739160060882568359375" lon="-122.32899005524814128875732421875">
        <ele>36.799999237060546875</ele>
        <time>2026-08-19T05:08:11.000Z</time>
        <extensions>
          <ns3:TrackPointExtension>
            <ns3:atemp>24.0</ns3:atemp>
            <ns3:hr>152</ns3:hr>
            <ns3:cad>96</ns3:cad>
          </ns3:TrackPointExtension>
        </extensions>
      </trkpt>
      <trkpt lat="47.6784725300967693328857421875" lon="-122.32894713990390300750732421875">
        <ele>36.40000152587890625</ele>
        <time>2026-08-19T05:08:12.000Z</time>
        <extensions>
          <ns3:TrackPointExtension>
            <ns3:atemp>24.0</ns3:atemp>
            <ns3:hr>151</ns3:hr>
            <ns3:cad>96</ns3:cad>
          </ns3:TrackPointExtension>
        </extensions>
      </trkpt>
      <trkpt lat="47.67846959643065929412841796875" lon="-122.32877698726952075958251953125">
        <ele>37.40000152587890625</ele>
        <time>2026-08-19T05:08:16.000Z</time>
        <extensions>
          <ns3:TrackPointExtension>
            <ns3:atemp>24.0</ns3:atemp>
            <ns3:hr>151</ns3:hr>
            <ns3:cad>95</ns3:cad>
          </ns3:TrackPointExtension>
        </extensions>
      </trkpt>
      <trkpt lat="47.6784654892981052398681640625" lon="-122.32861253432929515838623046875">
        <ele>37.799999237060546875</ele>
        <time>2026-08-19T05:08:20.000Z</time>
        <extensions>
          <ns3:TrackPointExtension>
            <ns3:atemp>24.0</ns3:atemp>
            <ns3:hr>151</ns3:hr>
            <ns3:cad>95</ns3:cad>
          </ns3:TrackPointExtension>
        </extensions>
      </trkpt>
      <trkpt lat="47.67846289090812206268310546875" lon="-122.32839460484683513641357421875">
        <ele>38.40000152587890625</ele>
        <time>2026-08-19T05:08:25.000Z</time>
        <extensions>
          <ns3:TrackPointExtension>
            <ns3:atemp>24.0</ns3:atemp>
            <ns3:hr>152</ns3:hr>
            <ns3:cad>95</ns3:cad>
          </ns3:TrackPointExtension>
        </extensions>
      </trkpt>
      <trkpt lat="47.6784641481935977935791015625" lon="-122.32826937921345233917236328125">
        <ele>38.40000152587890625</ele>
        <time>2026-08-19T05:08:28.000Z</time>
        <extensions>
          <ns3:TrackPointExtension>
            <ns3:atemp>24.0</ns3:atemp>
            <ns3:hr>149</ns3:hr>
            <ns3:cad>94</ns3:cad>
          </ns3:TrackPointExtension>
        </extensions>
      </trkpt>
      <trkpt lat="47.6784651540219783782958984375" lon="-122.3282267153263092041015625">
        <ele>38</ele>
        <time>2026-08-19T05:08:29.000Z</time>
        <extensions>
          <ns3:TrackPointExtension>
            <ns3:atemp>24.0</ns3:atemp>
            <ns3:hr>148</ns3:hr>
            <ns3:cad>94</ns3:cad>
          </ns3:TrackPointExtension>
        </extensions>
      </trkpt>
      <trkpt lat="47.67845802940428256988525390625" lon="-122.32795111835002899169921875">
        <ele>38.40000152587890625</ele>
        <time>2026-08-19T05:08:35.000Z</time>
        <extensions>
          <ns3:TrackPointExtension>
            <ns3:atemp>24.0</ns3:atemp>
            <ns3:hr>146</ns3:hr>
            <ns3:cad>94</ns3:cad>
          </ns3:TrackPointExtension>
        </extensions>
      </trkpt>
      <trkpt lat="47.678479738533496856689453125" lon="-122.327657081186771392822265625">
        <ele>39.59999847412109375</ele>
        <time>2026-08-19T05:08:42.000Z</time>
        <extensions>
          <ns3:TrackPointExtension>
            <ns3:atemp>24.0</ns3:atemp>
            <ns3:hr>145</ns3:hr>
            <ns3:cad>93</ns3:cad>
          </ns3:TrackPointExtension>
        </extensions>
      </trkpt>
      <trkpt lat="47.67848543822765350341796875" lon="-122.32761207036674022674560546875">
        <ele>39.59999847412109375</ele>
        <time>2026-08-19T05:08:43.000Z</time>
        <extensions>
          <ns3:TrackPointExtension>
            <ns3:atemp>24.0</ns3:atemp>
            <ns3:hr>145</ns3:hr>
            <ns3:cad>94</ns3:cad>
          </ns3:TrackPointExtension>
        </extensions>
      </trkpt>
      <trkpt lat="47.6785623840987682342529296875" lon="-122.32735566794872283935546875">
        <ele>40.40000152587890625</ele>
        <time>2026-08-19T05:08:49.000Z</time>
        <extensions>
          <ns3:TrackPointExtension>
            <ns3:atemp>24.0</ns3:atemp>
            <ns3:hr>145</ns3:hr>
            <ns3:cad>94</ns3:cad>
          </ns3:TrackPointExtension>
        </extensions>
      </trkpt>
      <trkpt lat="47.6786012761294841766357421875" lon="-122.32723605819046497344970703125">
        <ele>40.59999847412109375</ele>
        <time>2026-08-19T05:08:52.000Z</time>
        <extensions>
          <ns3:TrackPointExtension>
            <ns3:atemp>24.0</ns3:atemp>
            <ns3:hr>147</ns3:hr>
            <ns3:cad>94</ns3:cad>
          </ns3:TrackPointExtension>
        </extensions>
      </trkpt>
      <trkpt lat="47.67862684093415737152099609375" lon="-122.32716145925223827362060546875">
        <ele>40.59999847412109375</ele>
        <time>2026-08-19T05:08:54.000Z</time>
        <extensions>
          <ns3:TrackPointExtension>
            <ns3:atemp>24.0</ns3:atemp>
            <ns3:hr>146</ns3:hr>
            <ns3:cad>94</ns3:cad>
          </ns3:TrackPointExtension>
        </extensions>
      </trkpt>
      <trkpt lat="47.67871015705168247222900390625" lon="-122.32693011872470378875732421875">
        <ele>41.799999237060546875</ele>
        <time>2026-08-19T05:09:00.000Z</time>
        <extensions>
          <ns3:TrackPointExtension>
            <ns3:atemp>24.0</ns3:atemp>
            <ns3:hr>145</ns3:hr>
            <ns3:cad>94</ns3:cad>
          </ns3:TrackPointExtension>
        </extensions>
      </trkpt>
      <trkpt lat="47.6787246577441692352294921875" lon="-122.326891981065273284912109375">
        <ele>42.40000152587890625</ele>
        <time>2026-08-19T05:09:01.000Z</time>
        <extensions>
          <ns3:TrackPointExtension>
            <ns3:atemp>24.0</ns3:atemp>
            <ns3:hr>144</ns3:hr>
            <ns3:cad>95</ns3:cad>
          </ns3:TrackPointExtension>
        </extensions>
      </trkpt>
      <trkpt lat="47.67873966135084629058837890625" lon="-122.32685149647295475006103515625">
        <ele>43</ele>
        <time>2026-08-19T05:09:02.000Z</time>
        <extensions>
          <ns3:TrackPointExtension>
            <ns3:atemp>24.0</ns3:atemp>
            <ns3:hr>144</ns3:hr>
            <ns3:cad>95</ns3:cad>
          </ns3:TrackPointExtension>
        </extensions>
      </trkpt>
      <trkpt lat="47.67876279540359973907470703125" lon="-122.32677857391536235809326171875">
        <ele>43</ele>
        <time>2026-08-19T05:09:04.000Z</time>
        <extensions>
          <ns3:TrackPointExtension>
            <ns3:atemp>24.0</ns3:atemp>
            <ns3:hr>147</ns3:hr>
            <ns3:cad>96</ns3:cad>
          </ns3:TrackPointExtension>
        </extensions>
      </trkpt>
      <trkpt lat="47.67877620644867420196533203125" lon="-122.32674680650234222412109375">
        <ele>43.799999237060546875</ele>
        <time>2026-08-19T05:09:05.000Z</time>
        <extensions>
          <ns3:TrackPointExtension>
            <ns3:atemp>24.0</ns3:atemp>
            <ns3:hr>144</ns3:hr>
            <ns3:cad>95</ns3:cad>
          </ns3:TrackPointExtension>
        </extensions>
      </trkpt>
      <trkpt lat="47.67880738712847232818603515625" lon="-122.32668117620050907135009765625">
        <ele>44.200000762939453125</ele>
        <time>2026-08-19T05:09:07.000Z</time>
        <extensions>
          <ns3:TrackPointExtension>
            <ns3:atemp>24.0</ns3:atemp>
            <ns3:hr>144</ns3:hr>
            <ns3:cad>94</ns3:cad>
          </ns3:TrackPointExtension>
        </extensions>
      </trkpt>
      <trkpt lat="47.678936384618282318115234375" lon="-122.32647665776312351226806640625">
        <ele>44.200000762939453125</ele>
        <time>2026-08-19T05:09:14.000Z</time>
        <extensions>
          <ns3:TrackPointExtension>
            <ns3:atemp>24.0</ns3:atemp>
            <ns3:hr>145</ns3:hr>
            <ns3:cad>95</ns3:cad>
          </ns3:TrackPointExtension>
        </extensions>
      </trkpt>
      <trkpt lat="47.67895281314849853515625" lon="-122.32645084150135517120361328125">
        <ele>44.200000762939453125</ele>
        <time>2026-08-19T05:09:15.000Z</time>
        <extensions>
          <ns3:TrackPointExtension>
            <ns3:atemp>24.0</ns3:atemp>
            <ns3:hr>145</ns3:hr>
            <ns3:cad>95</ns3:cad>
          </ns3:TrackPointExtension>
        </extensions>
      </trkpt>
      <trkpt lat="47.67906186170876026153564453125" lon="-122.3263037391006946563720703125">
        <ele>44.40000152587890625</ele>
        <time>2026-08-19T05:09:21.000Z</time>
        <extensions>
          <ns3:TrackPointExtension>
            <ns3:atemp>24.0</ns3:atemp>
            <ns3:hr>148</ns3:hr>
            <ns3:cad>94</ns3:cad>
          </ns3:TrackPointExtension>
        </extensions>
      </trkpt>
      <trkpt lat="47.67909756861627101898193359375" lon="-122.32627280987799167633056640625">
        <ele>44.59999847412109375</ele>
        <time>2026-08-19T05:09:23.000Z</time>
        <extensions>
          <ns3:TrackPointExtension>
            <ns3:atemp>24.0</ns3:atemp>
            <ns3:hr>149</ns3:hr>
            <ns3:cad>96</ns3:cad>
          </ns3:TrackPointExtension>
        </extensions>
      </trkpt>
      <trkpt lat="47.6792745105922222137451171875" lon="-122.32613182626664638519287109375">
        <ele>44.59999847412109375</ele>
        <time>2026-08-19T05:09:30.000Z</time>
        <extensions>
          <ns3:TrackPointExtension>
            <ns3:atemp>24.0</ns3:atemp>
            <ns3:hr>151</ns3:hr>
            <ns3:cad>94</ns3:cad>
          </ns3:TrackPointExtension>
        </extensions>
      </trkpt>
      <trkpt lat="47.67943033017218112945556640625" lon="-122.32602453790605068206787109375">
        <ele>44.59999847412109375</ele>
        <time>2026-08-19T05:09:35.000Z</time>
        <extensions>
          <ns3:TrackPointExtension>
            <ns3:atemp>24.0</ns3:atemp>
            <ns3:hr>151</ns3:hr>
            <ns3:cad>94</ns3:cad>
          </ns3:TrackPointExtension>
        </extensions>
      </trkpt>
      <trkpt lat="47.67951331101357936859130859375" lon="-122.32597039081156253814697265625">
        <ele>44.799999237060546875</ele>
        <time>2026-08-19T05:09:39.000Z</time>
        <extensions>
          <ns3:TrackPointExtension>
            <ns3:atemp>24.0</ns3:atemp>
            <ns3:hr>151</ns3:hr>
            <ns3:cad>94</ns3:cad>
          </ns3:TrackPointExtension>
        </extensions>
      </trkpt>
      <trkpt lat="47.67968212254345417022705078125" lon="-122.32591171748936176300048828125">
        <ele>44.799999237060546875</ele>
        <time>2026-08-19T05:09:45.000Z</time>
        <extensions>
          <ns3:TrackPointExtension>
            <ns3:atemp>24.0</ns3:atemp>
            <ns3:hr>152</ns3:hr>
            <ns3:cad>95</ns3:cad>
          </ns3:TrackPointExtension>
        </extensions>
      </trkpt>
      <trkpt lat="47.6798957772552967071533203125" lon="-122.3258960433304309844970703125">
        <ele>44.40000152587890625</ele>
        <time>2026-08-19T05:09:53.000Z</time>
        <extensions>
          <ns3:TrackPointExtension>
            <ns3:atemp>24.0</ns3:atemp>
            <ns3:hr>150</ns3:hr>
            <ns3:cad>94</ns3:cad>
          </ns3:TrackPointExtension>
        </extensions>
      </trkpt>
      <trkpt lat="47.68008495680987834930419921875" lon="-122.32589663006365299224853515625">
        <ele>44.799999237060546875</ele>
        <time>2026-08-19T05:10:00.000Z</time>
        <extensions>
          <ns3:TrackPointExtension>
            <ns3:atemp>24.0</ns3:atemp>
            <ns3:hr>147</ns3:hr>
            <ns3:cad>95</ns3:cad>
          </ns3:TrackPointExtension>
        </extensions>
      </trkpt>
      <trkpt lat="47.68016609363257884979248046875" lon="-122.3259050957858562469482421875">
        <ele>45</ele>
        <time>2026-08-19T05:10:03.000Z</time>
        <extensions>
          <ns3:TrackPointExtension>
            <ns3:atemp>24.0</ns3:atemp>
            <ns3:hr>147</ns3:hr>
            <ns3:cad>94</ns3:cad>
          </ns3:TrackPointExtension>
        </extensions>
      </trkpt>
      <trkpt lat="47.68034177832305431365966796875" lon="-122.325958907604217529296875">
        <ele>45</ele>
        <time>2026-08-19T05:10:09.000Z</time>
        <extensions>
          <ns3:TrackPointExtension>
            <ns3:atemp>24.0</ns3:atemp>
            <ns3:hr>147</ns3:hr>
            <ns3:cad>94</ns3:cad>
          </ns3:TrackPointExtension>
        </extensions>
      </trkpt>
      <trkpt lat="47.68042526207864284515380859375" lon="-122.32599453069269657135009765625">
        <ele>45.200000762939453125</ele>
        <time>2026-08-19T05:10:12.000Z</time>
        <extensions>
          <ns3:TrackPointExtension>
            <ns3:atemp>24.0</ns3:atemp>
            <ns3:hr>146</ns3:hr>
            <ns3:cad>94</ns3:cad>
          </ns3:TrackPointExtension>
        </extensions>
      </trkpt>
      <trkpt lat="47.68048175610601902008056640625" lon="-122.32602529227733612060546875">
        <ele>45.200000762939453125</ele>
        <time>2026-08-19T05:10:14.000Z</time>
        <extensions>
          <ns3:TrackPointExtension>
            <ns3:atemp>24.0</ns3:atemp>
            <ns3:hr>149</ns3:hr>
            <ns3:cad>94</ns3:cad>
          </ns3:TrackPointExtension>
        </extensions>
      </trkpt>
      <trkpt lat="47.6805599592626094818115234375" lon="-122.32607533223927021026611328125">
        <ele>45.59999847412109375</ele>
        <time>2026-08-19T05:10:17.000Z</time>
        <extensions>
          <ns3:TrackPointExtension>
            <ns3:atemp>24.0</ns3:atemp>
            <ns3:hr>148</ns3:hr>
            <ns3:cad>95</ns3:cad>
          </ns3:TrackPointExtension>
        </extensions>
      </trkpt>
      <trkpt lat="47.6806769706308841705322265625" lon="-122.32618044130504131317138671875">
        <ele>45.40000152587890625</ele>
        <time>2026-08-19T05:10:22.000Z</time>
        <extensions>
          <ns3:TrackPointExtension>
            <ns3:atemp>24.0</ns3:atemp>
            <ns3:hr>146</ns3:hr>
            <ns3:cad>95</ns3:cad>
          </ns3:TrackPointExtension>
        </extensions>
      </trkpt>
      <trkpt lat="47.6808342151343822479248046875" lon="-122.32631069608032703399658203125">
        <ele>45.59999847412109375</ele>
        <time>2026-08-19T05:10:28.000Z</time>
        <extensions>
          <ns3:TrackPointExtension>
            <ns3:atemp>24.0</ns3:atemp>
            <ns3:hr>145</ns3:hr>
            <ns3:cad>94</ns3:cad>
          </ns3:TrackPointExtension>
        </extensions>
      </trkpt>
      <trkpt lat="47.6808933913707733154296875" lon="-122.32639485038816928863525390625">
        <ele>45.59999847412109375</ele>
        <time>2026-08-19T05:10:31.000Z</time>
        <extensions>
          <ns3:TrackPointExtension>
            <ns3:atemp>24.0</ns3:atemp>
            <ns3:hr>146</ns3:hr>
            <ns3:cad>94</ns3:cad>
          </ns3:TrackPointExtension>
        </extensions>
      </trkpt>
      <trkpt lat="47.68099321983754634857177734375" lon="-122.326532565057277679443359375">
        <ele>45.40000152587890625</ele>
        <time>2026-08-19T05:10:36.000Z</time>
        <extensions>
          <ns3:TrackPointExtension>
            <ns3:atemp>24.0</ns3:atemp>
            <ns3:hr>149</ns3:hr>
            <ns3:cad>94</ns3:cad>
          </ns3:TrackPointExtension>
        </extensions>
      </trkpt>
      <trkpt lat="47.68101199530065059661865234375" lon="-122.32655947096645832061767578125">
        <ele>45.200000762939453125</ele>
        <time>2026-08-19T05:10:37.000Z</time>
        <extensions>
          <ns3:TrackPointExtension>
            <ns3:atemp>24.0</ns3:atemp>
            <ns3:hr>148</ns3:hr>
            <ns3:cad>94</ns3:cad>
          </ns3:TrackPointExtension>
        </extensions>
      </trkpt>
      <trkpt lat="47.681027837097644805908203125" lon="-122.32659283094108104705810546875">
        <ele>45.200000762939453125</ele>
        <time>2026-08-19T05:10:38.000Z</time>
        <extensions>
          <ns3:TrackPointExtension>
            <ns3:atemp>24.0</ns3:atemp>
            <ns3:hr>151</ns3:hr>
            <ns3:cad>94</ns3:cad>
          </ns3:TrackPointExtension>
        </extensions>
      </trkpt>
      <trkpt lat="47.6810508035123348236083984375" lon="-122.3266671784222126007080078125">
        <ele>45.200000762939453125</ele>
        <time>2026-08-19T05:10:40.000Z</time>
        <extensions>
          <ns3:TrackPointExtension>
            <ns3:atemp>24.0</ns3:atemp>
            <ns3:hr>148</ns3:hr>
            <ns3:cad>94</ns3:cad>
          </ns3:TrackPointExtension>
        </extensions>
      </trkpt>
      <trkpt lat="47.6810809783637523651123046875" lon="-122.32673666439950466156005859375">
        <ele>45.40000152587890625</ele>
        <time>2026-08-19T05:10:42.000Z</time>
        <extensions>
          <ns3:TrackPointExtension>
            <ns3:atemp>24.0</ns3:atemp>
            <ns3:hr>149</ns3:hr>
            <ns3:cad>95</ns3:cad>
          </ns3:TrackPointExtension>
        </extensions>
      </trkpt>
      <trkpt lat="47.6811889372766017913818359375" lon="-122.32692492194473743438720703125">
        <ele>45.59999847412109375</ele>
        <time>2026-08-19T05:10:48.000Z</time>
        <extensions>
          <ns3:TrackPointExtension>
            <ns3:atemp>24.0</ns3:atemp>
            <ns3:hr>149</ns3:hr>
            <ns3:cad>95</ns3:cad>
          </ns3:TrackPointExtension>
        </extensions>
      </trkpt>
      <trkpt lat="47.68131877295672893524169921875" lon="-122.3271372355520725250244140625">
        <ele>45.799999237060546875</ele>
        <time>2026-08-19T05:10:55.000Z</time>
        <extensions>
          <ns3:TrackPointExtension>
            <ns3:atemp>24.0</ns3:atemp>
            <ns3:hr>150</ns3:hr>
            <ns3:cad>95</ns3:cad>
          </ns3:TrackPointExtension>
        </extensions>
      </trkpt>
      <trkpt lat="47.68133671022951602935791015625" lon="-122.32716866768896579742431640625">
        <ele>45.40000152587890625</ele>
        <time>2026-08-19T05:10:56.000Z</time>
        <extensions>
          <ns3:TrackPointExtension>
            <ns3:atemp>24.0</ns3:atemp>
            <ns3:hr>149</ns3:hr>
            <ns3:cad>94</ns3:cad>
          </ns3:TrackPointExtension>
        </extensions>
      </trkpt>
      <trkpt lat="47.6814300008118152618408203125" lon="-122.32732675038278102874755859375">
        <ele>44.799999237060546875</ele>
        <time>2026-08-19T05:11:01.000Z</time>
        <extensions>
          <ns3:TrackPointExtension>
            <ns3:atemp>24.0</ns3:atemp>
            <ns3:hr>149</ns3:hr>
            <ns3:cad>95</ns3:cad>
          </ns3:TrackPointExtension>
        </extensions>
      </trkpt>
      <trkpt lat="47.68156972713768482208251953125" lon="-122.32755037955939769744873046875">
        <ele>45.40000152587890625</ele>
        <time>2026-08-19T05:11:08.000Z</time>
        <extensions>
          <ns3:TrackPointExtension>
            <ns3:atemp>24.0</ns3:atemp>
            <ns3:hr>151</ns3:hr>
            <ns3:cad>96</ns3:cad>
          </ns3:TrackPointExtension>
        </extensions>
      </trkpt>
      <trkpt lat="47.681681625545024871826171875" lon="-122.3277289979159832000732421875">
        <ele>45.200000762939453125</ele>
        <time>2026-08-19T05:11:14.000Z</time>
        <extensions>
          <ns3:TrackPointExtension>
            <ns3:atemp>24.0</ns3:atemp>
            <ns3:hr>149</ns3:hr>
            <ns3:cad>94</ns3:cad>
          </ns3:TrackPointExtension>
        </extensions>
      </trkpt>
      <trkpt lat="47.68182386644184589385986328125" lon="-122.327948100864887237548828125">
        <ele>45</ele>
        <time>2026-08-19T05:11:21.000Z</time>
        <extensions>
          <ns3:TrackPointExtension>
            <ns3:atemp>23.0</ns3:atemp>
            <ns3:hr>151</ns3:hr>
            <ns3:cad>95</ns3:cad>
          </ns3:TrackPointExtension>
        </extensions>
      </trkpt>
      <trkpt lat="47.68190165050327777862548828125" lon="-122.3281098715960979461669921875">
        <ele>44.799999237060546875</ele>
        <time>2026-08-19T05:11:26.000Z</time>
        <extensions>
          <ns3:TrackPointExtension>
            <ns3:atemp>23.0</ns3:atemp>
            <ns3:hr>149</ns3:hr>
            <ns3:cad>94</ns3:cad>
          </ns3:TrackPointExtension>
        </extensions>
      </trkpt>
      <trkpt lat="47.68199670128524303436279296875" lon="-122.3282768391072750091552734375">
        <ele>44.59999847412109375</ele>
        <time>2026-08-19T05:11:31.000Z</time>
        <extensions>
          <ns3:TrackPointExtension>
            <ns3:atemp>23.0</ns3:atemp>
            <ns3:hr>151</ns3:hr>
            <ns3:cad>95</ns3:cad>
          </ns3:TrackPointExtension>
        </extensions>
      </trkpt>
      <trkpt lat="47.68210181035101413726806640625" lon="-122.3284877277910709381103515625">
        <ele>44.59999847412109375</ele>
        <time>2026-08-19T05:11:37.000Z</time>
        <extensions>
          <ns3:TrackPointExtension>
            <ns3:atemp>23.0</ns3:atemp>
            <ns3:hr>148</ns3:hr>
            <ns3:cad>94</ns3:cad>
          </ns3:TrackPointExtension>
        </extensions>
      </trkpt>
      <trkpt lat="47.68216098658740520477294921875" lon="-122.32858420349657535552978515625">
        <ele>44.799999237060546875</ele>
        <time>2026-08-19T05:11:40.000Z</time>
        <extensions>
          <ns3:TrackPointExtension>
            <ns3:atemp>23.0</ns3:atemp>
            <ns3:hr>149</ns3:hr>
            <ns3:cad>94</ns3:cad>
          </ns3:TrackPointExtension>
        </extensions>
      </trkpt>
      <trkpt lat="47.6822728849947452545166015625" lon="-122.3287874646484851837158203125">
        <ele>45</ele>
        <time>2026-08-19T05:11:46.000Z</time>
        <extensions>
          <ns3:TrackPointExtension>
            <ns3:atemp>23.0</ns3:atemp>
            <ns3:hr>151</ns3:hr>
            <ns3:cad>95</ns3:cad>
          </ns3:TrackPointExtension>
        </extensions>
      </trkpt>
      <trkpt lat="47.682361900806427001953125" lon="-122.3289597965776920318603515625">
        <ele>44.40000152587890625</ele>
        <time>2026-08-19T05:11:51.000Z</time>
        <extensions>
          <ns3:TrackPointExtension>
            <ns3:atemp>23.0</ns3:atemp>
            <ns3:hr>148</ns3:hr>
            <ns3:cad>95</ns3:cad>
          </ns3:TrackPointExtension>
        </extensions>
      </trkpt>
      <trkpt lat="47.68241428770124912261962890625" lon="-122.3291787318885326385498046875">
        <ele>44.200000762939453125</ele>
        <time>2026-08-19T05:11:56.000Z</time>
        <extensions>
          <ns3:TrackPointExtension>
            <ns3:atemp>23.0</ns3:atemp>
            <ns3:hr>148</ns3:hr>
            <ns3:cad>95</ns3:cad>
          </ns3:TrackPointExtension>
        </extensions>
      </trkpt>
      <trkpt lat="47.6824649982154369354248046875" lon="-122.32934075407683849334716796875">
        <ele>44.40000152587890625</ele>
        <time>2026-08-19T05:12:00.000Z</time>
        <extensions>
          <ns3:TrackPointExtension>
            <ns3:atemp>23.0</ns3:atemp>
            <ns3:hr>146</ns3:hr>
            <ns3:cad>95</ns3:cad>
          </ns3:TrackPointExtension>
        </extensions>
      </trkpt>
      <trkpt lat="47.68250045366585254669189453125" lon="-122.32943463139235973358154296875">
        <ele>44.40000152587890625</ele>
        <time>2026-08-19T05:12:02.000Z</time>
        <extensions>
          <ns3:TrackPointExtension>
            <ns3:atemp>23.0</ns3:atemp>
            <ns3:hr>149</ns3:hr>
            <ns3:cad>95</ns3:cad>
          </ns3:TrackPointExtension>
        </extensions>
      </trkpt>
      <trkpt lat="47.68254102207720279693603515625" lon="-122.32954208739101886749267578125">
        <ele>44.200000762939453125</ele>
        <time>2026-08-19T05:12:05.000Z</time>
        <extensions>
          <ns3:TrackPointExtension>
            <ns3:atemp>23.0</ns3:atemp>
            <ns3:hr>150</ns3:hr>
            <ns3:cad>95</ns3:cad>
          </ns3:TrackPointExtension>
        </extensions>
      </trkpt>
      <trkpt lat="47.68255610950291156768798828125" lon="-122.32962640933692455291748046875">
        <ele>44</ele>
        <time>2026-08-19T05:12:07.000Z</time>
        <extensions>
          <ns3:TrackPointExtension>
            <ns3:atemp>23.0</ns3:atemp>
            <ns3:hr>150</ns3:hr>
            <ns3:cad>94</ns3:cad>
          </ns3:TrackPointExtension>
        </extensions>
      </trkpt>
      <trkpt lat="47.68258787691593170166015625" lon="-122.32980628497898578643798828125">
        <ele>44</ele>
        <time>2026-08-19T05:12:11.000Z</time>
        <extensions>
          <ns3:TrackPointExtension>
            <ns3:atemp>23.0</ns3:atemp>
            <ns3:hr>148</ns3:hr>
            <ns3:cad>94</ns3:cad>
          </ns3:TrackPointExtension>
        </extensions>
      </trkpt>
      <trkpt lat="47.68261880613863468170166015625" lon="-122.33000057749450206756591796875">
        <ele>44.40000152587890625</ele>
        <time>2026-08-19T05:12:16.000Z</time>
        <extensions>
          <ns3:TrackPointExtension>
            <ns3:atemp>23.0</ns3:atemp>
            <ns3:hr>147</ns3:hr>
            <ns3:cad>96</ns3:cad>
          </ns3:TrackPointExtension>
        </extensions>
      </trkpt>
      <trkpt lat="47.68264286220073699951171875" lon="-122.3303005658090114593505859375">
        <ele>44.200000762939453125</ele>
        <time>2026-08-19T05:12:23.000Z</time>
        <extensions>
          <ns3:TrackPointExtension>
            <ns3:atemp>23.0</ns3:atemp>
            <ns3:hr>147</ns3:hr>
            <ns3:cad>94</ns3:cad>
          </ns3:TrackPointExtension>
        </extensions>
      </trkpt>
      <trkpt lat="47.6826691813766956329345703125" lon="-122.33058982528746128082275390625">
        <ele>44.799999237060546875</ele>
        <time>2026-08-19T05:12:30.000Z</time>
        <extensions>
          <ns3:TrackPointExtension>
            <ns3:atemp>23.0</ns3:atemp>
            <ns3:hr>146</ns3:hr>
            <ns3:cad>94</ns3:cad>
          </ns3:TrackPointExtension>
        </extensions>
      </trkpt>
      <trkpt lat="47.6826718635857105255126953125" lon="-122.3306251130998134613037109375">
        <ele>45</ele>
        <time>2026-08-19T05:12:31.000Z</time>
        <extensions>
          <ns3:TrackPointExtension>
            <ns3:atemp>23.0</ns3:atemp>
            <ns3:hr>147</ns3:hr>
            <ns3:cad>94</ns3:cad>
          </ns3:TrackPointExtension>
        </extensions>
      </trkpt>
      <trkpt lat="47.6826611347496509552001953125" lon="-122.3308346606791019439697265625">
        <ele>45</ele>
        <time>2026-08-19T05:12:36.000Z</time>
        <extensions>
          <ns3:TrackPointExtension>
            <ns3:atemp>23.0</ns3:atemp>
            <ns3:hr>149</ns3:hr>
            <ns3:cad>95</ns3:cad>
          </ns3:TrackPointExtension>
        </extensions>
      </trkpt>
      <trkpt lat="47.6826416887342929840087890625" lon="-122.3309707827866077423095703125">
        <ele>45.200000762939453125</ele>
        <time>2026-08-19T05:12:39.000Z</time>
        <extensions>
          <ns3:TrackPointExtension>
            <ns3:atemp>23.0</ns3:atemp>
            <ns3:hr>149</ns3:hr>
            <ns3:cad>96</ns3:cad>
          </ns3:TrackPointExtension>
        </extensions>
      </trkpt>
      <trkpt lat="47.68260656856000423431396484375" lon="-122.331114113330841064453125">
        <ele>45.200000762939453125</ele>
        <time>2026-08-19T05:12:42.000Z</time>
        <extensions>
          <ns3:TrackPointExtension>
            <ns3:atemp>23.0</ns3:atemp>
            <ns3:hr>151</ns3:hr>
            <ns3:cad>96</ns3:cad>
          </ns3:TrackPointExtension>
        </extensions>
      </trkpt>
      <trkpt lat="47.68257404677569866180419921875" lon="-122.33139297924935817718505859375">
        <ele>45.40000152587890625</ele>
        <time>2026-08-19T05:12:48.000Z</time>
        <extensions>
          <ns3:TrackPointExtension>
            <ns3:atemp>23.0</ns3:atemp>
            <ns3:hr>150</ns3:hr>
            <ns3:cad>96</ns3:cad>
          </ns3:TrackPointExtension>
        </extensions>
      </trkpt>
      <trkpt lat="47.682564072310924530029296875" lon="-122.33169623650610446929931640625">
        <ele>45.799999237060546875</ele>
        <time>2026-08-19T05:12:55.000Z</time>
        <extensions>
          <ns3:TrackPointExtension>
            <ns3:atemp>23.0</ns3:atemp>
            <ns3:hr>152</ns3:hr>
            <ns3:cad>97</ns3:cad>
          </ns3:TrackPointExtension>
        </extensions>
      </trkpt>
      <trkpt lat="47.6825518347322940826416015625" lon="-122.33178265392780303955078125">
        <ele>45.799999237060546875</ele>
        <time>2026-08-19T05:12:57.000Z</time>
        <extensions>
          <ns3:TrackPointExtension>
            <ns3:atemp>23.0</ns3:atemp>
            <ns3:hr>152</ns3:hr>
            <ns3:cad>97</ns3:cad>
          </ns3:TrackPointExtension>
        </extensions>
      </trkpt>
      <trkpt lat="47.68255493603646755218505859375" lon="-122.3319561593234539031982421875">
        <ele>45.799999237060546875</ele>
        <time>2026-08-19T05:13:01.000Z</time>
        <extensions>
          <ns3:TrackPointExtension>
            <ns3:atemp>23.0</ns3:atemp>
            <ns3:hr>148</ns3:hr>
            <ns3:cad>95</ns3:cad>
          </ns3:TrackPointExtension>
        </extensions>
      </trkpt>
      <trkpt lat="47.68256817944347858428955078125" lon="-122.33208113349974155426025390625">
        <ele>45.799999237060546875</ele>
        <time>2026-08-19T05:13:04.000Z</time>
        <extensions>
          <ns3:TrackPointExtension>
            <ns3:atemp>23.0</ns3:atemp>
            <ns3:hr>146</ns3:hr>
            <ns3:cad>95</ns3:cad>
          </ns3:TrackPointExtension>
        </extensions>
      </trkpt>
      <trkpt lat="47.68259600736200809478759765625" lon="-122.33232387341558933258056640625">
        <ele>45.59999847412109375</ele>
        <time>2026-08-19T05:13:10.000Z</time>
        <extensions>
          <ns3:TrackPointExtension>
            <ns3:atemp>23.0</ns3:atemp>
            <ns3:hr>146</ns3:hr>
            <ns3:cad>95</ns3:cad>
          </ns3:TrackPointExtension>
        </extensions>
      </trkpt>
      <trkpt lat="47.6826274394989013671875" lon="-122.33250492252409458160400390625">
        <ele>45.40000152587890625</ele>
        <time>2026-08-19T05:13:14.000Z</time>
        <extensions>
          <ns3:TrackPointExtension>
            <ns3:atemp>23.0</ns3:atemp>
            <ns3:hr>146</ns3:hr>
            <ns3:cad>95</ns3:cad>
          </ns3:TrackPointExtension>
        </extensions>
      </trkpt>
      <trkpt lat="47.6826557703316211700439453125" lon="-122.3326255381107330322265625">
        <ele>45.200000762939453125</ele>
        <time>2026-08-19T05:13:17.000Z</time>
        <extensions>
          <ns3:TrackPointExtension>
            <ns3:atemp>23.0</ns3:atemp>
            <ns3:hr>144</ns3:hr>
            <ns3:cad>95</ns3:cad>
          </ns3:TrackPointExtension>
        </extensions>
      </trkpt>
      <trkpt lat="47.68272173590958118438720703125" lon="-122.3328855447471141815185546875">
        <ele>45.200000762939453125</ele>
        <time>2026-08-19T05:13:23.000Z</time>
        <extensions>
          <ns3:TrackPointExtension>
            <ns3:atemp>23.0</ns3:atemp>
            <ns3:hr>144</ns3:hr>
            <ns3:cad>95</ns3:cad>
          </ns3:TrackPointExtension>
        </extensions>
      </trkpt>
      <trkpt lat="47.682737074792385101318359375" lon="-122.33292720280587673187255859375">
        <ele>45.200000762939453125</ele>
        <time>2026-08-19T05:13:24.000Z</time>
        <extensions>
          <ns3:TrackPointExtension>
            <ns3:atemp>23.0</ns3:atemp>
            <ns3:hr>144</ns3:hr>
            <ns3:cad>94</ns3:cad>
          </ns3:TrackPointExtension>
        </extensions>
      </trkpt>
      <trkpt lat="47.6827962510287761688232421875" lon="-122.33313440345227718353271484375">
        <ele>44.799999237060546875</ele>
        <time>2026-08-19T05:13:29.000Z</time>
        <extensions>
          <ns3:TrackPointExtension>
            <ns3:atemp>23.0</ns3:atemp>
            <ns3:hr>146</ns3:hr>
            <ns3:cad>96</ns3:cad>
          </ns3:TrackPointExtension>
        </extensions>
      </trkpt>
      <trkpt lat="47.68285282887518405914306640625" lon="-122.33333406038582324981689453125">
        <ele>45</ele>
        <time>2026-08-19T05:13:34.000Z</time>
        <extensions>
          <ns3:TrackPointExtension>
            <ns3:atemp>23.0</ns3:atemp>
            <ns3:hr>145</ns3:hr>
            <ns3:cad>95</ns3:cad>
          </ns3:TrackPointExtension>
        </extensions>
      </trkpt>
      <trkpt lat="47.68287478946149349212646484375" lon="-122.3333519138395786285400390625">
        <ele>45</ele>
        <time>2026-08-19T05:13:35.000Z</time>
        <extensions>
          <ns3:TrackPointExtension>
            <ns3:atemp>23.0</ns3:atemp>
            <ns3:hr>148</ns3:hr>
            <ns3:cad>95</ns3:cad>
          </ns3:TrackPointExtension>
        </extensions>
      </trkpt>
      <trkpt lat="47.6829313673079013824462890625" lon="-122.3334521614015102386474609375">
        <ele>44.799999237060546875</ele>
        <time>2026-08-19T05:13:38.000Z</time>
        <extensions>
          <ns3:TrackPointExtension>
            <ns3:atemp>23.0</ns3:atemp>
            <ns3:hr>149</ns3:hr>
            <ns3:cad>95</ns3:cad>
          </ns3:TrackPointExtension>
        </extensions>
      </trkpt>
      <trkpt lat="47.683040834963321685791015625" lon="-122.33370604924857616424560546875">
        <ele>44.59999847412109375</ele>
        <time>2026-08-19T05:13:45.000Z</time>
        <extensions>
          <ns3:TrackPointExtension>
            <ns3:atemp>23.0</ns3:atemp>
            <ns3:hr>149</ns3:hr>
            <ns3:cad>95</ns3:cad>
          </ns3:TrackPointExtension>
        </extensions>
      </trkpt>
      <trkpt lat="47.68314602784812450408935546875" lon="-122.33386832289397716522216796875">
        <ele>45</ele>
        <time>2026-08-19T05:13:50.000Z</time>
        <extensions>
          <ns3:TrackPointExtension>
            <ns3:atemp>23.0</ns3:atemp>
            <ns3:hr>149</ns3:hr>
            <ns3:cad>95</ns3:cad>
          </ns3:TrackPointExtension>
        </extensions>
      </trkpt>
      <trkpt lat="47.68326580524444580078125" lon="-122.33398935757577419281005859375">
        <ele>45</ele>
        <time>2026-08-19T05:13:55.000Z</time>
        <extensions>
          <ns3:TrackPointExtension>
            <ns3:atemp>23.0</ns3:atemp>
            <ns3:hr>149</ns3:hr>
            <ns3:cad>94</ns3:cad>
          </ns3:TrackPointExtension>
        </extensions>
      </trkpt>
      <trkpt lat="47.68338390626013278961181640625" lon="-122.33414492569863796234130859375">
        <ele>45</ele>
        <time>2026-08-19T05:14:00.000Z</time>
        <extensions>
          <ns3:TrackPointExtension>
            <ns3:atemp>23.0</ns3:atemp>
            <ns3:hr>149</ns3:hr>
            <ns3:cad>95</ns3:cad>
          </ns3:TrackPointExtension>
        </extensions>
      </trkpt>
      <trkpt lat="47.68353008665144443511962890625" lon="-122.33430703170597553253173828125">
        <ele>44.799999237060546875</ele>
        <time>2026-08-19T05:14:06.000Z</time>
        <extensions>
          <ns3:TrackPointExtension>
            <ns3:atemp>23.0</ns3:atemp>
            <ns3:hr>148</ns3:hr>
            <ns3:cad>94</ns3:cad>
          </ns3:TrackPointExtension>
        </extensions>
      </trkpt>
      <trkpt lat="47.6836106367409229278564453125" lon="-122.3343761824071407318115234375">
        <ele>45</ele>
        <time>2026-08-19T05:14:09.000Z</time>
        <extensions>
          <ns3:TrackPointExtension>
            <ns3:atemp>23.0</ns3:atemp>
            <ns3:hr>149</ns3:hr>
            <ns3:cad>94</ns3:cad>
          </ns3:TrackPointExtension>
        </extensions>
      </trkpt>
      <trkpt lat="47.68377743661403656005859375" lon="-122.33454340137541294097900390625">
        <ele>45.200000762939453125</ele>
        <time>2026-08-19T05:14:16.000Z</time>
        <extensions>
          <ns3:TrackPointExtension>
            <ns3:atemp>23.0</ns3:atemp>
            <ns3:hr>150</ns3:hr>
            <ns3:cad>96</ns3:cad>
          </ns3:TrackPointExtension>
        </extensions>
      </trkpt>
      <trkpt lat="47.68383954651653766632080078125" lon="-122.33461883850395679473876953125">
        <ele>45.200000762939453125</ele>
        <time>2026-08-19T05:14:19.000Z</time>
        <extensions>
          <ns3:TrackPointExtension>
            <ns3:atemp>23.0</ns3:atemp>
            <ns3:hr>149</ns3:hr>
            <ns3:cad>95</ns3:cad>
          </ns3:TrackPointExtension>
        </extensions>
      </trkpt>
      <trkpt lat="47.68400785513222217559814453125" lon="-122.33480776660144329071044921875">
        <ele>45</ele>
        <time>2026-08-19T05:14:26.000Z</time>
        <extensions>
          <ns3:TrackPointExtension>
            <ns3:atemp>23.0</ns3:atemp>
            <ns3:hr>148</ns3:hr>
            <ns3:cad>94</ns3:cad>
          </ns3:TrackPointExtension>
        </extensions>
      </trkpt>
      <trkpt lat="47.6841671951115131378173828125" lon="-122.334973812103271484375">
        <ele>44.40000152587890625</ele>
        <time>2026-08-19T05:14:32.000Z</time>
        <extensions>
          <ns3:TrackPointExtension>
            <ns3:atemp>23.0</ns3:atemp>
            <ns3:hr>151</ns3:hr>
            <ns3:cad>95</ns3:cad>
          </ns3:TrackPointExtension>
        </extensions>
      </trkpt>
      <trkpt lat="47.68434179015457630157470703125" lon="-122.3351272009313106536865234375">
        <ele>44.40000152587890625</ele>
        <time>2026-08-19T05:14:38.000Z</time>
        <extensions>
          <ns3:TrackPointExtension>
            <ns3:atemp>23.0</ns3:atemp>
            <ns3:hr>150</ns3:hr>
            <ns3:cad>94</ns3:cad>
          </ns3:TrackPointExtension>
        </extensions>
      </trkpt>
      <trkpt lat="47.6843646727502346038818359375" lon="-122.3351575434207916259765625">
        <ele>44.59999847412109375</ele>
        <time>2026-08-19T05:14:39.000Z</time>
        <extensions>
          <ns3:TrackPointExtension>
            <ns3:atemp>23.0</ns3:atemp>
            <ns3:hr>150</ns3:hr>
            <ns3:cad>94</ns3:cad>
          </ns3:TrackPointExtension>
        </extensions>
      </trkpt>
      <trkpt lat="47.68451445735991001129150390625" lon="-122.3353223316371440887451171875">
        <ele>44.200000762939453125</ele>
        <time>2026-08-19T05:14:45.000Z</time>
        <extensions>
          <ns3:TrackPointExtension>
            <ns3:atemp>23.0</ns3:atemp>
            <ns3:hr>149</ns3:hr>
            <ns3:cad>95</ns3:cad>
          </ns3:TrackPointExtension>
        </extensions>
      </trkpt>
      <trkpt lat="47.68456843681633472442626953125" lon="-122.33538075350224971771240234375">
        <ele>44</ele>
        <time>2026-08-19T05:14:47.000Z</time>
        <extensions>
          <ns3:TrackPointExtension>
            <ns3:atemp>23.0</ns3:atemp>
            <ns3:hr>148</ns3:hr>
            <ns3:cad>95</ns3:cad>
          </ns3:TrackPointExtension>
        </extensions>
      </trkpt>
      <trkpt lat="47.6847113482654094696044921875" lon="-122.33550832606852054595947265625">
        <ele>44</ele>
        <time>2026-08-19T05:14:52.000Z</time>
        <extensions>
          <ns3:TrackPointExtension>
            <ns3:atemp>23.0</ns3:atemp>
            <ns3:hr>145</ns3:hr>
            <ns3:cad>93</ns3:cad>
          </ns3:TrackPointExtension>
        </extensions>
      </trkpt>
      <trkpt lat="47.68476004712283611297607421875" lon="-122.335585691034793853759765625">
        <ele>44</ele>
        <time>2026-08-19T05:14:55.000Z</time>
        <extensions>
          <ns3:TrackPointExtension>
            <ns3:atemp>23.0</ns3:atemp>
            <ns3:hr>147</ns3:hr>
            <ns3:cad>94</ns3:cad>
          </ns3:TrackPointExtension>
        </extensions>
      </trkpt>
      <trkpt lat="47.6848974265158176422119140625" lon="-122.3357578553259372711181640625">
        <ele>44</ele>
        <time>2026-08-19T05:15:02.000Z</time>
        <extensions>
          <ns3:TrackPointExtension>
            <ns3:atemp>23.0</ns3:atemp>
            <ns3:hr>146</ns3:hr>
            <ns3:cad>95</ns3:cad>
          </ns3:TrackPointExtension>
        </extensions>
      </trkpt>
      <trkpt lat="47.685041092336177825927734375" lon="-122.33585366047918796539306640625">
        <ele>43.59999847412109375</ele>
        <time>2026-08-19T05:15:07.000Z</time>
        <extensions>
          <ns3:TrackPointExtension>
            <ns3:atemp>23.0</ns3:atemp>
            <ns3:hr>147</ns3:hr>
            <ns3:cad>94</ns3:cad>
          </ns3:TrackPointExtension>
        </extensions>
      </trkpt>
      <trkpt lat="47.68516640178859233856201171875" lon="-122.3359394073486328125">
        <ele>44</ele>
        <time>2026-08-19T05:15:13.000Z</time>
        <extensions>
          <ns3:TrackPointExtension>
            <ns3:atemp>23.0</ns3:atemp>
            <ns3:hr>147</ns3:hr>
            <ns3:cad>94</ns3:cad>
          </ns3:TrackPointExtension>
        </extensions>
      </trkpt>
      <trkpt lat="47.68521719612181186676025390625" lon="-122.33598357997834682464599609375">
        <ele>44.40000152587890625</ele>
        <time>2026-08-19T05:15:19.000Z</time>
        <extensions>
          <ns3:TrackPointExtension>
            <ns3:atemp>23.0</ns3:atemp>
            <ns3:hr>146</ns3:hr>
            <ns3:cad>0</ns3:cad>
          </ns3:TrackPointExtension>
        </extensions>
      </trkpt>
      <trkpt lat="47.68531501293182373046875" lon="-122.33610511757433414459228515625">
        <ele>44.200000762939453125</ele>
        <time>2026-08-19T05:15:26.000Z</time>
        <extensions>
          <ns3:TrackPointExtension>
            <ns3:atemp>23.0</ns3:atemp>
            <ns3:hr>147</ns3:hr>
            <ns3:cad>94</ns3:cad>
          </ns3:TrackPointExtension>
        </extensions>
      </trkpt>
      <trkpt lat="47.685348875820636749267578125" lon="-122.33614753000438213348388671875">
        <ele>44.200000762939453125</ele>
        <time>2026-08-19T05:15:28.000Z</time>
        <extensions>
          <ns3:TrackPointExtension>
            <ns3:atemp>23.0</ns3:atemp>
            <ns3:hr>146</ns3:hr>
            <ns3:cad>94</ns3:cad>
          </ns3:TrackPointExtension>
        </extensions>
      </trkpt>
      <trkpt lat="47.68541090190410614013671875" lon="-122.33621207065880298614501953125">
        <ele>43.59999847412109375</ele>
        <time>2026-08-19T05:15:31.000Z</time>
        <extensions>
          <ns3:TrackPointExtension>
            <ns3:atemp>23.0</ns3:atemp>
            <ns3:hr>145</ns3:hr>
            <ns3:cad>97</ns3:cad>
          </ns3:TrackPointExtension>
        </extensions>
      </trkpt>
      <trkpt lat="47.6854734309017658233642578125" lon="-122.3363430798053741455078125">
        <ele>43</ele>
        <time>2026-08-19T05:15:35.000Z</time>
        <extensions>
          <ns3:TrackPointExtension>
            <ns3:atemp>23.0</ns3:atemp>
            <ns3:hr>143</ns3:hr>
            <ns3:cad>95</ns3:cad>
          </ns3:TrackPointExtension>
        </extensions>
      </trkpt>
      <trkpt lat="47.68549782223999500274658203125" lon="-122.3364206962287425994873046875">
        <ele>42.799999237060546875</ele>
        <time>2026-08-19T05:15:37.000Z</time>
        <extensions>
          <ns3:TrackPointExtension>
            <ns3:atemp>23.0</ns3:atemp>
            <ns3:hr>142</ns3:hr>
            <ns3:cad>94</ns3:cad>
          </ns3:TrackPointExtension>
        </extensions>
      </trkpt>
      <trkpt lat="47.6855458505451679229736328125" lon="-122.3365222848951816558837890625">
        <ele>43</ele>
        <time>2026-08-19T05:15:40.000Z</time>
        <extensions>
          <ns3:TrackPointExtension>
            <ns3:atemp>23.0</ns3:atemp>
            <ns3:hr>139</ns3:hr>
            <ns3:cad>95</ns3:cad>
          </ns3:TrackPointExtension>
        </extensions>
      </trkpt>
      <trkpt lat="47.68558884970843791961669921875" lon="-122.3367190919816493988037109375">
        <ele>43.200000762939453125</ele>
        <time>2026-08-19T05:15:44.000Z</time>
        <extensions>
          <ns3:TrackPointExtension>
            <ns3:atemp>23.0</ns3:atemp>
            <ns3:hr>137</ns3:hr>
            <ns3:cad>95</ns3:cad>
          </ns3:TrackPointExtension>
        </extensions>
      </trkpt>
      <trkpt lat="47.685633189976215362548828125" lon="-122.33694255352020263671875">
        <ele>43.799999237060546875</ele>
        <time>2026-08-19T05:15:50.000Z</time>
        <extensions>
          <ns3:TrackPointExtension>
            <ns3:atemp>23.0</ns3:atemp>
            <ns3:hr>134</ns3:hr>
            <ns3:cad>95</ns3:cad>
          </ns3:TrackPointExtension>
        </extensions>
      </trkpt>
      <trkpt lat="47.68563981167972087860107421875" lon="-122.33701505698263645172119140625">
        <ele>43.799999237060546875</ele>
        <time>2026-08-19T05:15:52.000Z</time>
        <extensions>
          <ns3:TrackPointExtension>
            <ns3:atemp>23.0</ns3:atemp>
            <ns3:hr>135</ns3:hr>
            <ns3:cad>95</ns3:cad>
          </ns3:TrackPointExtension>
        </extensions>
      </trkpt>
      <trkpt lat="47.685661017894744873046875" lon="-122.3372508399188518524169921875">
        <ele>43.200000762939453125</ele>
        <time>2026-08-19T05:15:58.000Z</time>
        <extensions>
          <ns3:TrackPointExtension>
            <ns3:atemp>23.0</ns3:atemp>
            <ns3:hr>136</ns3:hr>
            <ns3:cad>93</ns3:cad>
          </ns3:TrackPointExtension>
        </extensions>
      </trkpt>
      <trkpt lat="47.68562288023531436920166015625" lon="-122.33749173581600189208984375">
        <ele>43.200000762939453125</ele>
        <time>2026-08-19T05:16:04.000Z</time>
        <extensions>
          <ns3:TrackPointExtension>
            <ns3:atemp>23.0</ns3:atemp>
            <ns3:hr>138</ns3:hr>
            <ns3:cad>95</ns3:cad>
          </ns3:TrackPointExtension>
        </extensions>
      </trkpt>
      <trkpt lat="47.68559639342129230499267578125" lon="-122.3376069031655788421630859375">
        <ele>43.40000152587890625</ele>
        <time>2026-08-19T05:16:07.000Z</time>
        <extensions>
          <ns3:TrackPointExtension>
            <ns3:atemp>23.0</ns3:atemp>
            <ns3:hr>141</ns3:hr>
            <ns3:cad>95</ns3:cad>
          </ns3:TrackPointExtension>
        </extensions>
      </trkpt>
      <trkpt lat="47.6856006681919097900390625" lon="-122.33774118125438690185546875">
        <ele>43.40000152587890625</ele>
        <time>2026-08-19T05:16:10.000Z</time>
        <extensions>
          <ns3:TrackPointExtension>
            <ns3:atemp>23.0</ns3:atemp>
            <ns3:hr>139</ns3:hr>
            <ns3:cad>94</ns3:cad>
          </ns3:TrackPointExtension>
        </extensions>
      </trkpt>
      <trkpt lat="47.6855904422700405120849609375" lon="-122.33782240189611911773681640625">
        <ele>43.40000152587890625</ele>
        <time>2026-08-19T05:16:12.000Z</time>
        <extensions>
          <ns3:TrackPointExtension>
            <ns3:atemp>23.0</ns3:atemp>
            <ns3:hr>142</ns3:hr>
            <ns3:cad>94</ns3:cad>
          </ns3:TrackPointExtension>
        </extensions>
      </trkpt>
      <trkpt lat="47.68554761074483394622802734375" lon="-122.3380367271602153778076171875">
        <ele>43.40000152587890625</ele>
        <time>2026-08-19T05:16:17.000Z</time>
        <extensions>
          <ns3:TrackPointExtension>
            <ns3:atemp>23.0</ns3:atemp>
            <ns3:hr>146</ns3:hr>
            <ns3:cad>95</ns3:cad>
          </ns3:TrackPointExtension>
        </extensions>
      </trkpt>
      <trkpt lat="47.68554576672613620758056640625" lon="-122.33808123506605625152587890625">
        <ele>43.40000152587890625</ele>
        <time>2026-08-19T05:16:18.000Z</time>
        <extensions>
          <ns3:TrackPointExtension>
            <ns3:atemp>23.0</ns3:atemp>
            <ns3:hr>143</ns3:hr>
            <ns3:cad>95</ns3:cad>
          </ns3:TrackPointExtension>
        </extensions>
      </trkpt>
      <trkpt lat="47.6855250634253025054931640625" lon="-122.33815482817590236663818359375">
        <ele>43.40000152587890625</ele>
        <time>2026-08-19T05:16:20.000Z</time>
        <extensions>
          <ns3:TrackPointExtension>
            <ns3:atemp>23.0</ns3:atemp>
            <ns3:hr>146</ns3:hr>
            <ns3:cad>96</ns3:cad>
          </ns3:TrackPointExtension>
        </extensions>
      </trkpt>
      <trkpt lat="47.68550352193415164947509765625" lon="-122.33823982067406177520751953125">
        <ele>43.799999237060546875</ele>
        <time>2026-08-19T05:16:22.000Z</time>
        <extensions>
          <ns3:TrackPointExtension>
            <ns3:atemp>23.0</ns3:atemp>
            <ns3:hr>145</ns3:hr>
            <ns3:cad>96</ns3:cad>
          </ns3:TrackPointExtension>
        </extensions>
      </trkpt>
      <trkpt lat="47.6855019293725490570068359375" lon="-122.33827686868607997894287109375">
        <ele>44</ele>
        <time>2026-08-19T05:16:23.000Z</time>
        <extensions>
          <ns3:TrackPointExtension>
            <ns3:atemp>23.0</ns3:atemp>
            <ns3:hr>147</ns3:hr>
            <ns3:cad>96</ns3:cad>
          </ns3:TrackPointExtension>
        </extensions>
      </trkpt>
      <trkpt lat="47.68543495796620845794677734375" lon="-122.33842556364834308624267578125">
        <ele>44.59999847412109375</ele>
        <time>2026-08-19T05:16:27.000Z</time>
        <extensions>
          <ns3:TrackPointExtension>
            <ns3:atemp>23.0</ns3:atemp>
            <ns3:hr>145</ns3:hr>
            <ns3:cad>96</ns3:cad>
          </ns3:TrackPointExtension>
        </extensions>
      </trkpt>
      <trkpt lat="47.68530537374317646026611328125" lon="-122.33864374458789825439453125">
        <ele>43.59999847412109375</ele>
        <time>2026-08-19T05:16:34.000Z</time>
        <extensions>
          <ns3:TrackPointExtension>
            <ns3:atemp>23.0</ns3:atemp>
            <ns3:hr>146</ns3:hr>
            <ns3:cad>95</ns3:cad>
          </ns3:TrackPointExtension>
        </extensions>
      </trkpt>
      <trkpt lat="47.6851582713425159454345703125" lon="-122.33885723166167736053466796875">
        <ele>44</ele>
        <time>2026-08-19T05:16:41.000Z</time>
        <extensions>
          <ns3:TrackPointExtension>
            <ns3:atemp>23.0</ns3:atemp>
            <ns3:hr>148</ns3:hr>
            <ns3:cad>95</ns3:cad>
          </ns3:TrackPointExtension>
        </extensions>
      </trkpt>
      <trkpt lat="47.6851398311555385589599609375" lon="-122.33889210037887096405029296875">
        <ele>43.799999237060546875</ele>
        <time>2026-08-19T05:16:42.000Z</time>
        <extensions>
          <ns3:TrackPointExtension>
            <ns3:atemp>23.0</ns3:atemp>
            <ns3:hr>148</ns3:hr>
            <ns3:cad>96</ns3:cad>
          </ns3:TrackPointExtension>
        </extensions>
      </trkpt>
      <trkpt lat="47.68505207262933254241943359375" lon="-122.33908832073211669921875">
        <ele>44</ele>
        <time>2026-08-19T05:16:48.000Z</time>
        <extensions>
          <ns3:TrackPointExtension>
            <ns3:atemp>23.0</ns3:atemp>
            <ns3:hr>148</ns3:hr>
            <ns3:cad>97</ns3:cad>
          </ns3:TrackPointExtension>
        </extensions>
      </trkpt>
      <trkpt lat="47.68505056388676166534423828125" lon="-122.33920608647167682647705078125">
        <ele>44</ele>
        <time>2026-08-19T05:16:51.000Z</time>
        <extensions>
          <ns3:TrackPointExtension>
            <ns3:atemp>23.0</ns3:atemp>
            <ns3:hr>145</ns3:hr>
            <ns3:cad>97</ns3:cad>
          </ns3:TrackPointExtension>
        </extensions>
      </trkpt>
      <trkpt lat="47.685041762888431549072265625" lon="-122.33934371732175350189208984375">
        <ele>44</ele>
        <time>2026-08-19T05:16:54.000Z</time>
        <extensions>
          <ns3:TrackPointExtension>
            <ns3:atemp>23.0</ns3:atemp>
            <ns3:hr>143</ns3:hr>
            <ns3:cad>97</ns3:cad>
          </ns3:TrackPointExtension>
        </extensions>
      </trkpt>
      <trkpt lat="47.6849354803562164306640625" lon="-122.33958117663860321044921875">
        <ele>44.40000152587890625</ele>
        <time>2026-08-19T05:17:01.000Z</time>
        <extensions>
          <ns3:TrackPointExtension>
            <ns3:atemp>23.0</ns3:atemp>
            <ns3:hr>144</ns3:hr>
            <ns3:cad>95</ns3:cad>
          </ns3:TrackPointExtension>
        </extensions>
      </trkpt>
      <trkpt lat="47.68492273986339569091796875" lon="-122.33961327932775020599365234375">
        <ele>44.40000152587890625</ele>
        <time>2026-08-19T05:17:02.000Z</time>
        <extensions>
          <ns3:TrackPointExtension>
            <ns3:atemp>23.0</ns3:atemp>
            <ns3:hr>143</ns3:hr>
            <ns3:cad>98</ns3:cad>
          </ns3:TrackPointExtension>
        </extensions>
      </trkpt>
      <trkpt lat="47.684884853661060333251953125" lon="-122.339711599051952362060546875">
        <ele>45.200000762939453125</ele>
        <time>2026-08-19T05:17:06.000Z</time>
        <extensions>
          <ns3:TrackPointExtension>
            <ns3:atemp>23.0</ns3:atemp>
            <ns3:hr>143</ns3:hr>
            <ns3:cad>98</ns3:cad>
          </ns3:TrackPointExtension>
        </extensions>
      </trkpt>
      <trkpt lat="47.6848058961331844329833984375" lon="-122.33990848995745182037353515625">
        <ele>45.799999237060546875</ele>
        <time>2026-08-19T05:17:11.000Z</time>
        <extensions>
          <ns3:TrackPointExtension>
            <ns3:atemp>23.0</ns3:atemp>
            <ns3:hr>143</ns3:hr>
            <ns3:cad>96</ns3:cad>
          </ns3:TrackPointExtension>
        </extensions>
      </trkpt>
      <trkpt lat="47.68476222641766071319580078125" lon="-122.3401798121631145477294921875">
        <ele>45.59999847412109375</ele>
        <time>2026-08-19T05:17:18.000Z</time>
        <extensions>
          <ns3:TrackPointExtension>
            <ns3:atemp>23.0</ns3:atemp>
            <ns3:hr>143</ns3:hr>
            <ns3:cad>96</ns3:cad>
          </ns3:TrackPointExtension>
        </extensions>
      </trkpt>
      <trkpt lat="47.68476314842700958251953125" lon="-122.34024309553205966949462890625">
        <ele>46.40000152587890625</ele>
        <time>2026-08-19T05:17:20.000Z</time>
        <extensions>
          <ns3:TrackPointExtension>
            <ns3:atemp>23.0</ns3:atemp>
            <ns3:hr>145</ns3:hr>
            <ns3:cad>95</ns3:cad>
          </ns3:TrackPointExtension>
        </extensions>
      </trkpt>
      <trkpt lat="47.68476180732250213623046875" lon="-122.340332530438899993896484375">
        <ele>46.799999237060546875</ele>
        <time>2026-08-19T05:17:23.000Z</time>
        <extensions>
          <ns3:TrackPointExtension>
            <ns3:atemp>23.0</ns3:atemp>
            <ns3:hr>142</ns3:hr>
            <ns3:cad>95</ns3:cad>
          </ns3:TrackPointExtension>
        </extensions>
      </trkpt>
      <trkpt lat="47.68476541154086589813232421875" lon="-122.34036530368030071258544921875">
        <ele>47</ele>
        <time>2026-08-19T05:17:24.000Z</time>
        <extensions>
          <ns3:TrackPointExtension>
            <ns3:atemp>23.0</ns3:atemp>
            <ns3:hr>145</ns3:hr>
            <ns3:cad>95</ns3:cad>
          </ns3:TrackPointExtension>
        </extensions>
      </trkpt>
      <trkpt lat="47.68477412872016429901123046875" lon="-122.34043051488697528839111328125">
        <ele>47.200000762939453125</ele>
        <time>2026-08-19T05:17:26.000Z</time>
        <extensions>
          <ns3:TrackPointExtension>
            <ns3:atemp>23.0</ns3:atemp>
            <ns3:hr>145</ns3:hr>
            <ns3:cad>95</ns3:cad>
          </ns3:TrackPointExtension>
        </extensions>
      </trkpt>
      <trkpt lat="47.684773541986942291259765625" lon="-122.3405352048575878143310546875">
        <ele>47.40000152587890625</ele>
        <time>2026-08-19T05:17:29.000Z</time>
        <extensions>
          <ns3:TrackPointExtension>
            <ns3:atemp>23.0</ns3:atemp>
            <ns3:hr>145</ns3:hr>
            <ns3:cad>95</ns3:cad>
          </ns3:TrackPointExtension>
        </extensions>
      </trkpt>
      <trkpt lat="47.68476784229278564453125" lon="-122.3407351970672607421875">
        <ele>48</ele>
        <time>2026-08-19T05:17:35.000Z</time>
        <extensions>
          <ns3:TrackPointExtension>
            <ns3:atemp>23.0</ns3:atemp>
            <ns3:hr>145</ns3:hr>
            <ns3:cad>94</ns3:cad>
          </ns3:TrackPointExtension>
        </extensions>
      </trkpt>
      <trkpt lat="47.68476172350347042083740234375" lon="-122.34088246710598468780517578125">
        <ele>48.40000152587890625</ele>
        <time>2026-08-19T05:17:39.000Z</time>
        <extensions>
          <ns3:TrackPointExtension>
            <ns3:atemp>23.0</ns3:atemp>
            <ns3:hr>145</ns3:hr>
            <ns3:cad>94</ns3:cad>
          </ns3:TrackPointExtension>
        </extensions>
      </trkpt>
      <trkpt lat="47.6847659982740879058837890625" lon="-122.34093896113336086273193359375">
        <ele>48.59999847412109375</ele>
        <time>2026-08-19T05:17:41.000Z</time>
        <extensions>
          <ns3:TrackPointExtension>
            <ns3:atemp>23.0</ns3:atemp>
            <ns3:hr>145</ns3:hr>
            <ns3:cad>95</ns3:cad>
          </ns3:TrackPointExtension>
        </extensions>
      </trkpt>
      <trkpt lat="47.68478150479495525360107421875" lon="-122.34113325364887714385986328125">
        <ele>48.799999237060546875</ele>
        <time>2026-08-19T05:17:47.000Z</time>
        <extensions>
          <ns3:TrackPointExtension>
            <ns3:atemp>23.0</ns3:atemp>
            <ns3:hr>144</ns3:hr>
            <ns3:cad>91</ns3:cad>
          </ns3:TrackPointExtension>
        </extensions>
      </trkpt>
      <trkpt lat="47.68477748148143291473388671875" lon="-122.34127792529761791229248046875">
        <ele>49.200000762939453125</ele>
        <time>2026-08-19T05:17:51.000Z</time>
        <extensions>
          <ns3:TrackPointExtension>
            <ns3:atemp>23.0</ns3:atemp>
            <ns3:hr>144</ns3:hr>
            <ns3:cad>94</ns3:cad>
          </ns3:TrackPointExtension>
        </extensions>
      </trkpt>
      <trkpt lat="47.684762142598628997802734375" lon="-122.34134472906589508056640625">
        <ele>49.40000152587890625</ele>
        <time>2026-08-19T05:17:53.000Z</time>
        <extensions>
          <ns3:TrackPointExtension>
            <ns3:atemp>23.0</ns3:atemp>
            <ns3:hr>143</ns3:hr>
            <ns3:cad>94</ns3:cad>
          </ns3:TrackPointExtension>
        </extensions>
      </trkpt>
      <trkpt lat="47.6847592927515506744384765625" lon="-122.34138119034469127655029296875">
        <ele>49.59999847412109375</ele>
        <time>2026-08-19T05:17:54.000Z</time>
        <extensions>
          <ns3:TrackPointExtension>
            <ns3:atemp>23.0</ns3:atemp>
            <ns3:hr>146</ns3:hr>
            <ns3:cad>94</ns3:cad>
          </ns3:TrackPointExtension>
        </extensions>
      </trkpt>
      <trkpt lat="47.68475904129445552825927734375" lon="-122.341419495642185211181640625">
        <ele>49.59999847412109375</ele>
        <time>2026-08-19T05:17:55.000Z</time>
        <extensions>
          <ns3:TrackPointExtension>
            <ns3:atemp>23.0</ns3:atemp>
            <ns3:hr>142</ns3:hr>
            <ns3:cad>95</ns3:cad>
          </ns3:TrackPointExtension>
        </extensions>
      </trkpt>
      <trkpt lat="47.6847639866173267364501953125" lon="-122.3415517620742321014404296875">
        <ele>49.799999237060546875</ele>
        <time>2026-08-19T05:17:59.000Z</time>
        <extensions>
          <ns3:TrackPointExtension>
            <ns3:atemp>23.0</ns3:atemp>
            <ns3:hr>143</ns3:hr>
            <ns3:cad>95</ns3:cad>
          </ns3:TrackPointExtension>
        </extensions>
      </trkpt>
      <trkpt lat="47.68477479927241802215576171875" lon="-122.3415752314031124114990234375">
        <ele>50</ele>
        <time>2026-08-19T05:18:00.000Z</time>
        <extensions>
          <ns3:TrackPointExtension>
            <ns3:atemp>23.0</ns3:atemp>
            <ns3:hr>144</ns3:hr>
            <ns3:cad>95</ns3:cad>
          </ns3:TrackPointExtension>
        </extensions>
      </trkpt>
      <trkpt lat="47.6847924850881099700927734375" lon="-122.3416285403072834014892578125">
        <ele>50.40000152587890625</ele>
        <time>2026-08-19T05:18:02.000Z</time>
        <extensions>
          <ns3:TrackPointExtension>
            <ns3:atemp>23.0</ns3:atemp>
            <ns3:hr>144</ns3:hr>
            <ns3:cad>96</ns3:cad>
          </ns3:TrackPointExtension>
        </extensions>
      </trkpt>
      <trkpt lat="47.68480363301932811737060546875" lon="-122.341692745685577392578125">
        <ele>50.59999847412109375</ele>
        <time>2026-08-19T05:18:04.000Z</time>
        <extensions>
          <ns3:TrackPointExtension>
            <ns3:atemp>23.0</ns3:atemp>
            <ns3:hr>142</ns3:hr>
            <ns3:cad>96</ns3:cad>
          </ns3:TrackPointExtension>
        </extensions>
      </trkpt>
      <trkpt lat="47.6848013699054718017578125" lon="-122.34184563159942626953125">
        <ele>51.200000762939453125</ele>
        <time>2026-08-19T05:18:08.000Z</time>
        <extensions>
          <ns3:TrackPointExtension>
            <ns3:atemp>23.0</ns3:atemp>
            <ns3:hr>142</ns3:hr>
            <ns3:cad>93</ns3:cad>
          </ns3:TrackPointExtension>
        </extensions>
      </trkpt>
      <trkpt lat="47.68478116951882839202880859375" lon="-122.34211376868188381195068359375">
        <ele>51</ele>
        <time>2026-08-19T05:18:15.000Z</time>
        <extensions>
          <ns3:TrackPointExtension>
            <ns3:atemp>23.0</ns3:atemp>
            <ns3:hr>142</ns3:hr>
            <ns3:cad>95</ns3:cad>
          </ns3:TrackPointExtension>
        </extensions>
      </trkpt>
      <trkpt lat="47.68478234298527240753173828125" lon="-122.34216137789189815521240234375">
        <ele>51</ele>
        <time>2026-08-19T05:18:16.000Z</time>
        <extensions>
          <ns3:TrackPointExtension>
            <ns3:atemp>23.0</ns3:atemp>
            <ns3:hr>142</ns3:hr>
            <ns3:cad>95</ns3:cad>
          </ns3:TrackPointExtension>
        </extensions>
      </trkpt>
      <trkpt lat="47.68477329052984714508056640625" lon="-122.34237528406083583831787109375">
        <ele>51.59999847412109375</ele>
        <time>2026-08-19T05:18:22.000Z</time>
        <extensions>
          <ns3:TrackPointExtension>
            <ns3:atemp>23.0</ns3:atemp>
            <ns3:hr>143</ns3:hr>
            <ns3:cad>94</ns3:cad>
          </ns3:TrackPointExtension>
        </extensions>
      </trkpt>
      <trkpt lat="47.6847716979682445526123046875" lon="-122.342410571873188018798828125">
        <ele>51.799999237060546875</ele>
        <time>2026-08-19T05:18:23.000Z</time>
        <extensions>
          <ns3:TrackPointExtension>
            <ns3:atemp>23.0</ns3:atemp>
            <ns3:hr>143</ns3:hr>
            <ns3:cad>94</ns3:cad>
          </ns3:TrackPointExtension>
        </extensions>
      </trkpt>
      <trkpt lat="47.6847730390727519989013671875" lon="-122.342582903802394866943359375">
        <ele>51.799999237060546875</ele>
        <time>2026-08-19T05:18:28.000Z</time>
        <extensions>
          <ns3:TrackPointExtension>
            <ns3:atemp>23.0</ns3:atemp>
            <ns3:hr>140</ns3:hr>
            <ns3:cad>92</ns3:cad>
          </ns3:TrackPointExtension>
        </extensions>
      </trkpt>
      <trkpt lat="47.68477387726306915283203125" lon="-122.342609725892543792724609375">
        <ele>52</ele>
        <time>2026-08-19T05:18:29.000Z</time>
        <extensions>
          <ns3:TrackPointExtension>
            <ns3:atemp>23.0</ns3:atemp>
            <ns3:hr>140</ns3:hr>
            <ns3:cad>92</ns3:cad>
          </ns3:TrackPointExtension>
        </extensions>
      </trkpt>
      <trkpt lat="47.684778235852718353271484375" lon="-122.34271802008152008056640625">
        <ele>52.40000152587890625</ele>
        <time>2026-08-19T05:18:32.000Z</time>
        <extensions>
          <ns3:TrackPointExtension>
            <ns3:atemp>23.0</ns3:atemp>
            <ns3:hr>143</ns3:hr>
            <ns3:cad>92</ns3:cad>
          </ns3:TrackPointExtension>
        </extensions>
      </trkpt>
      <trkpt lat="47.68477697856724262237548828125" lon="-122.342839725315570831298828125">
        <ele>52.59999847412109375</ele>
        <time>2026-08-19T05:18:35.000Z</time>
        <extensions>
          <ns3:TrackPointExtension>
            <ns3:atemp>23.0</ns3:atemp>
            <ns3:hr>144</ns3:hr>
            <ns3:cad>92</ns3:cad>
          </ns3:TrackPointExtension>
        </extensions>
      </trkpt>
      <trkpt lat="47.68476792611181735992431640625" lon="-122.3429991491138935089111328125">
        <ele>52.799999237060546875</ele>
        <time>2026-08-19T05:18:40.000Z</time>
        <extensions>
          <ns3:TrackPointExtension>
            <ns3:atemp>23.0</ns3:atemp>
            <ns3:hr>143</ns3:hr>
            <ns3:cad>94</ns3:cad>
          </ns3:TrackPointExtension>
        </extensions>
      </trkpt>
      <trkpt lat="47.684770524501800537109375" lon="-122.34302781522274017333984375">
        <ele>52.799999237060546875</ele>
        <time>2026-08-19T05:18:41.000Z</time>
        <extensions>
          <ns3:TrackPointExtension>
            <ns3:atemp>23.0</ns3:atemp>
            <ns3:hr>143</ns3:hr>
            <ns3:cad>94</ns3:cad>
          </ns3:TrackPointExtension>
        </extensions>
      </trkpt>
      <trkpt lat="47.68476859666407108306884765625" lon="-122.34320484101772308349609375">
        <ele>52.799999237060546875</ele>
        <time>2026-08-19T05:18:46.000Z</time>
        <extensions>
          <ns3:TrackPointExtension>
            <ns3:atemp>23.0</ns3:atemp>
            <ns3:hr>147</ns3:hr>
            <ns3:cad>95</ns3:cad>
          </ns3:TrackPointExtension>
        </extensions>
      </trkpt>
      <trkpt lat="47.6847733743488788604736328125" lon="-122.3434195853769779205322265625">
        <ele>53.200000762939453125</ele>
        <time>2026-08-19T05:18:52.000Z</time>
        <extensions>
          <ns3:TrackPointExtension>
            <ns3:atemp>23.0</ns3:atemp>
            <ns3:hr>147</ns3:hr>
            <ns3:cad>94</ns3:cad>
          </ns3:TrackPointExtension>
        </extensions>
      </trkpt>
      <trkpt lat="47.6847772300243377685546875" lon="-122.34366274438798427581787109375">
        <ele>53.59999847412109375</ele>
        <time>2026-08-19T05:18:58.000Z</time>
        <extensions>
          <ns3:TrackPointExtension>
            <ns3:atemp>23.0</ns3:atemp>
            <ns3:hr>146</ns3:hr>
            <ns3:cad>94</ns3:cad>
          </ns3:TrackPointExtension>
        </extensions>
      </trkpt>
      <trkpt lat="47.68477194942533969879150390625" lon="-122.34390095807611942291259765625">
        <ele>53.59999847412109375</ele>
        <time>2026-08-19T05:19:04.000Z</time>
        <extensions>
          <ns3:TrackPointExtension>
            <ns3:atemp>23.0</ns3:atemp>
            <ns3:hr>147</ns3:hr>
            <ns3:cad>97</ns3:cad>
          </ns3:TrackPointExtension>
        </extensions>
      </trkpt>
      <trkpt lat="47.68476775847375392913818359375" lon="-122.3440083302557468414306640625">
        <ele>53.799999237060546875</ele>
        <time>2026-08-19T05:19:07.000Z</time>
        <extensions>
          <ns3:TrackPointExtension>
            <ns3:atemp>23.0</ns3:atemp>
            <ns3:hr>150</ns3:hr>
            <ns3:cad>97</ns3:cad>
          </ns3:TrackPointExtension>
        </extensions>
      </trkpt>
      <trkpt lat="47.684766836464405059814453125" lon="-122.34404571354389190673828125">
        <ele>53.799999237060546875</ele>
        <time>2026-08-19T05:19:08.000Z</time>
        <extensions>
          <ns3:TrackPointExtension>
            <ns3:atemp>23.0</ns3:atemp>
            <ns3:hr>153</ns3:hr>
            <ns3:cad>97</ns3:cad>
          </ns3:TrackPointExtension>
        </extensions>
      </trkpt>
      <trkpt lat="47.6847626455128192901611328125" lon="-122.34408016316592693328857421875">
        <ele>54</ele>
        <time>2026-08-19T05:19:09.000Z</time>
        <extensions>
          <ns3:TrackPointExtension>
            <ns3:atemp>23.0</ns3:atemp>
            <ns3:hr>149</ns3:hr>
            <ns3:cad>97</ns3:cad>
          </ns3:TrackPointExtension>
        </extensions>
      </trkpt>
      <trkpt lat="47.68475451506674289703369140625" lon="-122.3441575281322002410888671875">
        <ele>54.40000152587890625</ele>
        <time>2026-08-19T05:19:11.000Z</time>
        <extensions>
          <ns3:TrackPointExtension>
            <ns3:atemp>23.0</ns3:atemp>
            <ns3:hr>149</ns3:hr>
            <ns3:cad>97</ns3:cad>
          </ns3:TrackPointExtension>
        </extensions>
      </trkpt>
      <trkpt lat="47.68475652672350406646728515625" lon="-122.34423154033720493316650390625">
        <ele>54.59999847412109375</ele>
        <time>2026-08-19T05:19:13.000Z</time>
        <extensions>
          <ns3:TrackPointExtension>
            <ns3:atemp>23.0</ns3:atemp>
            <ns3:hr>146</ns3:hr>
            <ns3:cad>97</ns3:cad>
          </ns3:TrackPointExtension>
        </extensions>
      </trkpt>
      <trkpt lat="47.68476314842700958251953125" lon="-122.3443306982517242431640625">
        <ele>55</ele>
        <time>2026-08-19T05:19:16.000Z</time>
        <extensions>
          <ns3:TrackPointExtension>
            <ns3:atemp>23.0</ns3:atemp>
            <ns3:hr>145</ns3:hr>
            <ns3:cad>94</ns3:cad>
          </ns3:TrackPointExtension>
        </extensions>
      </trkpt>
      <trkpt lat="47.68478200770914554595947265625" lon="-122.3444433510303497314453125">
        <ele>55</ele>
        <time>2026-08-19T05:19:27.000Z</time>
        <extensions>
          <ns3:TrackPointExtension>
            <ns3:atemp>23.0</ns3:atemp>
            <ns3:hr>146</ns3:hr>
            <ns3:cad>0</ns3:cad>
          </ns3:TrackPointExtension>
        </extensions>
      </trkpt>
      <trkpt lat="47.68478192389011383056640625" lon="-122.34445952810347080230712890625">
        <ele>55</ele>
        <time>2026-08-19T05:19:28.000Z</time>
        <extensions>
          <ns3:TrackPointExtension>
            <ns3:atemp>23.0</ns3:atemp>
            <ns3:hr>149</ns3:hr>
            <ns3:cad>0</ns3:cad>
          </ns3:TrackPointExtension>
        </extensions>
      </trkpt>
      <trkpt lat="47.68476004712283611297607421875" lon="-122.34456966631114482879638671875">
        <ele>54.799999237060546875</ele>
        <time>2026-08-19T05:19:32.000Z</time>
        <extensions>
          <ns3:TrackPointExtension>
            <ns3:atemp>23.0</ns3:atemp>
            <ns3:hr>148</ns3:hr>
            <ns3:cad>0</ns3:cad>
          </ns3:TrackPointExtension>
        </extensions>
      </trkpt>
      <trkpt lat="47.6847700215876102447509765625" lon="-122.34467091970145702362060546875">
        <ele>54.59999847412109375</ele>
        <time>2026-08-19T05:19:35.000Z</time>
        <extensions>
          <ns3:TrackPointExtension>
            <ns3:atemp>23.0</ns3:atemp>
            <ns3:hr>144</ns3:hr>
            <ns3:cad>90</ns3:cad>
          </ns3:TrackPointExtension>
        </extensions>
      </trkpt>
      <trkpt lat="47.6847777329385280609130859375" lon="-122.34474015422165393829345703125">
        <ele>54.59999847412109375</ele>
        <time>2026-08-19T05:19:37.000Z</time>
        <extensions>
          <ns3:TrackPointExtension>
            <ns3:atemp>23.0</ns3:atemp>
            <ns3:hr>144</ns3:hr>
            <ns3:cad>92</ns3:cad>
          </ns3:TrackPointExtension>
        </extensions>
      </trkpt>
      <trkpt lat="47.68478351645171642303466796875" lon="-122.34489505179226398468017578125">
        <ele>55</ele>
        <time>2026-08-19T05:19:42.000Z</time>
        <extensions>
          <ns3:TrackPointExtension>
            <ns3:atemp>23.0</ns3:atemp>
            <ns3:hr>144</ns3:hr>
            <ns3:cad>92</ns3:cad>
          </ns3:TrackPointExtension>
        </extensions>
      </trkpt>
      <trkpt lat="47.684822492301464080810546875" lon="-122.34511180780827999114990234375">
        <ele>56</ele>
        <time>2026-08-19T05:19:49.000Z</time>
        <extensions>
          <ns3:TrackPointExtension>
            <ns3:atemp>23.0</ns3:atemp>
            <ns3:hr>143</ns3:hr>
            <ns3:cad>96</ns3:cad>
          </ns3:TrackPointExtension>
        </extensions>
      </trkpt>
    </trkseg>
  </trk>
</gpx>
