<gpx xmlns:ns3="http://www.garmin.com/xmlschemas/TrackPointExtension/v1" xmlns="http://www.topografix.com/GPX/1/1" xmlns:xsi="http://www.w3.org/2001/XMLSchema-instance" xmlns:ns2="http://www.garmin.com/xmlschemas/GpxExtensions/v3" creator="Garmin Connect" version="1.1" xsi:schemaLocation="http://www.topografix.com/GPX/1/1 http://www.topografix.com/GPX/11.xsd">
  <extensions>
<distance>2963.86</distance>
<average_hr>136.0</average_hr>
<average_speed>2.598000049591064</average_speed>
<start_time>2026-08-21T06:20:53+00:00</start_time>
<end_time>2026-08-21T06:39:53.672000+00:00</end_time>
<moving_time>1128.0</moving_time>
<elapsed_time>1177.029</elapsed_time>
</extensions>
<metadata>
    <link href="connect.garmin.com">
      <text>Garmin Connect</text>
    </link>
    <time>2026-08-21T06:20:53.000Z</time>
  </metadata>
  <trk>
    <name>Seattle Running</name>
    <type>running</type>
    <trkseg>
      <trkpt lat="47.68582421354949474334716796875" lon="-122.3484648205339908599853515625">
        <ele>112.8000030517578125</ele>
        <time>2026-08-21T06:21:10.000Z</time>
        <extensions>
          <ns3:TrackPointExtension>
            <ns3:atemp>31.0</ns3:atemp>
            <ns3:hr>72</ns3:hr>
            <ns3:cad>0</ns3:cad>
          </ns3:TrackPointExtension>
        </extensions>
      </trkpt>
      <trkpt lat="47.6858429051935672760009765625" lon="-122.34842148609459400177001953125">
        <ele>112.8000030517578125</ele>
        <time>2026-08-21T06:21:13.000Z</time>
        <extensions>
          <ns3:TrackPointExtension>
            <ns3:atemp>31.0</ns3:atemp>
            <ns3:hr>67</ns3:hr>
            <ns3:cad>0</ns3:cad>
          </ns3:TrackPointExtension>
        </extensions>
      </trkpt>
      <trkpt lat="47.68584483303129673004150390625" lon="-122.348388545215129852294921875">
        <ele>112.8000030517578125</ele>
        <time>2026-08-21T06:21:14.000Z</time>
        <extensions>
          <ns3:TrackPointExtension>
            <ns3:atemp>31.0</ns3:atemp>
            <ns3:hr>71</ns3:hr>
            <ns3:cad>0</ns3:cad>
          </ns3:TrackPointExtension>
        </extensions>
      </trkpt>
      <trkpt lat="47.6858179271221160888671875" lon="-122.34832459129393100738525390625">
        <ele>112.8000030517578125</ele>
        <time>2026-08-21T06:21:16.000Z</time>
        <extensions>
          <ns3:TrackPointExtension>
            <ns3:atemp>31.0</ns3:atemp>
            <ns3:hr>73</ns3:hr>
            <ns3:cad>91</ns3:cad>
          </ns3:TrackPointExtension>
        </extensions>
      </trkpt>
      <trkpt lat="47.685802169144153594970703125" lon="-122.34828452579677104949951171875">
        <ele>112.8000030517578125</ele>
        <time>2026-08-21T06:21:17.000Z</time>
        <extensions>
          <ns3:TrackPointExtension>
            <ns3:atemp>31.0</ns3:atemp>
            <ns3:hr>73</ns3:hr>
            <ns3:cad>91</ns3:cad>
          </ns3:TrackPointExtension>
        </extensions>
      </trkpt>
      <trkpt lat="47.6857852376997470855712890625" lon="-122.34818696044385433197021484375">
        <ele>112.8000030517578125</ele>
        <time>2026-08-21T06:21:20.000Z</time>
        <extensions>
          <ns3:TrackPointExtension>
            <ns3:atemp>31.0</ns3:atemp>
            <ns3:hr>74</ns3:hr>
            <ns3:cad>94</ns3:cad>
          </ns3:TrackPointExtension>
        </extensions>
      </trkpt>
      <trkpt lat="47.6857882551848888397216796875" lon="-122.348070703446865081787109375">
        <ele>112.59999847412109375</ele>
        <time>2026-08-21T06:21:24.000Z</time>
        <extensions>
          <ns3:TrackPointExtension>
            <ns3:atemp>31.0</ns3:atemp>
            <ns3:hr>74</ns3:hr>
            <ns3:cad>93</ns3:cad>
          </ns3:TrackPointExtension>
        </extensions>
      </trkpt>
      <trkpt lat="47.6857976429164409637451171875" lon="-122.34799786470830440521240234375">
        <ele>112</ele>
        <time>2026-08-21T06:21:26.000Z</time>
        <extensions>
          <ns3:TrackPointExtension>
            <ns3:atemp>31.0</ns3:atemp>
            <ns3:hr>76</ns3:hr>
            <ns3:cad>95</ns3:cad>
          </ns3:TrackPointExtension>
        </extensions>
      </trkpt>
      <trkpt lat="47.68580711446702480316162109375" lon="-122.347963415086269378662109375">
        <ele>111.8000030517578125</ele>
        <time>2026-08-21T06:21:27.000Z</time>
        <extensions>
          <ns3:TrackPointExtension>
            <ns3:atemp>31.0</ns3:atemp>
            <ns3:hr>75</ns3:hr>
            <ns3:cad>96</ns3:cad>
          </ns3:TrackPointExtension>
        </extensions>
      </trkpt>
      <trkpt lat="47.68581063486635684967041015625" lon="-122.34793215058743953704833984375">
        <ele>111.8000030517578125</ele>
        <time>2026-08-21T06:21:28.000Z</time>
        <extensions>
          <ns3:TrackPointExtension>
            <ns3:atemp>31.0</ns3:atemp>
            <ns3:hr>73</ns3:hr>
            <ns3:cad>96</ns3:cad>
          </ns3:TrackPointExtension>
        </extensions>
      </trkpt>
      <trkpt lat="47.68578708171844482421875" lon="-122.34775520861148834228515625">
        <ele>111.8000030517578125</ele>
        <time>2026-08-21T06:21:34.000Z</time>
        <extensions>
          <ns3:TrackPointExtension>
            <ns3:atemp>31.0</ns3:atemp>
            <ns3:hr>74</ns3:hr>
            <ns3:cad>94</ns3:cad>
          </ns3:TrackPointExtension>
        </extensions>
      </trkpt>
      <trkpt lat="47.6857798732817173004150390625" lon="-122.34772394411265850067138671875">
        <ele>111.59999847412109375</ele>
        <time>2026-08-21T06:21:35.000Z</time>
        <extensions>
          <ns3:TrackPointExtension>
            <ns3:atemp>31.0</ns3:atemp>
            <ns3:hr>78</ns3:hr>
            <ns3:cad>94</ns3:cad>
          </ns3:TrackPointExtension>
        </extensions>
      </trkpt>
      <trkpt lat="47.685772664844989776611328125" lon="-122.3476888239383697509765625">
        <ele>111.1999969482421875</ele>
        <time>2026-08-21T06:21:36.000Z</time>
        <extensions>
          <ns3:TrackPointExtension>
            <ns3:atemp>31.0</ns3:atemp>
            <ns3:hr>81</ns3:hr>
            <ns3:cad>95</ns3:cad>
          </ns3:TrackPointExtension>
        </extensions>
      </trkpt>
      <trkpt lat="47.685770653188228607177734375" lon="-122.34764917753636837005615234375">
        <ele>111.1999969482421875</ele>
        <time>2026-08-21T06:21:37.000Z</time>
        <extensions>
          <ns3:TrackPointExtension>
            <ns3:atemp>30.0</ns3:atemp>
            <ns3:hr>84</ns3:hr>
            <ns3:cad>95</ns3:cad>
          </ns3:TrackPointExtension>
        </extensions>
      </trkpt>
      <trkpt lat="47.685770653188228607177734375" lon="-122.34764917753636837005615234375">
        <ele>111</ele>
        <time>2026-08-21T06:21:38.000Z</time>
        <extensions>
          <ns3:TrackPointExtension>
            <ns3:atemp>30.0</ns3:atemp>
            <ns3:hr>87</ns3:hr>
            <ns3:cad>95</ns3:cad>
          </ns3:TrackPointExtension>
        </extensions>
      </trkpt>
      <trkpt lat="47.685768306255340576171875" lon="-122.34757994301617145538330078125">
        <ele>111</ele>
        <time>2026-08-21T06:21:39.000Z</time>
        <extensions>
          <ns3:TrackPointExtension>
            <ns3:atemp>30.0</ns3:atemp>
            <ns3:hr>89</ns3:hr>
            <ns3:cad>94</ns3:cad>
          </ns3:TrackPointExtension>
        </extensions>
      </trkpt>
      <trkpt lat="47.68575363792479038238525390625" lon="-122.3475600779056549072265625">
        <ele>110.8000030517578125</ele>
        <time>2026-08-21T06:21:40.000Z</time>
        <extensions>
          <ns3:TrackPointExtension>
            <ns3:atemp>30.0</ns3:atemp>
            <ns3:hr>92</ns3:hr>
            <ns3:cad>94</ns3:cad>
          </ns3:TrackPointExtension>
        </extensions>
      </trkpt>
      <trkpt lat="47.6857285760343074798583984375" lon="-122.3475394584238529205322265625">
        <ele>110.8000030517578125</ele>
        <time>2026-08-21T06:21:41.000Z</time>
        <extensions>
          <ns3:TrackPointExtension>
            <ns3:atemp>30.0</ns3:atemp>
            <ns3:hr>95</ns3:hr>
            <ns3:cad>94</ns3:cad>
          </ns3:TrackPointExtension>
        </extensions>
      </trkpt>
      <trkpt lat="47.6856638677418231964111328125" lon="-122.3475300706923007965087890625">
        <ele>110.59999847412109375</ele>
        <time>2026-08-21T06:21:43.000Z</time>
        <extensions>
          <ns3:TrackPointExtension>
            <ns3:atemp>30.0</ns3:atemp>
            <ns3:hr>99</ns3:hr>
            <ns3:cad>95</ns3:cad>
          </ns3:TrackPointExtension>
        </extensions>
      </trkpt>
      <trkpt lat="47.68561868928372859954833984375" lon="-122.34753468073904514312744140625">
        <ele>110.1999969482421875</ele>
        <time>2026-08-21T06:21:44.000Z</time>
        <extensions>
          <ns3:TrackPointExtension>
            <ns3:atemp>30.0</ns3:atemp>
            <ns3:hr>101</ns3:hr>
            <ns3:cad>95</ns3:cad>
          </ns3:TrackPointExtension>
        </extensions>
      </trkpt>
      <trkpt lat="47.6855683140456676483154296875" lon="-122.34752981923520565032958984375">
        <ele>110</ele>
        <time>2026-08-21T06:21:46.000Z</time>
        <extensions>
          <ns3:TrackPointExtension>
            <ns3:atemp>30.0</ns3:atemp>
            <ns3:hr>105</ns3:hr>
            <ns3:cad>96</ns3:cad>
          </ns3:TrackPointExtension>
        </extensions>
      </trkpt>
      <trkpt lat="47.68555314280092716217041015625" lon="-122.34752613119781017303466796875">
        <ele>109.8000030517578125</ele>
        <time>2026-08-21T06:21:47.000Z</time>
        <extensions>
          <ns3:TrackPointExtension>
            <ns3:atemp>30.0</ns3:atemp>
            <ns3:hr>105</ns3:hr>
            <ns3:cad>96</ns3:cad>
          </ns3:TrackPointExtension>
        </extensions>
      </trkpt>
      <trkpt lat="47.6855233870446681976318359375" lon="-122.347521521151065826416015625">
        <ele>109.59999847412109375</ele>
        <time>2026-08-21T06:21:48.000Z</time>
        <extensions>
          <ns3:TrackPointExtension>
            <ns3:atemp>30.0</ns3:atemp>
            <ns3:hr>108</ns3:hr>
            <ns3:cad>96</ns3:cad>
          </ns3:TrackPointExtension>
        </extensions>
      </trkpt>
      <trkpt lat="47.6855103112757205963134765625" lon="-122.3475049249827861785888671875">
        <ele>109.40000152587890625</ele>
        <time>2026-08-21T06:21:49.000Z</time>
        <extensions>
          <ns3:TrackPointExtension>
            <ns3:atemp>30.0</ns3:atemp>
            <ns3:hr>109</ns3:hr>
            <ns3:cad>0</ns3:cad>
          </ns3:TrackPointExtension>
        </extensions>
      </trkpt>
      <trkpt lat="47.6855166815221309661865234375" lon="-122.34747198410332202911376953125">
        <ele>109.1999969482421875</ele>
        <time>2026-08-21T06:21:51.000Z</time>
        <extensions>
          <ns3:TrackPointExtension>
            <ns3:atemp>30.0</ns3:atemp>
            <ns3:hr>110</ns3:hr>
            <ns3:cad>94</ns3:cad>
          </ns3:TrackPointExtension>
        </extensions>
      </trkpt>
      <trkpt lat="47.6855160109698772430419921875" lon="-122.347447089850902557373046875">
        <ele>109.1999969482421875</ele>
        <time>2026-08-21T06:21:52.000Z</time>
        <extensions>
          <ns3:TrackPointExtension>
            <ns3:atemp>30.0</ns3:atemp>
            <ns3:hr>110</ns3:hr>
            <ns3:cad>94</ns3:cad>
          </ns3:TrackPointExtension>
        </extensions>
      </trkpt>
      <trkpt lat="47.68545876257121562957763671875" lon="-122.347423620522022247314453125">
        <ele>109.1999969482421875</ele>
        <time>2026-08-21T06:21:54.000Z</time>
        <extensions>
          <ns3:TrackPointExtension>
            <ns3:atemp>30.0</ns3:atemp>
            <ns3:hr>111</ns3:hr>
            <ns3:cad>93</ns3:cad>
          </ns3:TrackPointExtension>
        </extensions>
      </trkpt>
      <trkpt lat="47.68533806316554546356201171875" lon="-122.34741725027561187744140625">
        <ele>109.1999969482421875</ele>
        <time>2026-08-21T06:21:59.000Z</time>
        <extensions>
          <ns3:TrackPointExtension>
            <ns3:atemp>30.0</ns3:atemp>
            <ns3:hr>113</ns3:hr>
            <ns3:cad>94</ns3:cad>
          </ns3:TrackPointExtension>
        </extensions>
      </trkpt>
      <trkpt lat="47.68532414920628070831298828125" lon="-122.347388751804828643798828125">
        <ele>109</ele>
        <time>2026-08-21T06:22:00.000Z</time>
        <extensions>
          <ns3:TrackPointExtension>
            <ns3:atemp>30.0</ns3:atemp>
            <ns3:hr>114</ns3:hr>
            <ns3:cad>94</ns3:cad>
          </ns3:TrackPointExtension>
        </extensions>
      </trkpt>
      <trkpt lat="47.68535231240093708038330078125" lon="-122.347343824803829193115234375">
        <ele>108.8000030517578125</ele>
        <time>2026-08-21T06:22:02.000Z</time>
        <extensions>
          <ns3:TrackPointExtension>
            <ns3:atemp>30.0</ns3:atemp>
            <ns3:hr>115</ns3:hr>
            <ns3:cad>95</ns3:cad>
          </ns3:TrackPointExtension>
        </extensions>
      </trkpt>
      <trkpt lat="47.6853611133992671966552734375" lon="-122.34728557057678699493408203125">
        <ele>108.59999847412109375</ele>
        <time>2026-08-21T06:22:04.000Z</time>
        <extensions>
          <ns3:TrackPointExtension>
            <ns3:atemp>30.0</ns3:atemp>
            <ns3:hr>115</ns3:hr>
            <ns3:cad>95</ns3:cad>
          </ns3:TrackPointExtension>
        </extensions>
      </trkpt>
      <trkpt lat="47.68534786999225616455078125" lon="-122.3472730815410614013671875">
        <ele>108.59999847412109375</ele>
        <time>2026-08-21T06:22:05.000Z</time>
        <extensions>
          <ns3:TrackPointExtension>
            <ns3:atemp>30.0</ns3:atemp>
            <ns3:hr>116</ns3:hr>
            <ns3:cad>95</ns3:cad>
          </ns3:TrackPointExtension>
        </extensions>
      </trkpt>
      <trkpt lat="47.68532565794885158538818359375" lon="-122.34723745845258235931396484375">
        <ele>108.40000152587890625</ele>
        <time>2026-08-21T06:22:07.000Z</time>
        <extensions>
          <ns3:TrackPointExtension>
            <ns3:atemp>30.0</ns3:atemp>
            <ns3:hr>117</ns3:hr>
            <ns3:cad>95</ns3:cad>
          </ns3:TrackPointExtension>
        </extensions>
      </trkpt>
      <trkpt lat="47.68530361354351043701171875" lon="-122.3471981473267078399658203125">
        <ele>108.1999969482421875</ele>
        <time>2026-08-21T06:22:09.000Z</time>
        <extensions>
          <ns3:TrackPointExtension>
            <ns3:atemp>30.0</ns3:atemp>
            <ns3:hr>115</ns3:hr>
            <ns3:cad>95</ns3:cad>
          </ns3:TrackPointExtension>
        </extensions>
      </trkpt>
      <trkpt lat="47.68528710119426250457763671875" lon="-122.34718515537679195404052734375">
        <ele>108.1999969482421875</ele>
        <time>2026-08-21T06:22:10.000Z</time>
        <extensions>
          <ns3:TrackPointExtension>
            <ns3:atemp>30.0</ns3:atemp>
            <ns3:hr>118</ns3:hr>
            <ns3:cad>93</ns3:cad>
          </ns3:TrackPointExtension>
        </extensions>
      </trkpt>
      <trkpt lat="47.68526128493249416351318359375" lon="-122.3471498675644397735595703125">
        <ele>108</ele>
        <time>2026-08-21T06:22:12.000Z</time>
        <extensions>
          <ns3:TrackPointExtension>
            <ns3:atemp>30.0</ns3:atemp>
            <ns3:hr>119</ns3:hr>
            <ns3:cad>93</ns3:cad>
          </ns3:TrackPointExtension>
        </extensions>
      </trkpt>
      <trkpt lat="47.6852548308670520782470703125" lon="-122.34713721089065074920654296875">
        <ele>108</ele>
        <time>2026-08-21T06:22:13.000Z</time>
        <extensions>
          <ns3:TrackPointExtension>
            <ns3:atemp>30.0</ns3:atemp>
            <ns3:hr>120</ns3:hr>
            <ns3:cad>93</ns3:cad>
          </ns3:TrackPointExtension>
        </extensions>
      </trkpt>
      <trkpt lat="47.6852417550981044769287109375" lon="-122.34713293612003326416015625">
        <ele>108</ele>
        <time>2026-08-21T06:22:14.000Z</time>
        <extensions>
          <ns3:TrackPointExtension>
            <ns3:atemp>30.0</ns3:atemp>
            <ns3:hr>120</ns3:hr>
            <ns3:cad>93</ns3:cad>
          </ns3:TrackPointExtension>
        </extensions>
      </trkpt>
      <trkpt lat="47.6851850934326648712158203125" lon="-122.34713670797646045684814453125">
        <ele>107.8000030517578125</ele>
        <time>2026-08-21T06:22:17.000Z</time>
        <extensions>
          <ns3:TrackPointExtension>
            <ns3:atemp>30.0</ns3:atemp>
            <ns3:hr>122</ns3:hr>
            <ns3:cad>93</ns3:cad>
          </ns3:TrackPointExtension>
        </extensions>
      </trkpt>
      <trkpt lat="47.6851659826934337615966796875" lon="-122.34714006073772907257080078125">
        <ele>107.59999847412109375</ele>
        <time>2026-08-21T06:22:18.000Z</time>
        <extensions>
          <ns3:TrackPointExtension>
            <ns3:atemp>29.0</ns3:atemp>
            <ns3:hr>122</ns3:hr>
            <ns3:cad>93</ns3:cad>
          </ns3:TrackPointExtension>
        </extensions>
      </trkpt>
      <trkpt lat="47.68508845008909702301025390625" lon="-122.34715112484991550445556640625">
        <ele>107.1999969482421875</ele>
        <time>2026-08-21T06:22:21.000Z</time>
        <extensions>
          <ns3:TrackPointExtension>
            <ns3:atemp>29.0</ns3:atemp>
            <ns3:hr>123</ns3:hr>
            <ns3:cad>92</ns3:cad>
          </ns3:TrackPointExtension>
        </extensions>
      </trkpt>
      <trkpt lat="47.6849059760570526123046875" lon="-122.34717291779816150665283203125">
        <ele>106.8000030517578125</ele>
        <time>2026-08-21T06:22:26.000Z</time>
        <extensions>
          <ns3:TrackPointExtension>
            <ns3:atemp>29.0</ns3:atemp>
            <ns3:hr>125</ns3:hr>
            <ns3:cad>93</ns3:cad>
          </ns3:TrackPointExtension>
        </extensions>
      </trkpt>
      <trkpt lat="47.68489264883100986480712890625" lon="-122.34717174433171749114990234375">
        <ele>106.8000030517578125</ele>
        <time>2026-08-21T06:22:27.000Z</time>
        <extensions>
          <ns3:TrackPointExtension>
            <ns3:atemp>29.0</ns3:atemp>
            <ns3:hr>125</ns3:hr>
            <ns3:cad>93</ns3:cad>
          </ns3:TrackPointExtension>
        </extensions>
      </trkpt>
      <trkpt lat="47.68483095802366733551025390625" lon="-122.3471579141914844512939453125">
        <ele>106.59999847412109375</ele>
        <time>2026-08-21T06:22:30.000Z</time>
        <extensions>
          <ns3:TrackPointExtension>
            <ns3:atemp>29.0</ns3:atemp>
            <ns3:hr>127</ns3:hr>
            <ns3:cad>93</ns3:cad>
          </ns3:TrackPointExtension>
        </extensions>
      </trkpt>
      <trkpt lat="47.68480430357158184051513671875" lon="-122.34715682454407215118408203125">
        <ele>106.59999847412109375</ele>
        <time>2026-08-21T06:22:31.000Z</time>
        <extensions>
          <ns3:TrackPointExtension>
            <ns3:atemp>29.0</ns3:atemp>
            <ns3:hr>127</ns3:hr>
            <ns3:cad>92</ns3:cad>
          </ns3:TrackPointExtension>
        </extensions>
      </trkpt>
      <trkpt lat="47.68470237962901592254638671875" lon="-122.3471441678702831268310546875">
        <ele>106</ele>
        <time>2026-08-21T06:22:35.000Z</time>
        <extensions>
          <ns3:TrackPointExtension>
            <ns3:atemp>29.0</ns3:atemp>
            <ns3:hr>127</ns3:hr>
            <ns3:cad>94</ns3:cad>
          </ns3:TrackPointExtension>
        </extensions>
      </trkpt>
      <trkpt lat="47.68469341099262237548828125" lon="-122.34712899662554264068603515625">
        <ele>106</ele>
        <time>2026-08-21T06:22:36.000Z</time>
        <extensions>
          <ns3:TrackPointExtension>
            <ns3:atemp>29.0</ns3:atemp>
            <ns3:hr>128</ns3:hr>
            <ns3:cad>95</ns3:cad>
          </ns3:TrackPointExtension>
        </extensions>
      </trkpt>
      <trkpt lat="47.6846707798540592193603515625" lon="-122.3471233807504177093505859375">
        <ele>105.8000030517578125</ele>
        <time>2026-08-21T06:22:38.000Z</time>
        <extensions>
          <ns3:TrackPointExtension>
            <ns3:atemp>29.0</ns3:atemp>
            <ns3:hr>127</ns3:hr>
            <ns3:cad>95</ns3:cad>
          </ns3:TrackPointExtension>
        </extensions>
      </trkpt>
      <trkpt lat="47.68451931886374950408935546875" lon="-122.34713301993906497955322265625">
        <ele>105.59999847412109375</ele>
        <time>2026-08-21T06:22:43.000Z</time>
        <extensions>
          <ns3:TrackPointExtension>
            <ns3:atemp>29.0</ns3:atemp>
            <ns3:hr>127</ns3:hr>
            <ns3:cad>93</ns3:cad>
          </ns3:TrackPointExtension>
        </extensions>
      </trkpt>
      <trkpt lat="47.68437749706208705902099609375" lon="-122.347139976918697357177734375">
        <ele>105.40000152587890625</ele>
        <time>2026-08-21T06:22:47.000Z</time>
        <extensions>
          <ns3:TrackPointExtension>
            <ns3:atemp>29.0</ns3:atemp>
            <ns3:hr>127</ns3:hr>
            <ns3:cad>92</ns3:cad>
          </ns3:TrackPointExtension>
        </extensions>
      </trkpt>
      <trkpt lat="47.684350423514842987060546875" lon="-122.347096391022205352783203125">
        <ele>104.8000030517578125</ele>
        <time>2026-08-21T06:22:50.000Z</time>
        <extensions>
          <ns3:TrackPointExtension>
            <ns3:atemp>29.0</ns3:atemp>
            <ns3:hr>126</ns3:hr>
            <ns3:cad>94</ns3:cad>
          </ns3:TrackPointExtension>
        </extensions>
      </trkpt>
      <trkpt lat="47.68432955257594585418701171875" lon="-122.34707417897880077362060546875">
        <ele>104.59999847412109375</ele>
        <time>2026-08-21T06:22:52.000Z</time>
        <extensions>
          <ns3:TrackPointExtension>
            <ns3:atemp>29.0</ns3:atemp>
            <ns3:hr>125</ns3:hr>
            <ns3:cad>94</ns3:cad>
          </ns3:TrackPointExtension>
        </extensions>
      </trkpt>
      <trkpt lat="47.68431429751217365264892578125" lon="-122.34706210903823375701904296875">
        <ele>104.59999847412109375</ele>
        <time>2026-08-21T06:22:53.000Z</time>
        <extensions>
          <ns3:TrackPointExtension>
            <ns3:atemp>29.0</ns3:atemp>
            <ns3:hr>124</ns3:hr>
            <ns3:cad>95</ns3:cad>
          </ns3:TrackPointExtension>
        </extensions>
      </trkpt>
      <trkpt lat="47.6842942647635936737060546875" lon="-122.34705473296344280242919921875">
        <ele>104.40000152587890625</ele>
        <time>2026-08-21T06:22:54.000Z</time>
        <extensions>
          <ns3:TrackPointExtension>
            <ns3:atemp>29.0</ns3:atemp>
            <ns3:hr>128</ns3:hr>
            <ns3:cad>95</ns3:cad>
          </ns3:TrackPointExtension>
        </extensions>
      </trkpt>
      <trkpt lat="47.68428437411785125732421875" lon="-122.34703880734741687774658203125">
        <ele>104.40000152587890625</ele>
        <time>2026-08-21T06:22:55.000Z</time>
        <extensions>
          <ns3:TrackPointExtension>
            <ns3:atemp>29.0</ns3:atemp>
            <ns3:hr>124</ns3:hr>
            <ns3:cad>95</ns3:cad>
          </ns3:TrackPointExtension>
        </extensions>
      </trkpt>
      <trkpt lat="47.6842758245766162872314453125" lon="-122.3470227979123592376708984375">
        <ele>104.40000152587890625</ele>
        <time>2026-08-21T06:22:56.000Z</time>
        <extensions>
          <ns3:TrackPointExtension>
            <ns3:atemp>29.0</ns3:atemp>
            <ns3:hr>124</ns3:hr>
            <ns3:cad>95</ns3:cad>
          </ns3:TrackPointExtension>
        </extensions>
      </trkpt>
      <trkpt lat="47.68417842686176300048828125" lon="-122.3469793796539306640625">
        <ele>104</ele>
        <time>2026-08-21T06:23:01.000Z</time>
        <extensions>
          <ns3:TrackPointExtension>
            <ns3:atemp>29.0</ns3:atemp>
            <ns3:hr>125</ns3:hr>
            <ns3:cad>93</ns3:cad>
          </ns3:TrackPointExtension>
        </extensions>
      </trkpt>
      <trkpt lat="47.68412654288113117218017578125" lon="-122.3469726741313934326171875">
        <ele>103.8000030517578125</ele>
        <time>2026-08-21T06:23:04.000Z</time>
        <extensions>
          <ns3:TrackPointExtension>
            <ns3:atemp>29.0</ns3:atemp>
            <ns3:hr>126</ns3:hr>
            <ns3:cad>92</ns3:cad>
          </ns3:TrackPointExtension>
        </extensions>
      </trkpt>
      <trkpt lat="47.6840972900390625" lon="-122.34698499552905559539794921875">
        <ele>103.59999847412109375</ele>
        <time>2026-08-21T06:23:05.000Z</time>
        <extensions>
          <ns3:TrackPointExtension>
            <ns3:atemp>29.0</ns3:atemp>
            <ns3:hr>127</ns3:hr>
            <ns3:cad>92</ns3:cad>
          </ns3:TrackPointExtension>
        </extensions>
      </trkpt>
      <trkpt lat="47.6839645206928253173828125" lon="-122.3470751009881496429443359375">
        <ele>102.8000030517578125</ele>
        <time>2026-08-21T06:23:27.000Z</time>
        <extensions>
          <ns3:TrackPointExtension>
            <ns3:atemp>28.0</ns3:atemp>
            <ns3:hr>128</ns3:hr>
            <ns3:cad>0</ns3:cad>
          </ns3:TrackPointExtension>
        </extensions>
      </trkpt>
      <trkpt lat="47.68394951708614826202392578125" lon="-122.34707535244524478912353515625">
        <ele>102.8000030517578125</ele>
        <time>2026-08-21T06:23:28.000Z</time>
        <extensions>
          <ns3:TrackPointExtension>
            <ns3:atemp>28.0</ns3:atemp>
            <ns3:hr>128</ns3:hr>
            <ns3:cad>0</ns3:cad>
          </ns3:TrackPointExtension>
        </extensions>
      </trkpt>
      <trkpt lat="47.68388296477496623992919921875" lon="-122.34702472575008869171142578125">
        <ele>102.59999847412109375</ele>
        <time>2026-08-21T06:23:32.000Z</time>
        <extensions>
          <ns3:TrackPointExtension>
            <ns3:atemp>28.0</ns3:atemp>
            <ns3:hr>127</ns3:hr>
            <ns3:cad>88</ns3:cad>
          </ns3:TrackPointExtension>
        </extensions>
      </trkpt>
      <trkpt lat="47.68371012993156909942626953125" lon="-122.3469825647771358489990234375">
        <ele>102.40000152587890625</ele>
        <time>2026-08-21T06:23:37.000Z</time>
        <extensions>
          <ns3:TrackPointExtension>
            <ns3:atemp>28.0</ns3:atemp>
            <ns3:hr>127</ns3:hr>
            <ns3:cad>94</ns3:cad>
          </ns3:TrackPointExtension>
        </extensions>
      </trkpt>
      <trkpt lat="47.68351566977798938751220703125" lon="-122.346901930868625640869140625">
        <ele>102.1999969482421875</ele>
        <time>2026-08-21T06:23:43.000Z</time>
        <extensions>
          <ns3:TrackPointExtension>
            <ns3:atemp>28.0</ns3:atemp>
            <ns3:hr>125</ns3:hr>
            <ns3:cad>94</ns3:cad>
          </ns3:TrackPointExtension>
        </extensions>
      </trkpt>
      <trkpt lat="47.68344350159168243408203125" lon="-122.346829511225223541259765625">
        <ele>102.1999969482421875</ele>
        <time>2026-08-21T06:23:46.000Z</time>
        <extensions>
          <ns3:TrackPointExtension>
            <ns3:atemp>28.0</ns3:atemp>
            <ns3:hr>122</ns3:hr>
            <ns3:cad>94</ns3:cad>
          </ns3:TrackPointExtension>
        </extensions>
      </trkpt>
      <trkpt lat="47.68342816270887851715087890625" lon="-122.34681484289467334747314453125">
        <ele>101.40000152587890625</ele>
        <time>2026-08-21T06:23:47.000Z</time>
        <extensions>
          <ns3:TrackPointExtension>
            <ns3:atemp>28.0</ns3:atemp>
            <ns3:hr>121</ns3:hr>
            <ns3:cad>94</ns3:cad>
          </ns3:TrackPointExtension>
        </extensions>
      </trkpt>
      <trkpt lat="47.6834312640130519866943359375" lon="-122.34679522924125194549560546875">
        <ele>100.8000030517578125</ele>
        <time>2026-08-21T06:23:48.000Z</time>
        <extensions>
          <ns3:TrackPointExtension>
            <ns3:atemp>28.0</ns3:atemp>
            <ns3:hr>119</ns3:hr>
            <ns3:cad>94</ns3:cad>
          </ns3:TrackPointExtension>
        </extensions>
      </trkpt>
      <trkpt lat="47.6834443397819995880126953125" lon="-122.3467753641307353973388671875">
        <ele>100.40000152587890625</ele>
        <time>2026-08-21T06:23:49.000Z</time>
        <extensions>
          <ns3:TrackPointExtension>
            <ns3:atemp>28.0</ns3:atemp>
            <ns3:hr>119</ns3:hr>
            <ns3:cad>95</ns3:cad>
          </ns3:TrackPointExtension>
        </extensions>
      </trkpt>
      <trkpt lat="47.68345179967582225799560546875" lon="-122.346757762134075164794921875">
        <ele>100</ele>
        <time>2026-08-21T06:23:50.000Z</time>
        <extensions>
          <ns3:TrackPointExtension>
            <ns3:atemp>28.0</ns3:atemp>
            <ns3:hr>119</ns3:hr>
            <ns3:cad>95</ns3:cad>
          </ns3:TrackPointExtension>
        </extensions>
      </trkpt>
      <trkpt lat="47.68345632590353488922119140625" lon="-122.34673839993774890899658203125">
        <ele>100</ele>
        <time>2026-08-21T06:23:52.000Z</time>
        <extensions>
          <ns3:TrackPointExtension>
            <ns3:atemp>28.0</ns3:atemp>
            <ns3:hr>118</ns3:hr>
            <ns3:cad>95</ns3:cad>
          </ns3:TrackPointExtension>
        </extensions>
      </trkpt>
      <trkpt lat="47.6834624446928501129150390625" lon="-122.3467364721000194549560546875">
        <ele>99.8000030517578125</ele>
        <time>2026-08-21T06:23:53.000Z</time>
        <extensions>
          <ns3:TrackPointExtension>
            <ns3:atemp>28.0</ns3:atemp>
            <ns3:hr>117</ns3:hr>
            <ns3:cad>95</ns3:cad>
          </ns3:TrackPointExtension>
        </extensions>
      </trkpt>
      <trkpt lat="47.68347510136663913726806640625" lon="-122.346729934215545654296875">
        <ele>99.8000030517578125</ele>
        <time>2026-08-21T06:23:54.000Z</time>
        <extensions>
          <ns3:TrackPointExtension>
            <ns3:atemp>28.0</ns3:atemp>
            <ns3:hr>116</ns3:hr>
            <ns3:cad>95</ns3:cad>
          </ns3:TrackPointExtension>
        </extensions>
      </trkpt>
      <trkpt lat="47.6834892667829990386962890625" lon="-122.3467036150395870208740234375">
        <ele>99.1999969482421875</ele>
        <time>2026-08-21T06:23:56.000Z</time>
        <extensions>
          <ns3:TrackPointExtension>
            <ns3:atemp>28.0</ns3:atemp>
            <ns3:hr>117</ns3:hr>
            <ns3:cad>94</ns3:cad>
          </ns3:TrackPointExtension>
        </extensions>
      </trkpt>
      <trkpt lat="47.6834709942340850830078125" lon="-122.34668232500553131103515625">
        <ele>98.8000030517578125</ele>
        <time>2026-08-21T06:23:57.000Z</time>
        <extensions>
          <ns3:TrackPointExtension>
            <ns3:atemp>28.0</ns3:atemp>
            <ns3:hr>117</ns3:hr>
            <ns3:cad>94</ns3:cad>
          </ns3:TrackPointExtension>
        </extensions>
      </trkpt>
      <trkpt lat="47.6833759434521198272705078125" lon="-122.34658819623291492462158203125">
        <ele>98.1999969482421875</ele>
        <time>2026-08-21T06:24:01.000Z</time>
        <extensions>
          <ns3:TrackPointExtension>
            <ns3:atemp>28.0</ns3:atemp>
            <ns3:hr>117</ns3:hr>
            <ns3:cad>95</ns3:cad>
          </ns3:TrackPointExtension>
        </extensions>
      </trkpt>
      <trkpt lat="47.68335440196096897125244140625" lon="-122.3465641401708126068115234375">
        <ele>98</ele>
        <time>2026-08-21T06:24:02.000Z</time>
        <extensions>
          <ns3:TrackPointExtension>
            <ns3:atemp>28.0</ns3:atemp>
            <ns3:hr>117</ns3:hr>
            <ns3:cad>95</ns3:cad>
          </ns3:TrackPointExtension>
        </extensions>
      </trkpt>
      <trkpt lat="47.6832656376063823699951171875" lon="-122.34652130864560604095458984375">
        <ele>97.8000030517578125</ele>
        <time>2026-08-21T06:24:05.000Z</time>
        <extensions>
          <ns3:TrackPointExtension>
            <ns3:atemp>28.0</ns3:atemp>
            <ns3:hr>116</ns3:hr>
            <ns3:cad>96</ns3:cad>
          </ns3:TrackPointExtension>
        </extensions>
      </trkpt>
      <trkpt lat="47.68322112970054149627685546875" lon="-122.34650932252407073974609375">
        <ele>97.8000030517578125</ele>
        <time>2026-08-21T06:24:07.000Z</time>
        <extensions>
          <ns3:TrackPointExtension>
            <ns3:atemp>28.0</ns3:atemp>
            <ns3:hr>116</ns3:hr>
            <ns3:cad>96</ns3:cad>
          </ns3:TrackPointExtension>
        </extensions>
      </trkpt>
      <trkpt lat="47.68321576528251171112060546875" lon="-122.34650664031505584716796875">
        <ele>97.59999847412109375</ele>
        <time>2026-08-21T06:24:09.000Z</time>
        <extensions>
          <ns3:TrackPointExtension>
            <ns3:atemp>28.0</ns3:atemp>
            <ns3:hr>117</ns3:hr>
            <ns3:cad>0</ns3:cad>
          </ns3:TrackPointExtension>
        </extensions>
      </trkpt>
      <trkpt lat="47.68321023322641849517822265625" lon="-122.346510328352451324462890625">
        <ele>97.59999847412109375</ele>
        <time>2026-08-21T06:24:10.000Z</time>
        <extensions>
          <ns3:TrackPointExtension>
            <ns3:atemp>28.0</ns3:atemp>
            <ns3:hr>116</ns3:hr>
            <ns3:cad>0</ns3:cad>
          </ns3:TrackPointExtension>
        </extensions>
      </trkpt>
      <trkpt lat="47.6831276714801788330078125" lon="-122.34650152735412120819091796875">
        <ele>97.1999969482421875</ele>
        <time>2026-08-21T06:24:13.000Z</time>
        <extensions>
          <ns3:TrackPointExtension>
            <ns3:atemp>28.0</ns3:atemp>
            <ns3:hr>119</ns3:hr>
            <ns3:cad>94</ns3:cad>
          </ns3:TrackPointExtension>
        </extensions>
      </trkpt>
      <trkpt lat="47.683066315948963165283203125" lon="-122.34648744575679302215576171875">
        <ele>97</ele>
        <time>2026-08-21T06:24:15.000Z</time>
        <extensions>
          <ns3:TrackPointExtension>
            <ns3:atemp>28.0</ns3:atemp>
            <ns3:hr>120</ns3:hr>
            <ns3:cad>94</ns3:cad>
          </ns3:TrackPointExtension>
        </extensions>
      </trkpt>
      <trkpt lat="47.68300470896065235137939453125" lon="-122.3464603722095489501953125">
        <ele>96.59999847412109375</ele>
        <time>2026-08-21T06:24:18.000Z</time>
        <extensions>
          <ns3:TrackPointExtension>
            <ns3:atemp>28.0</ns3:atemp>
            <ns3:hr>123</ns3:hr>
            <ns3:cad>94</ns3:cad>
          </ns3:TrackPointExtension>
        </extensions>
      </trkpt>
      <trkpt lat="47.68299691379070281982421875" lon="-122.34643950127065181732177734375">
        <ele>96.59999847412109375</ele>
        <time>2026-08-21T06:24:19.000Z</time>
        <extensions>
          <ns3:TrackPointExtension>
            <ns3:atemp>28.0</ns3:atemp>
            <ns3:hr>124</ns3:hr>
            <ns3:cad>94</ns3:cad>
          </ns3:TrackPointExtension>
        </extensions>
      </trkpt>
      <trkpt lat="47.68299096263945102691650390625" lon="-122.34639826230704784393310546875">
        <ele>96.40000152587890625</ele>
        <time>2026-08-21T06:24:21.000Z</time>
        <extensions>
          <ns3:TrackPointExtension>
            <ns3:atemp>28.0</ns3:atemp>
            <ns3:hr>126</ns3:hr>
            <ns3:cad>93</ns3:cad>
          </ns3:TrackPointExtension>
        </extensions>
      </trkpt>
      <trkpt lat="47.68295609392225742340087890625" lon="-122.34635232947766780853271484375">
        <ele>96</ele>
        <time>2026-08-21T06:24:24.000Z</time>
        <extensions>
          <ns3:TrackPointExtension>
            <ns3:atemp>28.0</ns3:atemp>
            <ns3:hr>127</ns3:hr>
            <ns3:cad>93</ns3:cad>
          </ns3:TrackPointExtension>
        </extensions>
      </trkpt>
      <trkpt lat="47.68293648026883602142333984375" lon="-122.346316874027252197265625">
        <ele>96</ele>
        <time>2026-08-21T06:24:26.000Z</time>
        <extensions>
          <ns3:TrackPointExtension>
            <ns3:atemp>28.0</ns3:atemp>
            <ns3:hr>128</ns3:hr>
            <ns3:cad>94</ns3:cad>
          </ns3:TrackPointExtension>
        </extensions>
      </trkpt>
      <trkpt lat="47.68291435204446315765380859375" lon="-122.34630170278251171112060546875">
        <ele>96</ele>
        <time>2026-08-21T06:24:27.000Z</time>
        <extensions>
          <ns3:TrackPointExtension>
            <ns3:atemp>28.0</ns3:atemp>
            <ns3:hr>128</ns3:hr>
            <ns3:cad>94</ns3:cad>
          </ns3:TrackPointExtension>
        </extensions>
      </trkpt>
      <trkpt lat="47.6829032041132450103759765625" lon="-122.34628493897616863250732421875">
        <ele>95.59999847412109375</ele>
        <time>2026-08-21T06:24:28.000Z</time>
        <extensions>
          <ns3:TrackPointExtension>
            <ns3:atemp>28.0</ns3:atemp>
            <ns3:hr>128</ns3:hr>
            <ns3:cad>94</ns3:cad>
          </ns3:TrackPointExtension>
        </extensions>
      </trkpt>
      <trkpt lat="47.68287948332726955413818359375" lon="-122.3462449572980403900146484375">
        <ele>94.8000030517578125</ele>
        <time>2026-08-21T06:24:30.000Z</time>
        <extensions>
          <ns3:TrackPointExtension>
            <ns3:atemp>28.0</ns3:atemp>
            <ns3:hr>130</ns3:hr>
            <ns3:cad>94</ns3:cad>
          </ns3:TrackPointExtension>
        </extensions>
      </trkpt>
      <trkpt lat="47.68287277780473232269287109375" lon="-122.346220314502716064453125">
        <ele>94.59999847412109375</ele>
        <time>2026-08-21T06:24:31.000Z</time>
        <extensions>
          <ns3:TrackPointExtension>
            <ns3:atemp>28.0</ns3:atemp>
            <ns3:hr>131</ns3:hr>
            <ns3:cad>94</ns3:cad>
          </ns3:TrackPointExtension>
        </extensions>
      </trkpt>
      <trkpt lat="47.6828165352344512939453125" lon="-122.3461530916392803192138671875">
        <ele>94.1999969482421875</ele>
        <time>2026-08-21T06:24:35.000Z</time>
        <extensions>
          <ns3:TrackPointExtension>
            <ns3:atemp>28.0</ns3:atemp>
            <ns3:hr>130</ns3:hr>
            <ns3:cad>94</ns3:cad>
          </ns3:TrackPointExtension>
        </extensions>
      </trkpt>
      <trkpt lat="47.6827949099242687225341796875" lon="-122.3461534269154071807861328125">
        <ele>94.1999969482421875</ele>
        <time>2026-08-21T06:24:36.000Z</time>
        <extensions>
          <ns3:TrackPointExtension>
            <ns3:atemp>28.0</ns3:atemp>
            <ns3:hr>130</ns3:hr>
            <ns3:cad>94</ns3:cad>
          </ns3:TrackPointExtension>
        </extensions>
      </trkpt>
      <trkpt lat="47.6827871985733509063720703125" lon="-122.3460575379431247711181640625">
        <ele>93.8000030517578125</ele>
        <time>2026-08-21T06:24:40.000Z</time>
        <extensions>
          <ns3:TrackPointExtension>
            <ns3:atemp>28.0</ns3:atemp>
            <ns3:hr>132</ns3:hr>
            <ns3:cad>94</ns3:cad>
          </ns3:TrackPointExtension>
        </extensions>
      </trkpt>
      <trkpt lat="47.68278342671692371368408203125" lon="-122.34602593816816806793212890625">
        <ele>93.59999847412109375</ele>
        <time>2026-08-21T06:24:41.000Z</time>
        <extensions>
          <ns3:TrackPointExtension>
            <ns3:atemp>28.0</ns3:atemp>
            <ns3:hr>131</ns3:hr>
            <ns3:cad>94</ns3:cad>
          </ns3:TrackPointExtension>
        </extensions>
      </trkpt>
      <trkpt lat="47.68275191076099872589111328125" lon="-122.34600598923861980438232421875">
        <ele>93</ele>
        <time>2026-08-21T06:24:43.000Z</time>
        <extensions>
          <ns3:TrackPointExtension>
            <ns3:atemp>27.0</ns3:atemp>
            <ns3:hr>130</ns3:hr>
            <ns3:cad>94</ns3:cad>
          </ns3:TrackPointExtension>
        </extensions>
      </trkpt>
      <trkpt lat="47.68271134234964847564697265625" lon="-122.34596206806600093841552734375">
        <ele>92.8000030517578125</ele>
        <time>2026-08-21T06:24:46.000Z</time>
        <extensions>
          <ns3:TrackPointExtension>
            <ns3:atemp>27.0</ns3:atemp>
            <ns3:hr>126</ns3:hr>
            <ns3:cad>94</ns3:cad>
          </ns3:TrackPointExtension>
        </extensions>
      </trkpt>
      <trkpt lat="47.6826869510114192962646484375" lon="-122.34595586545765399932861328125">
        <ele>92.8000030517578125</ele>
        <time>2026-08-21T06:24:47.000Z</time>
        <extensions>
          <ns3:TrackPointExtension>
            <ns3:atemp>27.0</ns3:atemp>
            <ns3:hr>126</ns3:hr>
            <ns3:cad>95</ns3:cad>
          </ns3:TrackPointExtension>
        </extensions>
      </trkpt>
      <trkpt lat="47.68265887163579463958740234375" lon="-122.3459613136947154998779296875">
        <ele>92.59999847412109375</ele>
        <time>2026-08-21T06:24:48.000Z</time>
        <extensions>
          <ns3:TrackPointExtension>
            <ns3:atemp>27.0</ns3:atemp>
            <ns3:hr>126</ns3:hr>
            <ns3:cad>95</ns3:cad>
          </ns3:TrackPointExtension>
        </extensions>
      </trkpt>
      <trkpt lat="47.6825630664825439453125" lon="-122.34599006362259387969970703125">
        <ele>92</ele>
        <time>2026-08-21T06:24:51.000Z</time>
        <extensions>
          <ns3:TrackPointExtension>
            <ns3:atemp>27.0</ns3:atemp>
            <ns3:hr>123</ns3:hr>
            <ns3:cad>95</ns3:cad>
          </ns3:TrackPointExtension>
        </extensions>
      </trkpt>
      <trkpt lat="47.68255409784615039825439453125" lon="-122.34596424736082553863525390625">
        <ele>91.8000030517578125</ele>
        <time>2026-08-21T06:24:52.000Z</time>
        <extensions>
          <ns3:TrackPointExtension>
            <ns3:atemp>27.0</ns3:atemp>
            <ns3:hr>124</ns3:hr>
            <ns3:cad>96</ns3:cad>
          </ns3:TrackPointExtension>
        </extensions>
      </trkpt>
      <trkpt lat="47.68255527131259441375732421875" lon="-122.34592217020690441131591796875">
        <ele>91.8000030517578125</ele>
        <time>2026-08-21T06:24:53.000Z</time>
        <extensions>
          <ns3:TrackPointExtension>
            <ns3:atemp>27.0</ns3:atemp>
            <ns3:hr>121</ns3:hr>
            <ns3:cad>96</ns3:cad>
          </ns3:TrackPointExtension>
        </extensions>
      </trkpt>
      <trkpt lat="47.682578153908252716064453125" lon="-122.34580415301024913787841796875">
        <ele>91.59999847412109375</ele>
        <time>2026-08-21T06:24:55.000Z</time>
        <extensions>
          <ns3:TrackPointExtension>
            <ns3:atemp>27.0</ns3:atemp>
            <ns3:hr>121</ns3:hr>
            <ns3:cad>97</ns3:cad>
          </ns3:TrackPointExtension>
        </extensions>
      </trkpt>
      <trkpt lat="47.68260824494063854217529296875" lon="-122.345714382827281951904296875">
        <ele>91.40000152587890625</ele>
        <time>2026-08-21T06:24:57.000Z</time>
        <extensions>
          <ns3:TrackPointExtension>
            <ns3:atemp>27.0</ns3:atemp>
            <ns3:hr>119</ns3:hr>
            <ns3:cad>95</ns3:cad>
          </ns3:TrackPointExtension>
        </extensions>
      </trkpt>
      <trkpt lat="47.6826182194054126739501953125" lon="-122.345643974840641021728515625">
        <ele>91</ele>
        <time>2026-08-21T06:24:59.000Z</time>
        <extensions>
          <ns3:TrackPointExtension>
            <ns3:atemp>27.0</ns3:atemp>
            <ns3:hr>116</ns3:hr>
            <ns3:cad>94</ns3:cad>
          </ns3:TrackPointExtension>
        </extensions>
      </trkpt>
      <trkpt lat="47.6826071552932262420654296875" lon="-122.3456154763698577880859375">
        <ele>90.8000030517578125</ele>
        <time>2026-08-21T06:25:01.000Z</time>
        <extensions>
          <ns3:TrackPointExtension>
            <ns3:atemp>27.0</ns3:atemp>
            <ns3:hr>117</ns3:hr>
            <ns3:cad>95</ns3:cad>
          </ns3:TrackPointExtension>
        </extensions>
      </trkpt>
      <trkpt lat="47.682562731206417083740234375" lon="-122.34565629623830318450927734375">
        <ele>90.8000030517578125</ele>
        <time>2026-08-21T06:25:03.000Z</time>
        <extensions>
          <ns3:TrackPointExtension>
            <ns3:atemp>27.0</ns3:atemp>
            <ns3:hr>116</ns3:hr>
            <ns3:cad>95</ns3:cad>
          </ns3:TrackPointExtension>
        </extensions>
      </trkpt>
      <trkpt lat="47.6825152896344661712646484375" lon="-122.3457133769989013671875">
        <ele>90.59999847412109375</ele>
        <time>2026-08-21T06:25:05.000Z</time>
        <extensions>
          <ns3:TrackPointExtension>
            <ns3:atemp>27.0</ns3:atemp>
            <ns3:hr>118</ns3:hr>
            <ns3:cad>94</ns3:cad>
          </ns3:TrackPointExtension>
        </extensions>
      </trkpt>
      <trkpt lat="47.68248301930725574493408203125" lon="-122.34576341696083545684814453125">
        <ele>90.40000152587890625</ele>
        <time>2026-08-21T06:25:07.000Z</time>
        <extensions>
          <ns3:TrackPointExtension>
            <ns3:atemp>27.0</ns3:atemp>
            <ns3:hr>119</ns3:hr>
            <ns3:cad>94</ns3:cad>
          </ns3:TrackPointExtension>
        </extensions>
      </trkpt>
      <trkpt lat="47.68242962658405303955078125" lon="-122.34585276804864406585693359375">
        <ele>90.8000030517578125</ele>
        <time>2026-08-21T06:25:10.000Z</time>
        <extensions>
          <ns3:TrackPointExtension>
            <ns3:atemp>27.0</ns3:atemp>
            <ns3:hr>119</ns3:hr>
            <ns3:cad>96</ns3:cad>
          </ns3:TrackPointExtension>
        </extensions>
      </trkpt>
      <trkpt lat="47.68228705041110515594482421875" lon="-122.346055023372173309326171875">
        <ele>90.59999847412109375</ele>
        <time>2026-08-21T06:25:16.000Z</time>
        <extensions>
          <ns3:TrackPointExtension>
            <ns3:atemp>27.0</ns3:atemp>
            <ns3:hr>121</ns3:hr>
            <ns3:cad>95</ns3:cad>
          </ns3:TrackPointExtension>
        </extensions>
      </trkpt>
      <trkpt lat="47.6822406984865665435791015625" lon="-122.3461028002202510833740234375">
        <ele>90.59999847412109375</ele>
        <time>2026-08-21T06:25:17.000Z</time>
        <extensions>
          <ns3:TrackPointExtension>
            <ns3:atemp>27.0</ns3:atemp>
            <ns3:hr>121</ns3:hr>
            <ns3:cad>95</ns3:cad>
          </ns3:TrackPointExtension>
        </extensions>
      </trkpt>
      <trkpt lat="47.68217213451862335205078125" lon="-122.34616675414144992828369140625">
        <ele>90.40000152587890625</ele>
        <time>2026-08-21T06:25:18.000Z</time>
        <extensions>
          <ns3:TrackPointExtension>
            <ns3:atemp>27.0</ns3:atemp>
            <ns3:hr>121</ns3:hr>
            <ns3:cad>95</ns3:cad>
          </ns3:TrackPointExtension>
        </extensions>
      </trkpt>
      <trkpt lat="47.68208898603916168212890625" lon="-122.34621226787567138671875">
        <ele>90.40000152587890625</ele>
        <time>2026-08-21T06:25:20.000Z</time>
        <extensions>
          <ns3:TrackPointExtension>
            <ns3:atemp>27.0</ns3:atemp>
            <ns3:hr>122</ns3:hr>
            <ns3:cad>95</ns3:cad>
          </ns3:TrackPointExtension>
        </extensions>
      </trkpt>
      <trkpt lat="47.6820593141019344329833984375" lon="-122.3462298698723316192626953125">
        <ele>90.40000152587890625</ele>
        <time>2026-08-21T06:25:21.000Z</time>
        <extensions>
          <ns3:TrackPointExtension>
            <ns3:atemp>27.0</ns3:atemp>
            <ns3:hr>122</ns3:hr>
            <ns3:cad>95</ns3:cad>
          </ns3:TrackPointExtension>
        </extensions>
      </trkpt>
      <trkpt lat="47.68196602351963520050048828125" lon="-122.34629650600254535675048828125">
        <ele>90.8000030517578125</ele>
        <time>2026-08-21T06:25:24.000Z</time>
        <extensions>
          <ns3:TrackPointExtension>
            <ns3:atemp>27.0</ns3:atemp>
            <ns3:hr>124</ns3:hr>
            <ns3:cad>95</ns3:cad>
          </ns3:TrackPointExtension>
        </extensions>
      </trkpt>
      <trkpt lat="47.68181464634835720062255859375" lon="-122.346435226500034332275390625">
        <ele>90.8000030517578125</ele>
        <time>2026-08-21T06:25:28.000Z</time>
        <extensions>
          <ns3:TrackPointExtension>
            <ns3:atemp>27.0</ns3:atemp>
            <ns3:hr>126</ns3:hr>
            <ns3:cad>96</ns3:cad>
          </ns3:TrackPointExtension>
        </extensions>
      </trkpt>
      <trkpt lat="47.68175211735069751739501953125" lon="-122.3465006053447723388671875">
        <ele>90.59999847412109375</ele>
        <time>2026-08-21T06:25:30.000Z</time>
        <extensions>
          <ns3:TrackPointExtension>
            <ns3:atemp>27.0</ns3:atemp>
            <ns3:hr>125</ns3:hr>
            <ns3:cad>96</ns3:cad>
          </ns3:TrackPointExtension>
        </extensions>
      </trkpt>
      <trkpt lat="47.68170953728258609771728515625" lon="-122.346533797681331634521484375">
        <ele>90.59999847412109375</ele>
        <time>2026-08-21T06:25:31.000Z</time>
        <extensions>
          <ns3:TrackPointExtension>
            <ns3:atemp>27.0</ns3:atemp>
            <ns3:hr>125</ns3:hr>
            <ns3:cad>95</ns3:cad>
          </ns3:TrackPointExtension>
        </extensions>
      </trkpt>
      <trkpt lat="47.681525051593780517578125" lon="-122.34668492339551448822021484375">
        <ele>90.40000152587890625</ele>
        <time>2026-08-21T06:25:35.000Z</time>
        <extensions>
          <ns3:TrackPointExtension>
            <ns3:atemp>27.0</ns3:atemp>
            <ns3:hr>126</ns3:hr>
            <ns3:cad>95</ns3:cad>
          </ns3:TrackPointExtension>
        </extensions>
      </trkpt>
      <trkpt lat="47.68149194307625293731689453125" lon="-122.34671560116112232208251953125">
        <ele>90.59999847412109375</ele>
        <time>2026-08-21T06:25:36.000Z</time>
        <extensions>
          <ns3:TrackPointExtension>
            <ns3:atemp>27.0</ns3:atemp>
            <ns3:hr>127</ns3:hr>
            <ns3:cad>95</ns3:cad>
          </ns3:TrackPointExtension>
        </extensions>
      </trkpt>
      <trkpt lat="47.6814566552639007568359375" lon="-122.34673873521387577056884765625">
        <ele>90.59999847412109375</ele>
        <time>2026-08-21T06:25:38.000Z</time>
        <extensions>
          <ns3:TrackPointExtension>
            <ns3:atemp>27.0</ns3:atemp>
            <ns3:hr>126</ns3:hr>
            <ns3:cad>94</ns3:cad>
          </ns3:TrackPointExtension>
        </extensions>
      </trkpt>
      <trkpt lat="47.6814566552639007568359375" lon="-122.34672180376946926116943359375">
        <ele>90.59999847412109375</ele>
        <time>2026-08-21T06:25:40.000Z</time>
        <extensions>
          <ns3:TrackPointExtension>
            <ns3:atemp>27.0</ns3:atemp>
            <ns3:hr>128</ns3:hr>
            <ns3:cad>94</ns3:cad>
          </ns3:TrackPointExtension>
        </extensions>
      </trkpt>
      <trkpt lat="47.6814566552639007568359375" lon="-122.34672180376946926116943359375">
        <ele>90.59999847412109375</ele>
        <time>2026-08-21T06:25:41.000Z</time>
        <extensions>
          <ns3:TrackPointExtension>
            <ns3:atemp>27.0</ns3:atemp>
            <ns3:hr>129</ns3:hr>
            <ns3:cad>94</ns3:cad>
          </ns3:TrackPointExtension>
        </extensions>
      </trkpt>
      <trkpt lat="47.68145740963518619537353515625" lon="-122.34669171273708343505859375">
        <ele>90.40000152587890625</ele>
        <time>2026-08-21T06:25:42.000Z</time>
        <extensions>
          <ns3:TrackPointExtension>
            <ns3:atemp>27.0</ns3:atemp>
            <ns3:hr>129</ns3:hr>
            <ns3:cad>94</ns3:cad>
          </ns3:TrackPointExtension>
        </extensions>
      </trkpt>
      <trkpt lat="47.6814916916191577911376953125" lon="-122.3466132581233978271484375">
        <ele>90.40000152587890625</ele>
        <time>2026-08-21T06:25:44.000Z</time>
        <extensions>
          <ns3:TrackPointExtension>
            <ns3:atemp>27.0</ns3:atemp>
            <ns3:hr>130</ns3:hr>
            <ns3:cad>97</ns3:cad>
          </ns3:TrackPointExtension>
        </extensions>
      </trkpt>
      <trkpt lat="47.6815339364111423492431640625" lon="-122.34645970165729522705078125">
        <ele>90.40000152587890625</ele>
        <time>2026-08-21T06:25:49.000Z</time>
        <extensions>
          <ns3:TrackPointExtension>
            <ns3:atemp>27.0</ns3:atemp>
            <ns3:hr>130</ns3:hr>
            <ns3:cad>94</ns3:cad>
          </ns3:TrackPointExtension>
        </extensions>
      </trkpt>
      <trkpt lat="47.681518681347370147705078125" lon="-122.34645274467766284942626953125">
        <ele>90.40000152587890625</ele>
        <time>2026-08-21T06:25:50.000Z</time>
        <extensions>
          <ns3:TrackPointExtension>
            <ns3:atemp>27.0</ns3:atemp>
            <ns3:hr>128</ns3:hr>
            <ns3:cad>94</ns3:cad>
          </ns3:TrackPointExtension>
        </extensions>
      </trkpt>
      <trkpt lat="47.6814806275069713592529296875" lon="-122.34645945020020008087158203125">
        <ele>90.40000152587890625</ele>
        <time>2026-08-21T06:25:52.000Z</time>
        <extensions>
          <ns3:TrackPointExtension>
            <ns3:atemp>27.0</ns3:atemp>
            <ns3:hr>130</ns3:hr>
            <ns3:cad>95</ns3:cad>
          </ns3:TrackPointExtension>
        </extensions>
      </trkpt>
      <trkpt lat="47.68137820065021514892578125" lon="-122.346496917307376861572265625">
        <ele>89.8000030517578125</ele>
        <time>2026-08-21T06:25:55.000Z</time>
        <extensions>
          <ns3:TrackPointExtension>
            <ns3:atemp>27.0</ns3:atemp>
            <ns3:hr>130</ns3:hr>
            <ns3:cad>94</ns3:cad>
          </ns3:TrackPointExtension>
        </extensions>
      </trkpt>
      <trkpt lat="47.68134006299078464508056640625" lon="-122.34648945741355419158935546875">
        <ele>89.40000152587890625</ele>
        <time>2026-08-21T06:25:57.000Z</time>
        <extensions>
          <ns3:TrackPointExtension>
            <ns3:atemp>27.0</ns3:atemp>
            <ns3:hr>131</ns3:hr>
            <ns3:cad>94</ns3:cad>
          </ns3:TrackPointExtension>
        </extensions>
      </trkpt>
      <trkpt lat="47.68132061697542667388916015625" lon="-122.3464897088706493377685546875">
        <ele>89.1999969482421875</ele>
        <time>2026-08-21T06:25:58.000Z</time>
        <extensions>
          <ns3:TrackPointExtension>
            <ns3:atemp>26.0</ns3:atemp>
            <ns3:hr>129</ns3:hr>
            <ns3:cad>95</ns3:cad>
          </ns3:TrackPointExtension>
        </extensions>
      </trkpt>
      <trkpt lat="47.68127384595572948455810546875" lon="-122.34649591147899627685546875">
        <ele>88.8000030517578125</ele>
        <time>2026-08-21T06:26:00.000Z</time>
        <extensions>
          <ns3:TrackPointExtension>
            <ns3:atemp>26.0</ns3:atemp>
            <ns3:hr>128</ns3:hr>
            <ns3:cad>96</ns3:cad>
          </ns3:TrackPointExtension>
        </extensions>
      </trkpt>
      <trkpt lat="47.68125213682651519775390625" lon="-122.34649834223091602325439453125">
        <ele>88.8000030517578125</ele>
        <time>2026-08-21T06:26:01.000Z</time>
        <extensions>
          <ns3:TrackPointExtension>
            <ns3:atemp>26.0</ns3:atemp>
            <ns3:hr>127</ns3:hr>
            <ns3:cad>96</ns3:cad>
          </ns3:TrackPointExtension>
        </extensions>
      </trkpt>
      <trkpt lat="47.6811884343624114990234375" lon="-122.346509993076324462890625">
        <ele>89</ele>
        <time>2026-08-21T06:26:03.000Z</time>
        <extensions>
          <ns3:TrackPointExtension>
            <ns3:atemp>26.0</ns3:atemp>
            <ns3:hr>127</ns3:hr>
            <ns3:cad>95</ns3:cad>
          </ns3:TrackPointExtension>
        </extensions>
      </trkpt>
      <trkpt lat="47.681107632815837860107421875" lon="-122.3465379886329174041748046875">
        <ele>89</ele>
        <time>2026-08-21T06:26:05.000Z</time>
        <extensions>
          <ns3:TrackPointExtension>
            <ns3:atemp>26.0</ns3:atemp>
            <ns3:hr>127</ns3:hr>
            <ns3:cad>95</ns3:cad>
          </ns3:TrackPointExtension>
        </extensions>
      </trkpt>
      <trkpt lat="47.68104954622685909271240234375" lon="-122.34654486179351806640625">
        <ele>89</ele>
        <time>2026-08-21T06:26:07.000Z</time>
        <extensions>
          <ns3:TrackPointExtension>
            <ns3:atemp>26.0</ns3:atemp>
            <ns3:hr>125</ns3:hr>
            <ns3:cad>95</ns3:cad>
          </ns3:TrackPointExtension>
        </extensions>
      </trkpt>
      <trkpt lat="47.6810464449226856231689453125" lon="-122.34649130143225193023681640625">
        <ele>89</ele>
        <time>2026-08-21T06:26:09.000Z</time>
        <extensions>
          <ns3:TrackPointExtension>
            <ns3:atemp>26.0</ns3:atemp>
            <ns3:hr>126</ns3:hr>
            <ns3:cad>96</ns3:cad>
          </ns3:TrackPointExtension>
        </extensions>
      </trkpt>
      <trkpt lat="47.6810611970722675323486328125" lon="-122.34637814573943614959716796875">
        <ele>88.40000152587890625</ele>
        <time>2026-08-21T06:26:12.000Z</time>
        <extensions>
          <ns3:TrackPointExtension>
            <ns3:atemp>26.0</ns3:atemp>
            <ns3:hr>125</ns3:hr>
            <ns3:cad>96</ns3:cad>
          </ns3:TrackPointExtension>
        </extensions>
      </trkpt>
      <trkpt lat="47.68105725757777690887451171875" lon="-122.34632148407399654388427734375">
        <ele>88.1999969482421875</ele>
        <time>2026-08-21T06:26:14.000Z</time>
        <extensions>
          <ns3:TrackPointExtension>
            <ns3:atemp>26.0</ns3:atemp>
            <ns3:hr>124</ns3:hr>
            <ns3:cad>97</ns3:cad>
          </ns3:TrackPointExtension>
        </extensions>
      </trkpt>
      <trkpt lat="47.6810015179216861724853515625" lon="-122.3462967574596405029296875">
        <ele>88</ele>
        <time>2026-08-21T06:26:17.000Z</time>
        <extensions>
          <ns3:TrackPointExtension>
            <ns3:atemp>26.0</ns3:atemp>
            <ns3:hr>123</ns3:hr>
            <ns3:cad>96</ns3:cad>
          </ns3:TrackPointExtension>
        </extensions>
      </trkpt>
      <trkpt lat="47.68098014406859874725341796875" lon="-122.3462965898215770721435546875">
        <ele>87.8000030517578125</ele>
        <time>2026-08-21T06:26:18.000Z</time>
        <extensions>
          <ns3:TrackPointExtension>
            <ns3:atemp>26.0</ns3:atemp>
            <ns3:hr>123</ns3:hr>
            <ns3:cad>95</ns3:cad>
          </ns3:TrackPointExtension>
        </extensions>
      </trkpt>
      <trkpt lat="47.68093069083988666534423828125" lon="-122.3462908901274204254150390625">
        <ele>87.40000152587890625</ele>
        <time>2026-08-21T06:26:20.000Z</time>
        <extensions>
          <ns3:TrackPointExtension>
            <ns3:atemp>26.0</ns3:atemp>
            <ns3:hr>123</ns3:hr>
            <ns3:cad>95</ns3:cad>
          </ns3:TrackPointExtension>
        </extensions>
      </trkpt>
      <trkpt lat="47.6808214746415615081787109375" lon="-122.3462925665080547332763671875">
        <ele>87.1999969482421875</ele>
        <time>2026-08-21T06:26:23.000Z</time>
        <extensions>
          <ns3:TrackPointExtension>
            <ns3:atemp>26.0</ns3:atemp>
            <ns3:hr>123</ns3:hr>
            <ns3:cad>95</ns3:cad>
          </ns3:TrackPointExtension>
        </extensions>
      </trkpt>
      <trkpt lat="47.6807738654315471649169921875" lon="-122.34630237333476543426513671875">
        <ele>87</ele>
        <time>2026-08-21T06:26:24.000Z</time>
        <extensions>
          <ns3:TrackPointExtension>
            <ns3:atemp>26.0</ns3:atemp>
            <ns3:hr>123</ns3:hr>
            <ns3:cad>95</ns3:cad>
          </ns3:TrackPointExtension>
        </extensions>
      </trkpt>
      <trkpt lat="47.6805344782769680023193359375" lon="-122.3463810794055461883544921875">
        <ele>86.1999969482421875</ele>
        <time>2026-08-21T06:26:30.000Z</time>
        <extensions>
          <ns3:TrackPointExtension>
            <ns3:atemp>26.0</ns3:atemp>
            <ns3:hr>124</ns3:hr>
            <ns3:cad>93</ns3:cad>
          </ns3:TrackPointExtension>
        </extensions>
      </trkpt>
      <trkpt lat="47.68042065203189849853515625" lon="-122.34642642550170421600341796875">
        <ele>86</ele>
        <time>2026-08-21T06:26:33.000Z</time>
        <extensions>
          <ns3:TrackPointExtension>
            <ns3:atemp>26.0</ns3:atemp>
            <ns3:hr>123</ns3:hr>
            <ns3:cad>93</ns3:cad>
          </ns3:TrackPointExtension>
        </extensions>
      </trkpt>
      <trkpt lat="47.680374048650264739990234375" lon="-122.3464250005781650543212890625">
        <ele>86</ele>
        <time>2026-08-21T06:26:35.000Z</time>
        <extensions>
          <ns3:TrackPointExtension>
            <ns3:atemp>26.0</ns3:atemp>
            <ns3:hr>122</ns3:hr>
            <ns3:cad>94</ns3:cad>
          </ns3:TrackPointExtension>
        </extensions>
      </trkpt>
      <trkpt lat="47.6803477294743061065673828125" lon="-122.34641502611339092254638671875">
        <ele>86</ele>
        <time>2026-08-21T06:26:37.000Z</time>
        <extensions>
          <ns3:TrackPointExtension>
            <ns3:atemp>26.0</ns3:atemp>
            <ns3:hr>122</ns3:hr>
            <ns3:cad>94</ns3:cad>
          </ns3:TrackPointExtension>
        </extensions>
      </trkpt>
      <trkpt lat="47.68032283522188663482666015625" lon="-122.34640882350504398345947265625">
        <ele>85.59999847412109375</ele>
        <time>2026-08-21T06:26:39.000Z</time>
        <extensions>
          <ns3:TrackPointExtension>
            <ns3:atemp>26.0</ns3:atemp>
            <ns3:hr>122</ns3:hr>
            <ns3:cad>95</ns3:cad>
          </ns3:TrackPointExtension>
        </extensions>
      </trkpt>
      <trkpt lat="47.6802769862115383148193359375" lon="-122.34641988761723041534423828125">
        <ele>85.1999969482421875</ele>
        <time>2026-08-21T06:26:41.000Z</time>
        <extensions>
          <ns3:TrackPointExtension>
            <ns3:atemp>26.0</ns3:atemp>
            <ns3:hr>123</ns3:hr>
            <ns3:cad>95</ns3:cad>
          </ns3:TrackPointExtension>
        </extensions>
      </trkpt>
      <trkpt lat="47.68022577278316020965576171875" lon="-122.34644226729869842529296875">
        <ele>85</ele>
        <time>2026-08-21T06:26:42.000Z</time>
        <extensions>
          <ns3:TrackPointExtension>
            <ns3:atemp>26.0</ns3:atemp>
            <ns3:hr>123</ns3:hr>
            <ns3:cad>94</ns3:cad>
          </ns3:TrackPointExtension>
        </extensions>
      </trkpt>
      <trkpt lat="47.680176235735416412353515625" lon="-122.3464682511985301971435546875">
        <ele>85</ele>
        <time>2026-08-21T06:26:43.000Z</time>
        <extensions>
          <ns3:TrackPointExtension>
            <ns3:atemp>26.0</ns3:atemp>
            <ns3:hr>123</ns3:hr>
            <ns3:cad>95</ns3:cad>
          </ns3:TrackPointExtension>
        </extensions>
      </trkpt>
      <trkpt lat="47.68000449053943157196044921875" lon="-122.34654393978416919708251953125">
        <ele>84.8000030517578125</ele>
        <time>2026-08-21T06:26:46.000Z</time>
        <extensions>
          <ns3:TrackPointExtension>
            <ns3:atemp>26.0</ns3:atemp>
            <ns3:hr>124</ns3:hr>
            <ns3:cad>96</ns3:cad>
          </ns3:TrackPointExtension>
        </extensions>
      </trkpt>
      <trkpt lat="47.67996945418417453765869140625" lon="-122.34654528088867664337158203125">
        <ele>84.8000030517578125</ele>
        <time>2026-08-21T06:26:47.000Z</time>
        <extensions>
          <ns3:TrackPointExtension>
            <ns3:atemp>26.0</ns3:atemp>
            <ns3:hr>124</ns3:hr>
            <ns3:cad>96</ns3:cad>
          </ns3:TrackPointExtension>
        </extensions>
      </trkpt>
      <trkpt lat="47.67987440340220928192138671875" lon="-122.346574701368808746337890625">
        <ele>84.8000030517578125</ele>
        <time>2026-08-21T06:26:49.000Z</time>
        <extensions>
          <ns3:TrackPointExtension>
            <ns3:atemp>26.0</ns3:atemp>
            <ns3:hr>125</ns3:hr>
            <ns3:cad>94</ns3:cad>
          </ns3:TrackPointExtension>
        </extensions>
      </trkpt>
      <trkpt lat="47.67977080307900905609130859375" lon="-122.34662239439785480499267578125">
        <ele>84.40000152587890625</ele>
        <time>2026-08-21T06:26:51.000Z</time>
        <extensions>
          <ns3:TrackPointExtension>
            <ns3:atemp>26.0</ns3:atemp>
            <ns3:hr>125</ns3:hr>
            <ns3:cad>93</ns3:cad>
          </ns3:TrackPointExtension>
        </extensions>
      </trkpt>
      <trkpt lat="47.67957466654479503631591796875" lon="-122.3466995917260646820068359375">
        <ele>84</ele>
        <time>2026-08-21T06:26:55.000Z</time>
        <extensions>
          <ns3:TrackPointExtension>
            <ns3:atemp>26.0</ns3:atemp>
            <ns3:hr>122</ns3:hr>
            <ns3:cad>93</ns3:cad>
          </ns3:TrackPointExtension>
        </extensions>
      </trkpt>
      <trkpt lat="47.67954600043594837188720703125" lon="-122.3466995917260646820068359375">
        <ele>84</ele>
        <time>2026-08-21T06:26:56.000Z</time>
        <extensions>
          <ns3:TrackPointExtension>
            <ns3:atemp>26.0</ns3:atemp>
            <ns3:hr>122</ns3:hr>
            <ns3:cad>93</ns3:cad>
          </ns3:TrackPointExtension>
        </extensions>
      </trkpt>
      <trkpt lat="47.67952571623027324676513671875" lon="-122.3466965742409229278564453125">
        <ele>83.8000030517578125</ele>
        <time>2026-08-21T06:26:57.000Z</time>
        <extensions>
          <ns3:TrackPointExtension>
            <ns3:atemp>26.0</ns3:atemp>
            <ns3:hr>121</ns3:hr>
            <ns3:cad>93</ns3:cad>
          </ns3:TrackPointExtension>
        </extensions>
      </trkpt>
      <trkpt lat="47.679476179182529449462890625" lon="-122.34668609686195850372314453125">
        <ele>83.40000152587890625</ele>
        <time>2026-08-21T06:26:59.000Z</time>
        <extensions>
          <ns3:TrackPointExtension>
            <ns3:atemp>26.0</ns3:atemp>
            <ns3:hr>120</ns3:hr>
            <ns3:cad>94</ns3:cad>
          </ns3:TrackPointExtension>
        </extensions>
      </trkpt>
      <trkpt lat="47.67936788499355316162109375" lon="-122.34668903052806854248046875">
        <ele>83</ele>
        <time>2026-08-21T06:27:03.000Z</time>
        <extensions>
          <ns3:TrackPointExtension>
            <ns3:atemp>26.0</ns3:atemp>
            <ns3:hr>120</ns3:hr>
            <ns3:cad>94</ns3:cad>
          </ns3:TrackPointExtension>
        </extensions>
      </trkpt>
      <trkpt lat="47.67931985668838024139404296875" lon="-122.34670889563858509063720703125">
        <ele>82.8000030517578125</ele>
        <time>2026-08-21T06:27:04.000Z</time>
        <extensions>
          <ns3:TrackPointExtension>
            <ns3:atemp>26.0</ns3:atemp>
            <ns3:hr>120</ns3:hr>
            <ns3:cad>94</ns3:cad>
          </ns3:TrackPointExtension>
        </extensions>
      </trkpt>
      <trkpt lat="47.67917702905833721160888671875" lon="-122.34676321037113666534423828125">
        <ele>82.59999847412109375</ele>
        <time>2026-08-21T06:27:08.000Z</time>
        <extensions>
          <ns3:TrackPointExtension>
            <ns3:atemp>26.0</ns3:atemp>
            <ns3:hr>120</ns3:hr>
            <ns3:cad>94</ns3:cad>
          </ns3:TrackPointExtension>
        </extensions>
      </trkpt>
      <trkpt lat="47.679148614406585693359375" lon="-122.3467663116753101348876953125">
        <ele>82.40000152587890625</ele>
        <time>2026-08-21T06:27:09.000Z</time>
        <extensions>
          <ns3:TrackPointExtension>
            <ns3:atemp>26.0</ns3:atemp>
            <ns3:hr>120</ns3:hr>
            <ns3:cad>93</ns3:cad>
          </ns3:TrackPointExtension>
        </extensions>
      </trkpt>
      <trkpt lat="47.67903923057019710540771484375" lon="-122.3467884398996829986572265625">
        <ele>82</ele>
        <time>2026-08-21T06:27:13.000Z</time>
        <extensions>
          <ns3:TrackPointExtension>
            <ns3:atemp>26.0</ns3:atemp>
            <ns3:hr>119</ns3:hr>
            <ns3:cad>97</ns3:cad>
          </ns3:TrackPointExtension>
        </extensions>
      </trkpt>
      <trkpt lat="47.678998410701751708984375" lon="-122.34677963890135288238525390625">
        <ele>81.59999847412109375</ele>
        <time>2026-08-21T06:27:15.000Z</time>
        <extensions>
          <ns3:TrackPointExtension>
            <ns3:atemp>26.0</ns3:atemp>
            <ns3:hr>118</ns3:hr>
            <ns3:cad>97</ns3:cad>
          </ns3:TrackPointExtension>
        </extensions>
      </trkpt>
      <trkpt lat="47.67893680371344089508056640625" lon="-122.34676019288599491119384765625">
        <ele>81.40000152587890625</ele>
        <time>2026-08-21T06:27:18.000Z</time>
        <extensions>
          <ns3:TrackPointExtension>
            <ns3:atemp>26.0</ns3:atemp>
            <ns3:hr>122</ns3:hr>
            <ns3:cad>94</ns3:cad>
          </ns3:TrackPointExtension>
        </extensions>
      </trkpt>
      <trkpt lat="47.678910233080387115478515625" lon="-122.346769161522388458251953125">
        <ele>81.1999969482421875</ele>
        <time>2026-08-21T06:27:19.000Z</time>
        <extensions>
          <ns3:TrackPointExtension>
            <ns3:atemp>25.0</ns3:atemp>
            <ns3:hr>121</ns3:hr>
            <ns3:cad>94</ns3:cad>
          </ns3:TrackPointExtension>
        </extensions>
      </trkpt>
      <trkpt lat="47.67883873544633388519287109375" lon="-122.3467921279370784759521484375">
        <ele>81.40000152587890625</ele>
        <time>2026-08-21T06:27:21.000Z</time>
        <extensions>
          <ns3:TrackPointExtension>
            <ns3:atemp>25.0</ns3:atemp>
            <ns3:hr>121</ns3:hr>
            <ns3:cad>94</ns3:cad>
          </ns3:TrackPointExtension>
        </extensions>
      </trkpt>
      <trkpt lat="47.67875768244266510009765625" lon="-122.34681584872305393218994140625">
        <ele>81.1999969482421875</ele>
        <time>2026-08-21T06:27:24.000Z</time>
        <extensions>
          <ns3:TrackPointExtension>
            <ns3:atemp>25.0</ns3:atemp>
            <ns3:hr>121</ns3:hr>
            <ns3:cad>93</ns3:cad>
          </ns3:TrackPointExtension>
        </extensions>
      </trkpt>
      <trkpt lat="47.67864394001662731170654296875" lon="-122.3468410782516002655029296875">
        <ele>81</ele>
        <time>2026-08-21T06:27:28.000Z</time>
        <extensions>
          <ns3:TrackPointExtension>
            <ns3:atemp>25.0</ns3:atemp>
            <ns3:hr>120</ns3:hr>
            <ns3:cad>90</ns3:cad>
          </ns3:TrackPointExtension>
        </extensions>
      </trkpt>
      <trkpt lat="47.67856246791779994964599609375" lon="-122.34689011238515377044677734375">
        <ele>80.8000030517578125</ele>
        <time>2026-08-21T06:27:30.000Z</time>
        <extensions>
          <ns3:TrackPointExtension>
            <ns3:atemp>25.0</ns3:atemp>
            <ns3:hr>120</ns3:hr>
            <ns3:cad>88</ns3:cad>
          </ns3:TrackPointExtension>
        </extensions>
      </trkpt>
      <trkpt lat="47.67852055840194225311279296875" lon="-122.34691173769533634185791015625">
        <ele>80.8000030517578125</ele>
        <time>2026-08-21T06:27:31.000Z</time>
        <extensions>
          <ns3:TrackPointExtension>
            <ns3:atemp>25.0</ns3:atemp>
            <ns3:hr>122</ns3:hr>
            <ns3:cad>91</ns3:cad>
          </ns3:TrackPointExtension>
        </extensions>
      </trkpt>
      <trkpt lat="47.67848468385636806488037109375" lon="-122.3469222150743007659912109375">
        <ele>80.8000030517578125</ele>
        <time>2026-08-21T06:27:32.000Z</time>
        <extensions>
          <ns3:TrackPointExtension>
            <ns3:atemp>25.0</ns3:atemp>
            <ns3:hr>126</ns3:hr>
            <ns3:cad>93</ns3:cad>
          </ns3:TrackPointExtension>
        </extensions>
      </trkpt>
      <trkpt lat="47.67840287648141384124755859375" lon="-122.346964292228221893310546875">
        <ele>80.59999847412109375</ele>
        <time>2026-08-21T06:27:34.000Z</time>
        <extensions>
          <ns3:TrackPointExtension>
            <ns3:atemp>25.0</ns3:atemp>
            <ns3:hr>131</ns3:hr>
            <ns3:cad>93</ns3:cad>
          </ns3:TrackPointExtension>
        </extensions>
      </trkpt>
      <trkpt lat="47.6782358251512050628662109375" lon="-122.3470486141741275787353515625">
        <ele>79.8000030517578125</ele>
        <time>2026-08-21T06:27:38.000Z</time>
        <extensions>
          <ns3:TrackPointExtension>
            <ns3:atemp>25.0</ns3:atemp>
            <ns3:hr>133</ns3:hr>
            <ns3:cad>94</ns3:cad>
          </ns3:TrackPointExtension>
        </extensions>
      </trkpt>
      <trkpt lat="47.6780346594750881195068359375" lon="-122.34712698496878147125244140625">
        <ele>79.59999847412109375</ele>
        <time>2026-08-21T06:27:43.000Z</time>
        <extensions>
          <ns3:TrackPointExtension>
            <ns3:atemp>25.0</ns3:atemp>
            <ns3:hr>133</ns3:hr>
            <ns3:cad>94</ns3:cad>
          </ns3:TrackPointExtension>
        </extensions>
      </trkpt>
      <trkpt lat="47.67794656567275524139404296875" lon="-122.3471636138856410980224609375">
        <ele>79.40000152587890625</ele>
        <time>2026-08-21T06:27:45.000Z</time>
        <extensions>
          <ns3:TrackPointExtension>
            <ns3:atemp>25.0</ns3:atemp>
            <ns3:hr>136</ns3:hr>
            <ns3:cad>94</ns3:cad>
          </ns3:TrackPointExtension>
        </extensions>
      </trkpt>
      <trkpt lat="47.67780021764338016510009765625" lon="-122.3472082056105136871337890625">
        <ele>78.59999847412109375</ele>
        <time>2026-08-21T06:27:50.000Z</time>
        <extensions>
          <ns3:TrackPointExtension>
            <ns3:atemp>25.0</ns3:atemp>
            <ns3:hr>134</ns3:hr>
            <ns3:cad>97</ns3:cad>
          </ns3:TrackPointExtension>
        </extensions>
      </trkpt>
      <trkpt lat="47.67777490429580211639404296875" lon="-122.3472112230956554412841796875">
        <ele>78.40000152587890625</ele>
        <time>2026-08-21T06:27:51.000Z</time>
        <extensions>
          <ns3:TrackPointExtension>
            <ns3:atemp>25.0</ns3:atemp>
            <ns3:hr>133</ns3:hr>
            <ns3:cad>97</ns3:cad>
          </ns3:TrackPointExtension>
        </extensions>
      </trkpt>
      <trkpt lat="47.67762486822903156280517578125" lon="-122.34718515537679195404052734375">
        <ele>78.1999969482421875</ele>
        <time>2026-08-21T06:27:56.000Z</time>
        <extensions>
          <ns3:TrackPointExtension>
            <ns3:atemp>25.0</ns3:atemp>
            <ns3:hr>135</ns3:hr>
            <ns3:cad>94</ns3:cad>
          </ns3:TrackPointExtension>
        </extensions>
      </trkpt>
      <trkpt lat="47.67752076499164104461669921875" lon="-122.34713603742420673370361328125">
        <ele>77.8000030517578125</ele>
        <time>2026-08-21T06:28:02.000Z</time>
        <extensions>
          <ns3:TrackPointExtension>
            <ns3:atemp>25.0</ns3:atemp>
            <ns3:hr>134</ns3:hr>
            <ns3:cad>94</ns3:cad>
          </ns3:TrackPointExtension>
        </extensions>
      </trkpt>
      <trkpt lat="47.6774938590824604034423828125" lon="-122.34713503159582614898681640625">
        <ele>78</ele>
        <time>2026-08-21T06:28:03.000Z</time>
        <extensions>
          <ns3:TrackPointExtension>
            <ns3:atemp>25.0</ns3:atemp>
            <ns3:hr>133</ns3:hr>
            <ns3:cad>95</ns3:cad>
          </ns3:TrackPointExtension>
        </extensions>
      </trkpt>
      <trkpt lat="47.67737927846610546112060546875" lon="-122.3471679724752902984619140625">
        <ele>77.59999847412109375</ele>
        <time>2026-08-21T06:28:07.000Z</time>
        <extensions>
          <ns3:TrackPointExtension>
            <ns3:atemp>25.0</ns3:atemp>
            <ns3:hr>135</ns3:hr>
            <ns3:cad>94</ns3:cad>
          </ns3:TrackPointExtension>
        </extensions>
      </trkpt>
      <trkpt lat="47.67735782079398632049560546875" lon="-122.3471612669527530670166015625">
        <ele>77.59999847412109375</ele>
        <time>2026-08-21T06:28:08.000Z</time>
        <extensions>
          <ns3:TrackPointExtension>
            <ns3:atemp>25.0</ns3:atemp>
            <ns3:hr>136</ns3:hr>
            <ns3:cad>94</ns3:cad>
          </ns3:TrackPointExtension>
        </extensions>
      </trkpt>
      <trkpt lat="47.67733745276927947998046875" lon="-122.3471535556018352508544921875">
        <ele>77.40000152587890625</ele>
        <time>2026-08-21T06:28:09.000Z</time>
        <extensions>
          <ns3:TrackPointExtension>
            <ns3:atemp>25.0</ns3:atemp>
            <ns3:hr>137</ns3:hr>
            <ns3:cad>94</ns3:cad>
          </ns3:TrackPointExtension>
        </extensions>
      </trkpt>
      <trkpt lat="47.67718314193189144134521484375" lon="-122.34716688282787799835205078125">
        <ele>77.1999969482421875</ele>
        <time>2026-08-21T06:28:14.000Z</time>
        <extensions>
          <ns3:TrackPointExtension>
            <ns3:atemp>25.0</ns3:atemp>
            <ns3:hr>140</ns3:hr>
            <ns3:cad>93</ns3:cad>
          </ns3:TrackPointExtension>
        </extensions>
      </trkpt>
      <trkpt lat="47.6771535538136959075927734375" lon="-122.3471709899604320526123046875">
        <ele>77.1999969482421875</ele>
        <time>2026-08-21T06:28:15.000Z</time>
        <extensions>
          <ns3:TrackPointExtension>
            <ns3:atemp>25.0</ns3:atemp>
            <ns3:hr>137</ns3:hr>
            <ns3:cad>94</ns3:cad>
          </ns3:TrackPointExtension>
        </extensions>
      </trkpt>
      <trkpt lat="47.677125893533229827880859375" lon="-122.3471713252365589141845703125">
        <ele>77.1999969482421875</ele>
        <time>2026-08-21T06:28:16.000Z</time>
        <extensions>
          <ns3:TrackPointExtension>
            <ns3:atemp>25.0</ns3:atemp>
            <ns3:hr>141</ns3:hr>
            <ns3:cad>94</ns3:cad>
          </ns3:TrackPointExtension>
        </extensions>
      </trkpt>
      <trkpt lat="47.6771022565662860870361328125" lon="-122.3471626080572605133056640625">
        <ele>77</ele>
        <time>2026-08-21T06:28:17.000Z</time>
        <extensions>
          <ns3:TrackPointExtension>
            <ns3:atemp>25.0</ns3:atemp>
            <ns3:hr>142</ns3:hr>
            <ns3:cad>93</ns3:cad>
          </ns3:TrackPointExtension>
        </extensions>
      </trkpt>
      <trkpt lat="47.6770444214344024658203125" lon="-122.34715917147696018218994140625">
        <ele>76.59999847412109375</ele>
        <time>2026-08-21T06:28:19.000Z</time>
        <extensions>
          <ns3:TrackPointExtension>
            <ns3:atemp>25.0</ns3:atemp>
            <ns3:hr>143</ns3:hr>
            <ns3:cad>93</ns3:cad>
          </ns3:TrackPointExtension>
        </extensions>
      </trkpt>
      <trkpt lat="47.67701567150652408599853515625" lon="-122.34715883620083332061767578125">
        <ele>76.59999847412109375</ele>
        <time>2026-08-21T06:28:20.000Z</time>
        <extensions>
          <ns3:TrackPointExtension>
            <ns3:atemp>25.0</ns3:atemp>
            <ns3:hr>143</ns3:hr>
            <ns3:cad>93</ns3:cad>
          </ns3:TrackPointExtension>
        </extensions>
      </trkpt>
      <trkpt lat="47.6769416593015193939208984375" lon="-122.34724290668964385986328125">
        <ele>76.1999969482421875</ele>
        <time>2026-08-21T06:28:23.000Z</time>
        <extensions>
          <ns3:TrackPointExtension>
            <ns3:atemp>25.0</ns3:atemp>
            <ns3:hr>145</ns3:hr>
            <ns3:cad>93</ns3:cad>
          </ns3:TrackPointExtension>
        </extensions>
      </trkpt>
      <trkpt lat="47.67696060240268707275390625" lon="-122.3473761789500713348388671875">
        <ele>76.40000152587890625</ele>
        <time>2026-08-21T06:28:26.000Z</time>
        <extensions>
          <ns3:TrackPointExtension>
            <ns3:atemp>25.0</ns3:atemp>
            <ns3:hr>145</ns3:hr>
            <ns3:cad>94</ns3:cad>
          </ns3:TrackPointExtension>
        </extensions>
      </trkpt>
      <trkpt lat="47.67695465125143527984619140625" lon="-122.34741884283721446990966796875">
        <ele>76.40000152587890625</ele>
        <time>2026-08-21T06:28:27.000Z</time>
        <extensions>
          <ns3:TrackPointExtension>
            <ns3:atemp>25.0</ns3:atemp>
            <ns3:hr>146</ns3:hr>
            <ns3:cad>94</ns3:cad>
          </ns3:TrackPointExtension>
        </extensions>
      </trkpt>
      <trkpt lat="47.67691223882138729095458984375" lon="-122.3475843854248523712158203125">
        <ele>76.40000152587890625</ele>
        <time>2026-08-21T06:28:31.000Z</time>
        <extensions>
          <ns3:TrackPointExtension>
            <ns3:atemp>25.0</ns3:atemp>
            <ns3:hr>144</ns3:hr>
            <ns3:cad>93</ns3:cad>
          </ns3:TrackPointExtension>
        </extensions>
      </trkpt>
      <trkpt lat="47.67689195461571216583251953125" lon="-122.34784414060413837432861328125">
        <ele>76.1999969482421875</ele>
        <time>2026-08-21T06:28:37.000Z</time>
        <extensions>
          <ns3:TrackPointExtension>
            <ns3:atemp>25.0</ns3:atemp>
            <ns3:hr>143</ns3:hr>
            <ns3:cad>94</ns3:cad>
          </ns3:TrackPointExtension>
        </extensions>
      </trkpt>
      <trkpt lat="47.67689757049083709716796875" lon="-122.348084785044193267822265625">
        <ele>76</ele>
        <time>2026-08-21T06:28:43.000Z</time>
        <extensions>
          <ns3:TrackPointExtension>
            <ns3:atemp>25.0</ns3:atemp>
            <ns3:hr>143</ns3:hr>
            <ns3:cad>94</ns3:cad>
          </ns3:TrackPointExtension>
        </extensions>
      </trkpt>
      <trkpt lat="47.676897905766963958740234375" lon="-122.348361723124980926513671875">
        <ele>76</ele>
        <time>2026-08-21T06:28:49.000Z</time>
        <extensions>
          <ns3:TrackPointExtension>
            <ns3:atemp>24.0</ns3:atemp>
            <ns3:hr>141</ns3:hr>
            <ns3:cad>94</ns3:cad>
          </ns3:TrackPointExtension>
        </extensions>
      </trkpt>
      <trkpt lat="47.676896564662456512451171875" lon="-122.348535060882568359375">
        <ele>75.59999847412109375</ele>
        <time>2026-08-21T06:28:53.000Z</time>
        <extensions>
          <ns3:TrackPointExtension>
            <ns3:atemp>24.0</ns3:atemp>
            <ns3:hr>139</ns3:hr>
            <ns3:cad>92</ns3:cad>
          </ns3:TrackPointExtension>
        </extensions>
      </trkpt>
      <trkpt lat="47.67689262516796588897705078125" lon="-122.34857789240777492523193359375">
        <ele>75.40000152587890625</ele>
        <time>2026-08-21T06:28:54.000Z</time>
        <extensions>
          <ns3:TrackPointExtension>
            <ns3:atemp>24.0</ns3:atemp>
            <ns3:hr>140</ns3:hr>
            <ns3:cad>92</ns3:cad>
          </ns3:TrackPointExtension>
        </extensions>
      </trkpt>
      <trkpt lat="47.676890529692173004150390625" lon="-122.34870781190693378448486328125">
        <ele>75.59999847412109375</ele>
        <time>2026-08-21T06:28:57.000Z</time>
        <extensions>
          <ns3:TrackPointExtension>
            <ns3:atemp>24.0</ns3:atemp>
            <ns3:hr>142</ns3:hr>
            <ns3:cad>93</ns3:cad>
          </ns3:TrackPointExtension>
        </extensions>
      </trkpt>
      <trkpt lat="47.67692732624709606170654296875" lon="-122.34893160872161388397216796875">
        <ele>75.40000152587890625</ele>
        <time>2026-08-21T06:29:03.000Z</time>
        <extensions>
          <ns3:TrackPointExtension>
            <ns3:atemp>24.0</ns3:atemp>
            <ns3:hr>139</ns3:hr>
            <ns3:cad>95</ns3:cad>
          </ns3:TrackPointExtension>
        </extensions>
      </trkpt>
      <trkpt lat="47.67693780362606048583984375" lon="-122.34899782575666904449462890625">
        <ele>76</ele>
        <time>2026-08-21T06:29:06.000Z</time>
        <extensions>
          <ns3:TrackPointExtension>
            <ns3:atemp>24.0</ns3:atemp>
            <ns3:hr>140</ns3:hr>
            <ns3:cad>95</ns3:cad>
          </ns3:TrackPointExtension>
        </extensions>
      </trkpt>
      <trkpt lat="47.6769346185028553009033203125" lon="-122.34902783297002315521240234375">
        <ele>76</ele>
        <time>2026-08-21T06:29:07.000Z</time>
        <extensions>
          <ns3:TrackPointExtension>
            <ns3:atemp>24.0</ns3:atemp>
            <ns3:hr>137</ns3:hr>
            <ns3:cad>92</ns3:cad>
          </ns3:TrackPointExtension>
        </extensions>
      </trkpt>
      <trkpt lat="47.67694928683340549468994140625" lon="-122.34908365644514560699462890625">
        <ele>76</ele>
        <time>2026-08-21T06:29:09.000Z</time>
        <extensions>
          <ns3:TrackPointExtension>
            <ns3:atemp>24.0</ns3:atemp>
            <ns3:hr>140</ns3:hr>
            <ns3:cad>92</ns3:cad>
          </ns3:TrackPointExtension>
        </extensions>
      </trkpt>
      <trkpt lat="47.67695398069918155670166015625" lon="-122.3491132445633411407470703125">
        <ele>76</ele>
        <time>2026-08-21T06:29:10.000Z</time>
        <extensions>
          <ns3:TrackPointExtension>
            <ns3:atemp>24.0</ns3:atemp>
            <ns3:hr>139</ns3:hr>
            <ns3:cad>92</ns3:cad>
          </ns3:TrackPointExtension>
        </extensions>
      </trkpt>
      <trkpt lat="47.67697577364742755889892578125" lon="-122.34919547103345394134521484375">
        <ele>76.1999969482421875</ele>
        <time>2026-08-21T06:29:13.000Z</time>
        <extensions>
          <ns3:TrackPointExtension>
            <ns3:atemp>24.0</ns3:atemp>
            <ns3:hr>137</ns3:hr>
            <ns3:cad>90</ns3:cad>
          </ns3:TrackPointExtension>
        </extensions>
      </trkpt>
      <trkpt lat="47.67701022326946258544921875" lon="-122.3492456786334514617919921875">
        <ele>76.1999969482421875</ele>
        <time>2026-08-21T06:29:15.000Z</time>
        <extensions>
          <ns3:TrackPointExtension>
            <ns3:atemp>24.0</ns3:atemp>
            <ns3:hr>136</ns3:hr>
            <ns3:cad>91</ns3:cad>
          </ns3:TrackPointExtension>
        </extensions>
      </trkpt>
      <trkpt lat="47.677015252411365509033203125" lon="-122.3492740094661712646484375">
        <ele>76.59999847412109375</ele>
        <time>2026-08-21T06:29:16.000Z</time>
        <extensions>
          <ns3:TrackPointExtension>
            <ns3:atemp>24.0</ns3:atemp>
            <ns3:hr>135</ns3:hr>
            <ns3:cad>91</ns3:cad>
          </ns3:TrackPointExtension>
        </extensions>
      </trkpt>
      <trkpt lat="47.67698767594993114471435546875" lon="-122.34936855733394622802734375">
        <ele>76.8000030517578125</ele>
        <time>2026-08-21T06:29:19.000Z</time>
        <extensions>
          <ns3:TrackPointExtension>
            <ns3:atemp>24.0</ns3:atemp>
            <ns3:hr>134</ns3:hr>
            <ns3:cad>91</ns3:cad>
          </ns3:TrackPointExtension>
        </extensions>
      </trkpt>
      <trkpt lat="47.6769840717315673828125" lon="-122.3493978939950466156005859375">
        <ele>77</ele>
        <time>2026-08-21T06:29:20.000Z</time>
        <extensions>
          <ns3:TrackPointExtension>
            <ns3:atemp>24.0</ns3:atemp>
            <ns3:hr>133</ns3:hr>
            <ns3:cad>91</ns3:cad>
          </ns3:TrackPointExtension>
        </extensions>
      </trkpt>
      <trkpt lat="47.67697342671453952789306640625" lon="-122.349511720240116119384765625">
        <ele>77</ele>
        <time>2026-08-21T06:29:23.000Z</time>
        <extensions>
          <ns3:TrackPointExtension>
            <ns3:atemp>24.0</ns3:atemp>
            <ns3:hr>134</ns3:hr>
            <ns3:cad>90</ns3:cad>
          </ns3:TrackPointExtension>
        </extensions>
      </trkpt>
      <trkpt lat="47.67698331736028194427490234375" lon="-122.34953493811190128326416015625">
        <ele>77.1999969482421875</ele>
        <time>2026-08-21T06:29:24.000Z</time>
        <extensions>
          <ns3:TrackPointExtension>
            <ns3:atemp>24.0</ns3:atemp>
            <ns3:hr>134</ns3:hr>
            <ns3:cad>90</ns3:cad>
          </ns3:TrackPointExtension>
        </extensions>
      </trkpt>
      <trkpt lat="47.67700075171887874603271484375" lon="-122.3495759256184101104736328125">
        <ele>77.40000152587890625</ele>
        <time>2026-08-21T06:29:26.000Z</time>
        <extensions>
          <ns3:TrackPointExtension>
            <ns3:atemp>24.0</ns3:atemp>
            <ns3:hr>133</ns3:hr>
            <ns3:cad>93</ns3:cad>
          </ns3:TrackPointExtension>
        </extensions>
      </trkpt>
      <trkpt lat="47.677011229097843170166015625" lon="-122.34964708797633647918701171875">
        <ele>77.40000152587890625</ele>
        <time>2026-08-21T06:29:28.000Z</time>
        <extensions>
          <ns3:TrackPointExtension>
            <ns3:atemp>24.0</ns3:atemp>
            <ns3:hr>136</ns3:hr>
            <ns3:cad>93</ns3:cad>
          </ns3:TrackPointExtension>
        </extensions>
      </trkpt>
      <trkpt lat="47.677011229097843170166015625" lon="-122.34964708797633647918701171875">
        <ele>77.40000152587890625</ele>
        <time>2026-08-21T06:29:29.000Z</time>
        <extensions>
          <ns3:TrackPointExtension>
            <ns3:atemp>24.0</ns3:atemp>
            <ns3:hr>133</ns3:hr>
            <ns3:cad>93</ns3:cad>
          </ns3:TrackPointExtension>
        </extensions>
      </trkpt>
      <trkpt lat="47.677034698426723480224609375" lon="-122.34984339214861392974853515625">
        <ele>77.59999847412109375</ele>
        <time>2026-08-21T06:29:33.000Z</time>
        <extensions>
          <ns3:TrackPointExtension>
            <ns3:atemp>24.0</ns3:atemp>
            <ns3:hr>135</ns3:hr>
            <ns3:cad>93</ns3:cad>
          </ns3:TrackPointExtension>
        </extensions>
      </trkpt>
      <trkpt lat="47.67703595571219921112060546875" lon="-122.349887900054454803466796875">
        <ele>77.59999847412109375</ele>
        <time>2026-08-21T06:29:34.000Z</time>
        <extensions>
          <ns3:TrackPointExtension>
            <ns3:atemp>24.0</ns3:atemp>
            <ns3:hr>135</ns3:hr>
            <ns3:cad>93</ns3:cad>
          </ns3:TrackPointExtension>
        </extensions>
      </trkpt>
      <trkpt lat="47.6770341955125331878662109375" lon="-122.34993358142673969268798828125">
        <ele>77.59999847412109375</ele>
        <time>2026-08-21T06:29:35.000Z</time>
        <extensions>
          <ns3:TrackPointExtension>
            <ns3:atemp>24.0</ns3:atemp>
            <ns3:hr>133</ns3:hr>
            <ns3:cad>93</ns3:cad>
          </ns3:TrackPointExtension>
        </extensions>
      </trkpt>
      <trkpt lat="47.67703645862638950347900390625" lon="-122.35007909126579761505126953125">
        <ele>78</ele>
        <time>2026-08-21T06:29:39.000Z</time>
        <extensions>
          <ns3:TrackPointExtension>
            <ns3:atemp>24.0</ns3:atemp>
            <ns3:hr>134</ns3:hr>
            <ns3:cad>94</ns3:cad>
          </ns3:TrackPointExtension>
        </extensions>
      </trkpt>
      <trkpt lat="47.6770390570163726806640625" lon="-122.350189983844757080078125">
        <ele>78.8000030517578125</ele>
        <time>2026-08-21T06:29:42.000Z</time>
        <extensions>
          <ns3:TrackPointExtension>
            <ns3:atemp>24.0</ns3:atemp>
            <ns3:hr>133</ns3:hr>
            <ns3:cad>94</ns3:cad>
          </ns3:TrackPointExtension>
        </extensions>
      </trkpt>
      <trkpt lat="47.677048109471797943115234375" lon="-122.350277490913867950439453125">
        <ele>79.40000152587890625</ele>
        <time>2026-08-21T06:29:45.000Z</time>
        <extensions>
          <ns3:TrackPointExtension>
            <ns3:atemp>24.0</ns3:atemp>
            <ns3:hr>133</ns3:hr>
            <ns3:cad>94</ns3:cad>
          </ns3:TrackPointExtension>
        </extensions>
      </trkpt>
      <trkpt lat="47.6770551502704620361328125" lon="-122.35033054836094379425048828125">
        <ele>79.59999847412109375</ele>
        <time>2026-08-21T06:29:47.000Z</time>
        <extensions>
          <ns3:TrackPointExtension>
            <ns3:atemp>24.0</ns3:atemp>
            <ns3:hr>133</ns3:hr>
            <ns3:cad>93</ns3:cad>
          </ns3:TrackPointExtension>
        </extensions>
      </trkpt>
      <trkpt lat="47.67706059850752353668212890625" lon="-122.35038016922771930694580078125">
        <ele>79.8000030517578125</ele>
        <time>2026-08-21T06:29:49.000Z</time>
        <extensions>
          <ns3:TrackPointExtension>
            <ns3:atemp>24.0</ns3:atemp>
            <ns3:hr>134</ns3:hr>
            <ns3:cad>93</ns3:cad>
          </ns3:TrackPointExtension>
        </extensions>
      </trkpt>
      <trkpt lat="47.67706478945910930633544921875" lon="-122.350408248603343963623046875">
        <ele>80</ele>
        <time>2026-08-21T06:29:50.000Z</time>
        <extensions>
          <ns3:TrackPointExtension>
            <ns3:atemp>24.0</ns3:atemp>
            <ns3:hr>134</ns3:hr>
            <ns3:cad>93</ns3:cad>
          </ns3:TrackPointExtension>
        </extensions>
      </trkpt>
      <trkpt lat="47.67708993516862392425537109375" lon="-122.35047890804708003997802734375">
        <ele>81</ele>
        <time>2026-08-21T06:29:53.000Z</time>
        <extensions>
          <ns3:TrackPointExtension>
            <ns3:atemp>24.0</ns3:atemp>
            <ns3:hr>136</ns3:hr>
            <ns3:cad>93</ns3:cad>
          </ns3:TrackPointExtension>
        </extensions>
      </trkpt>
      <trkpt lat="47.6771056093275547027587890625" lon="-122.35052735544741153717041015625">
        <ele>82</ele>
        <time>2026-08-21T06:29:55.000Z</time>
        <extensions>
          <ns3:TrackPointExtension>
            <ns3:atemp>24.0</ns3:atemp>
            <ns3:hr>137</ns3:hr>
            <ns3:cad>95</ns3:cad>
          </ns3:TrackPointExtension>
        </extensions>
      </trkpt>
      <trkpt lat="47.677109800279140472412109375" lon="-122.350560463964939117431640625">
        <ele>82.1999969482421875</ele>
        <time>2026-08-21T06:29:56.000Z</time>
        <extensions>
          <ns3:TrackPointExtension>
            <ns3:atemp>24.0</ns3:atemp>
            <ns3:hr>137</ns3:hr>
            <ns3:cad>95</ns3:cad>
          </ns3:TrackPointExtension>
        </extensions>
      </trkpt>
      <trkpt lat="47.6771056093275547027587890625" lon="-122.350724749267101287841796875">
        <ele>83</ele>
        <time>2026-08-21T06:30:01.000Z</time>
        <extensions>
          <ns3:TrackPointExtension>
            <ns3:atemp>24.0</ns3:atemp>
            <ns3:hr>138</ns3:hr>
            <ns3:cad>95</ns3:cad>
          </ns3:TrackPointExtension>
        </extensions>
      </trkpt>
      <trkpt lat="47.6771116442978382110595703125" lon="-122.3507624678313732147216796875">
        <ele>83.40000152587890625</ele>
        <time>2026-08-21T06:30:02.000Z</time>
        <extensions>
          <ns3:TrackPointExtension>
            <ns3:atemp>24.0</ns3:atemp>
            <ns3:hr>138</ns3:hr>
            <ns3:cad>94</ns3:cad>
          </ns3:TrackPointExtension>
        </extensions>
      </trkpt>
      <trkpt lat="47.677114494144916534423828125" lon="-122.3508377373218536376953125">
        <ele>84.1999969482421875</ele>
        <time>2026-08-21T06:30:04.000Z</time>
        <extensions>
          <ns3:TrackPointExtension>
            <ns3:atemp>24.0</ns3:atemp>
            <ns3:hr>139</ns3:hr>
            <ns3:cad>92</ns3:cad>
          </ns3:TrackPointExtension>
        </extensions>
      </trkpt>
      <trkpt lat="47.67712564207613468170166015625" lon="-122.35097897239029407501220703125">
        <ele>85.1999969482421875</ele>
        <time>2026-08-21T06:30:08.000Z</time>
        <extensions>
          <ns3:TrackPointExtension>
            <ns3:atemp>24.0</ns3:atemp>
            <ns3:hr>141</ns3:hr>
            <ns3:cad>93</ns3:cad>
          </ns3:TrackPointExtension>
        </extensions>
      </trkpt>
      <trkpt lat="47.67713435925543308258056640625" lon="-122.35111358575522899627685546875">
        <ele>86</ele>
        <time>2026-08-21T06:30:12.000Z</time>
        <extensions>
          <ns3:TrackPointExtension>
            <ns3:atemp>24.0</ns3:atemp>
            <ns3:hr>142</ns3:hr>
            <ns3:cad>95</ns3:cad>
          </ns3:TrackPointExtension>
        </extensions>
      </trkpt>
      <trkpt lat="47.67714290879666805267333984375" lon="-122.3511443473398685455322265625">
        <ele>86.1999969482421875</ele>
        <time>2026-08-21T06:30:13.000Z</time>
        <extensions>
          <ns3:TrackPointExtension>
            <ns3:atemp>24.0</ns3:atemp>
            <ns3:hr>142</ns3:hr>
            <ns3:cad>95</ns3:cad>
          </ns3:TrackPointExtension>
        </extensions>
      </trkpt>
      <trkpt lat="47.67715103924274444580078125" lon="-122.3512516357004642486572265625">
        <ele>87.40000152587890625</ele>
        <time>2026-08-21T06:30:17.000Z</time>
        <extensions>
          <ns3:TrackPointExtension>
            <ns3:atemp>24.0</ns3:atemp>
            <ns3:hr>142</ns3:hr>
            <ns3:cad>92</ns3:cad>
          </ns3:TrackPointExtension>
        </extensions>
      </trkpt>
      <trkpt lat="47.67715447582304477691650390625" lon="-122.3512727580964565277099609375">
        <ele>87.8000030517578125</ele>
        <time>2026-08-21T06:30:18.000Z</time>
        <extensions>
          <ns3:TrackPointExtension>
            <ns3:atemp>24.0</ns3:atemp>
            <ns3:hr>140</ns3:hr>
            <ns3:cad>92</ns3:cad>
          </ns3:TrackPointExtension>
        </extensions>
      </trkpt>
      <trkpt lat="47.67715665511786937713623046875" lon="-122.3512938804924488067626953125">
        <ele>88</ele>
        <time>2026-08-21T06:30:19.000Z</time>
        <extensions>
          <ns3:TrackPointExtension>
            <ns3:atemp>24.0</ns3:atemp>
            <ns3:hr>143</ns3:hr>
            <ns3:cad>92</ns3:cad>
          </ns3:TrackPointExtension>
        </extensions>
      </trkpt>
      <trkpt lat="47.67715665511786937713623046875" lon="-122.3513607680797576904296875">
        <ele>88.40000152587890625</ele>
        <time>2026-08-21T06:30:22.000Z</time>
        <extensions>
          <ns3:TrackPointExtension>
            <ns3:atemp>24.0</ns3:atemp>
            <ns3:hr>144</ns3:hr>
            <ns3:cad>92</ns3:cad>
          </ns3:TrackPointExtension>
        </extensions>
      </trkpt>
      <trkpt lat="47.6771518774330615997314453125" lon="-122.3514152504503726959228515625">
        <ele>89</ele>
        <time>2026-08-21T06:30:24.000Z</time>
        <extensions>
          <ns3:TrackPointExtension>
            <ns3:atemp>24.0</ns3:atemp>
            <ns3:hr>143</ns3:hr>
            <ns3:cad>93</ns3:cad>
          </ns3:TrackPointExtension>
        </extensions>
      </trkpt>
      <trkpt lat="47.67716369591653347015380859375" lon="-122.35147400759160518646240234375">
        <ele>89.8000030517578125</ele>
        <time>2026-08-21T06:30:26.000Z</time>
        <extensions>
          <ns3:TrackPointExtension>
            <ns3:atemp>24.0</ns3:atemp>
            <ns3:hr>143</ns3:hr>
            <ns3:cad>93</ns3:cad>
          </ns3:TrackPointExtension>
        </extensions>
      </trkpt>
      <trkpt lat="47.67717182636260986328125" lon="-122.35154860652983188629150390625">
        <ele>91</ele>
        <time>2026-08-21T06:30:28.000Z</time>
        <extensions>
          <ns3:TrackPointExtension>
            <ns3:atemp>24.0</ns3:atemp>
            <ns3:hr>144</ns3:hr>
            <ns3:cad>94</ns3:cad>
          </ns3:TrackPointExtension>
        </extensions>
      </trkpt>
      <trkpt lat="47.67718012444674968719482421875" lon="-122.35161197371780872344970703125">
        <ele>92.1999969482421875</ele>
        <time>2026-08-21T06:30:30.000Z</time>
        <extensions>
          <ns3:TrackPointExtension>
            <ns3:atemp>24.0</ns3:atemp>
            <ns3:hr>145</ns3:hr>
            <ns3:cad>94</ns3:cad>
          </ns3:TrackPointExtension>
        </extensions>
      </trkpt>
      <trkpt lat="47.67718230374157428741455078125" lon="-122.35164533369243144989013671875">
        <ele>92.40000152587890625</ele>
        <time>2026-08-21T06:30:31.000Z</time>
        <extensions>
          <ns3:TrackPointExtension>
            <ns3:atemp>24.0</ns3:atemp>
            <ns3:hr>148</ns3:hr>
            <ns3:cad>94</ns3:cad>
          </ns3:TrackPointExtension>
        </extensions>
      </trkpt>
      <trkpt lat="47.67718582414090633392333984375" lon="-122.3517062701284885406494140625">
        <ele>92.8000030517578125</ele>
        <time>2026-08-21T06:30:33.000Z</time>
        <extensions>
          <ns3:TrackPointExtension>
            <ns3:atemp>24.0</ns3:atemp>
            <ns3:hr>147</ns3:hr>
            <ns3:cad>95</ns3:cad>
          </ns3:TrackPointExtension>
        </extensions>
      </trkpt>
      <trkpt lat="47.677174173295497894287109375" lon="-122.35178044997155666351318359375">
        <ele>93.59999847412109375</ele>
        <time>2026-08-21T06:30:35.000Z</time>
        <extensions>
          <ns3:TrackPointExtension>
            <ns3:atemp>24.0</ns3:atemp>
            <ns3:hr>149</ns3:hr>
            <ns3:cad>95</ns3:cad>
          </ns3:TrackPointExtension>
        </extensions>
      </trkpt>
      <trkpt lat="47.6771719940006732940673828125" lon="-122.3518517799675464630126953125">
        <ele>94.1999969482421875</ele>
        <time>2026-08-21T06:30:37.000Z</time>
        <extensions>
          <ns3:TrackPointExtension>
            <ns3:atemp>24.0</ns3:atemp>
            <ns3:hr>146</ns3:hr>
            <ns3:cad>93</ns3:cad>
          </ns3:TrackPointExtension>
        </extensions>
      </trkpt>
      <trkpt lat="47.677181549370288848876953125" lon="-122.35187985934317111968994140625">
        <ele>94.59999847412109375</ele>
        <time>2026-08-21T06:30:38.000Z</time>
        <extensions>
          <ns3:TrackPointExtension>
            <ns3:atemp>24.0</ns3:atemp>
            <ns3:hr>145</ns3:hr>
            <ns3:cad>93</ns3:cad>
          </ns3:TrackPointExtension>
        </extensions>
      </trkpt>
      <trkpt lat="47.67719772644340991973876953125" lon="-122.351928390562534332275390625">
        <ele>95.40000152587890625</ele>
        <time>2026-08-21T06:30:40.000Z</time>
        <extensions>
          <ns3:TrackPointExtension>
            <ns3:atemp>24.0</ns3:atemp>
            <ns3:hr>146</ns3:hr>
            <ns3:cad>92</ns3:cad>
          </ns3:TrackPointExtension>
        </extensions>
      </trkpt>
      <trkpt lat="47.6772185973823070526123046875" lon="-122.3519493453204631805419921875">
        <ele>96</ele>
        <time>2026-08-21T06:30:41.000Z</time>
        <extensions>
          <ns3:TrackPointExtension>
            <ns3:atemp>24.0</ns3:atemp>
            <ns3:hr>147</ns3:hr>
            <ns3:cad>92</ns3:cad>
          </ns3:TrackPointExtension>
        </extensions>
      </trkpt>
      <trkpt lat="47.67722974531352519989013671875" lon="-122.3519731499254703521728515625">
        <ele>96.1999969482421875</ele>
        <time>2026-08-21T06:30:42.000Z</time>
        <extensions>
          <ns3:TrackPointExtension>
            <ns3:atemp>24.0</ns3:atemp>
            <ns3:hr>146</ns3:hr>
            <ns3:cad>92</ns3:cad>
          </ns3:TrackPointExtension>
        </extensions>
      </trkpt>
      <trkpt lat="47.67720912583172321319580078125" lon="-122.352118827402591705322265625">
        <ele>97.1999969482421875</ele>
        <time>2026-08-21T06:30:46.000Z</time>
        <extensions>
          <ns3:TrackPointExtension>
            <ns3:atemp>24.0</ns3:atemp>
            <ns3:hr>145</ns3:hr>
            <ns3:cad>91</ns3:cad>
          </ns3:TrackPointExtension>
        </extensions>
      </trkpt>
      <trkpt lat="47.6771911047399044036865234375" lon="-122.3521830327808856964111328125">
        <ele>97.8000030517578125</ele>
        <time>2026-08-21T06:30:49.000Z</time>
        <extensions>
          <ns3:TrackPointExtension>
            <ns3:atemp>24.0</ns3:atemp>
            <ns3:hr>146</ns3:hr>
            <ns3:cad>90</ns3:cad>
          </ns3:TrackPointExtension>
        </extensions>
      </trkpt>
      <trkpt lat="47.677181549370288848876953125" lon="-122.35221547074615955352783203125">
        <ele>98.59999847412109375</ele>
        <time>2026-08-21T06:30:51.000Z</time>
        <extensions>
          <ns3:TrackPointExtension>
            <ns3:atemp>24.0</ns3:atemp>
            <ns3:hr>146</ns3:hr>
            <ns3:cad>89</ns3:cad>
          </ns3:TrackPointExtension>
        </extensions>
      </trkpt>
      <trkpt lat="47.6771649532020092010498046875" lon="-122.35227179713547229766845703125">
        <ele>99</ele>
        <time>2026-08-21T06:30:53.000Z</time>
        <extensions>
          <ns3:TrackPointExtension>
            <ns3:atemp>24.0</ns3:atemp>
            <ns3:hr>146</ns3:hr>
            <ns3:cad>89</ns3:cad>
          </ns3:TrackPointExtension>
        </extensions>
      </trkpt>
      <trkpt lat="47.67715430818498134613037109375" lon="-122.35233281739056110382080078125">
        <ele>99.59999847412109375</ele>
        <time>2026-08-21T06:30:55.000Z</time>
        <extensions>
          <ns3:TrackPointExtension>
            <ns3:atemp>24.0</ns3:atemp>
            <ns3:hr>146</ns3:hr>
            <ns3:cad>89</ns3:cad>
          </ns3:TrackPointExtension>
        </extensions>
      </trkpt>
      <trkpt lat="47.67716134898364543914794921875" lon="-122.35238377936184406280517578125">
        <ele>100.1999969482421875</ele>
        <time>2026-08-21T06:30:57.000Z</time>
        <extensions>
          <ns3:TrackPointExtension>
            <ns3:atemp>24.0</ns3:atemp>
            <ns3:hr>145</ns3:hr>
            <ns3:cad>90</ns3:cad>
          </ns3:TrackPointExtension>
        </extensions>
      </trkpt>
      <trkpt lat="47.67718062736093997955322265625" lon="-122.3524053208529949188232421875">
        <ele>100.59999847412109375</ele>
        <time>2026-08-21T06:30:59.000Z</time>
        <extensions>
          <ns3:TrackPointExtension>
            <ns3:atemp>24.0</ns3:atemp>
            <ns3:hr>145</ns3:hr>
            <ns3:cad>90</ns3:cad>
          </ns3:TrackPointExtension>
        </extensions>
      </trkpt>
      <trkpt lat="47.67722890712320804595947265625" lon="-122.352393083274364471435546875">
        <ele>100.8000030517578125</ele>
        <time>2026-08-21T06:31:02.000Z</time>
        <extensions>
          <ns3:TrackPointExtension>
            <ns3:atemp>24.0</ns3:atemp>
            <ns3:hr>144</ns3:hr>
            <ns3:cad>90</ns3:cad>
          </ns3:TrackPointExtension>
        </extensions>
      </trkpt>
      <trkpt lat="47.67724768258631229400634765625" lon="-122.35238470137119293212890625">
        <ele>100.59999847412109375</ele>
        <time>2026-08-21T06:31:03.000Z</time>
        <extensions>
          <ns3:TrackPointExtension>
            <ns3:atemp>24.0</ns3:atemp>
            <ns3:hr>144</ns3:hr>
            <ns3:cad>90</ns3:cad>
          </ns3:TrackPointExtension>
        </extensions>
      </trkpt>
      <trkpt lat="47.67726427875459194183349609375" lon="-122.3523734696209430694580078125">
        <ele>100.59999847412109375</ele>
        <time>2026-08-21T06:31:04.000Z</time>
        <extensions>
          <ns3:TrackPointExtension>
            <ns3:atemp>24.0</ns3:atemp>
            <ns3:hr>146</ns3:hr>
            <ns3:cad>91</ns3:cad>
          </ns3:TrackPointExtension>
        </extensions>
      </trkpt>
      <trkpt lat="47.6773121394217014312744140625" lon="-122.35235645435750484466552734375">
        <ele>100.1999969482421875</ele>
        <time>2026-08-21T06:31:06.000Z</time>
        <extensions>
          <ns3:TrackPointExtension>
            <ns3:atemp>24.0</ns3:atemp>
            <ns3:hr>144</ns3:hr>
            <ns3:cad>92</ns3:cad>
          </ns3:TrackPointExtension>
        </extensions>
      </trkpt>
      <trkpt lat="47.677351199090480804443359375" lon="-122.35236332751810550689697265625">
        <ele>100</ele>
        <time>2026-08-21T06:31:08.000Z</time>
        <extensions>
          <ns3:TrackPointExtension>
            <ns3:atemp>24.0</ns3:atemp>
            <ns3:hr>144</ns3:hr>
            <ns3:cad>92</ns3:cad>
          </ns3:TrackPointExtension>
        </extensions>
      </trkpt>
      <trkpt lat="47.67738782800734043121337890625" lon="-122.3523446358740329742431640625">
        <ele>99.59999847412109375</ele>
        <time>2026-08-21T06:31:10.000Z</time>
        <extensions>
          <ns3:TrackPointExtension>
            <ns3:atemp>24.0</ns3:atemp>
            <ns3:hr>144</ns3:hr>
            <ns3:cad>92</ns3:cad>
          </ns3:TrackPointExtension>
        </extensions>
      </trkpt>
      <trkpt lat="47.67756946384906768798828125" lon="-122.3521257005631923675537109375">
        <ele>100</ele>
        <time>2026-08-21T06:31:22.000Z</time>
        <extensions>
          <ns3:TrackPointExtension>
            <ns3:atemp>24.0</ns3:atemp>
            <ns3:hr>142</ns3:hr>
            <ns3:cad>90</ns3:cad>
          </ns3:TrackPointExtension>
        </extensions>
      </trkpt>
      <trkpt lat="47.6776363514363765716552734375" lon="-122.35214271582663059234619140625">
        <ele>99.8000030517578125</ele>
        <time>2026-08-21T06:31:23.000Z</time>
        <extensions>
          <ns3:TrackPointExtension>
            <ns3:atemp>24.0</ns3:atemp>
            <ns3:hr>142</ns3:hr>
            <ns3:cad>90</ns3:cad>
          </ns3:TrackPointExtension>
        </extensions>
      </trkpt>
      <trkpt lat="47.67764112912118434906005859375" lon="-122.3522993735969066619873046875">
        <ele>99.59999847412109375</ele>
        <time>2026-08-21T06:31:25.000Z</time>
        <extensions>
          <ns3:TrackPointExtension>
            <ns3:atemp>24.0</ns3:atemp>
            <ns3:hr>141</ns3:hr>
            <ns3:cad>90</ns3:cad>
          </ns3:TrackPointExtension>
        </extensions>
      </trkpt>
      <trkpt lat="47.677705250680446624755859375" lon="-122.352421581745147705078125">
        <ele>99</ele>
        <time>2026-08-21T06:31:28.000Z</time>
        <extensions>
          <ns3:TrackPointExtension>
            <ns3:atemp>24.0</ns3:atemp>
            <ns3:hr>140</ns3:hr>
            <ns3:cad>92</ns3:cad>
          </ns3:TrackPointExtension>
        </extensions>
      </trkpt>
      <trkpt lat="47.67775126732885837554931640625" lon="-122.3524338193237781524658203125">
        <ele>98.8000030517578125</ele>
        <time>2026-08-21T06:31:29.000Z</time>
        <extensions>
          <ns3:TrackPointExtension>
            <ns3:atemp>24.0</ns3:atemp>
            <ns3:hr>141</ns3:hr>
            <ns3:cad>93</ns3:cad>
          </ns3:TrackPointExtension>
        </extensions>
      </trkpt>
      <trkpt lat="47.67782821319997310638427734375" lon="-122.35246458090841770172119140625">
        <ele>98.8000030517578125</ele>
        <time>2026-08-21T06:31:31.000Z</time>
        <extensions>
          <ns3:TrackPointExtension>
            <ns3:atemp>24.0</ns3:atemp>
            <ns3:hr>141</ns3:hr>
            <ns3:cad>93</ns3:cad>
          </ns3:TrackPointExtension>
        </extensions>
      </trkpt>
      <trkpt lat="47.67788956873118877410888671875" lon="-122.35247061587870121002197265625">
        <ele>98.59999847412109375</ele>
        <time>2026-08-21T06:31:33.000Z</time>
        <extensions>
          <ns3:TrackPointExtension>
            <ns3:atemp>24.0</ns3:atemp>
            <ns3:hr>143</ns3:hr>
            <ns3:cad>97</ns3:cad>
          </ns3:TrackPointExtension>
        </extensions>
      </trkpt>
      <trkpt lat="47.67798311077058315277099609375" lon="-122.35247991979122161865234375">
        <ele>98.59999847412109375</ele>
        <time>2026-08-21T06:31:36.000Z</time>
        <extensions>
          <ns3:TrackPointExtension>
            <ns3:atemp>24.0</ns3:atemp>
            <ns3:hr>143</ns3:hr>
            <ns3:cad>95</ns3:cad>
          </ns3:TrackPointExtension>
        </extensions>
      </trkpt>
      <trkpt lat="47.67801479436457157135009765625" lon="-122.35247723758220672607421875">
        <ele>98.59999847412109375</ele>
        <time>2026-08-21T06:31:37.000Z</time>
        <extensions>
          <ns3:TrackPointExtension>
            <ns3:atemp>24.0</ns3:atemp>
            <ns3:hr>142</ns3:hr>
            <ns3:cad>94</ns3:cad>
          </ns3:TrackPointExtension>
        </extensions>
      </trkpt>
      <trkpt lat="47.67812191508710384368896484375" lon="-122.35246810130774974822998046875">
        <ele>98.1999969482421875</ele>
        <time>2026-08-21T06:31:40.000Z</time>
        <extensions>
          <ns3:TrackPointExtension>
            <ns3:atemp>24.0</ns3:atemp>
            <ns3:hr>143</ns3:hr>
            <ns3:cad>93</ns3:cad>
          </ns3:TrackPointExtension>
        </extensions>
      </trkpt>
      <trkpt lat="47.67818176187574863433837890625" lon="-122.35247514210641384124755859375">
        <ele>98.1999969482421875</ele>
        <time>2026-08-21T06:31:41.000Z</time>
        <extensions>
          <ns3:TrackPointExtension>
            <ns3:atemp>24.0</ns3:atemp>
            <ns3:hr>143</ns3:hr>
            <ns3:cad>92</ns3:cad>
          </ns3:TrackPointExtension>
        </extensions>
      </trkpt>
      <trkpt lat="47.67836063168942928314208984375" lon="-122.35244932584464550018310546875">
        <ele>97.8000030517578125</ele>
        <time>2026-08-21T06:31:46.000Z</time>
        <extensions>
          <ns3:TrackPointExtension>
            <ns3:atemp>24.0</ns3:atemp>
            <ns3:hr>143</ns3:hr>
            <ns3:cad>92</ns3:cad>
          </ns3:TrackPointExtension>
        </extensions>
      </trkpt>
      <trkpt lat="47.6785328797996044158935546875" lon="-122.3524148762226104736328125">
        <ele>97.59999847412109375</ele>
        <time>2026-08-21T06:31:51.000Z</time>
        <extensions>
          <ns3:TrackPointExtension>
            <ns3:atemp>24.0</ns3:atemp>
            <ns3:hr>141</ns3:hr>
            <ns3:cad>94</ns3:cad>
          </ns3:TrackPointExtension>
        </extensions>
      </trkpt>
      <trkpt lat="47.67869473434984683990478515625" lon="-122.35242552123963832855224609375">
        <ele>97.1999969482421875</ele>
        <time>2026-08-21T06:31:57.000Z</time>
        <extensions>
          <ns3:TrackPointExtension>
            <ns3:atemp>24.0</ns3:atemp>
            <ns3:hr>142</ns3:hr>
            <ns3:cad>92</ns3:cad>
          </ns3:TrackPointExtension>
        </extensions>
      </trkpt>
      <trkpt lat="47.67874435521662235260009765625" lon="-122.352427951991558074951171875">
        <ele>97.1999969482421875</ele>
        <time>2026-08-21T06:31:59.000Z</time>
        <extensions>
          <ns3:TrackPointExtension>
            <ns3:atemp>24.0</ns3:atemp>
            <ns3:hr>143</ns3:hr>
            <ns3:cad>92</ns3:cad>
          </ns3:TrackPointExtension>
        </extensions>
      </trkpt>
      <trkpt lat="47.67875877209007740020751953125" lon="-122.3524234257638454437255859375">
        <ele>97.1999969482421875</ele>
        <time>2026-08-21T06:32:00.000Z</time>
        <extensions>
          <ns3:TrackPointExtension>
            <ns3:atemp>24.0</ns3:atemp>
            <ns3:hr>143</ns3:hr>
            <ns3:cad>92</ns3:cad>
          </ns3:TrackPointExtension>
        </extensions>
      </trkpt>
      <trkpt lat="47.67878559418022632598876953125" lon="-122.35240657813847064971923828125">
        <ele>97</ele>
        <time>2026-08-21T06:32:02.000Z</time>
        <extensions>
          <ns3:TrackPointExtension>
            <ns3:atemp>24.0</ns3:atemp>
            <ns3:hr>143</ns3:hr>
            <ns3:cad>91</ns3:cad>
          </ns3:TrackPointExtension>
        </extensions>
      </trkpt>
      <trkpt lat="47.67892791889607906341552734375" lon="-122.3523919098079204559326171875">
        <ele>96.59999847412109375</ele>
        <time>2026-08-21T06:32:07.000Z</time>
        <extensions>
          <ns3:TrackPointExtension>
            <ns3:atemp>24.0</ns3:atemp>
            <ns3:hr>144</ns3:hr>
            <ns3:cad>90</ns3:cad>
          </ns3:TrackPointExtension>
        </extensions>
      </trkpt>
      <trkpt lat="47.679041326045989990234375" lon="-122.35238344408571720123291015625">
        <ele>96.8000030517578125</ele>
        <time>2026-08-21T06:32:13.000Z</time>
        <extensions>
          <ns3:TrackPointExtension>
            <ns3:atemp>24.0</ns3:atemp>
            <ns3:hr>146</ns3:hr>
            <ns3:cad>90</ns3:cad>
          </ns3:TrackPointExtension>
        </extensions>
      </trkpt>
      <trkpt lat="47.679140232503414154052734375" lon="-122.352378331124782562255859375">
        <ele>96.1999969482421875</ele>
        <time>2026-08-21T06:32:18.000Z</time>
        <extensions>
          <ns3:TrackPointExtension>
            <ns3:atemp>24.0</ns3:atemp>
            <ns3:hr>150</ns3:hr>
            <ns3:cad>93</ns3:cad>
          </ns3:TrackPointExtension>
        </extensions>
      </trkpt>
      <trkpt lat="47.67915733158588409423828125" lon="-122.3523746430873870849609375">
        <ele>95.8000030517578125</ele>
        <time>2026-08-21T06:32:19.000Z</time>
        <extensions>
          <ns3:TrackPointExtension>
            <ns3:atemp>24.0</ns3:atemp>
            <ns3:hr>147</ns3:hr>
            <ns3:cad>93</ns3:cad>
          </ns3:TrackPointExtension>
        </extensions>
      </trkpt>
      <trkpt lat="47.679176442325115203857421875" lon="-122.352380342781543731689453125">
        <ele>95.8000030517578125</ele>
        <time>2026-08-21T06:32:20.000Z</time>
        <extensions>
          <ns3:TrackPointExtension>
            <ns3:atemp>24.0</ns3:atemp>
            <ns3:hr>147</ns3:hr>
            <ns3:cad>93</ns3:cad>
          </ns3:TrackPointExtension>
        </extensions>
      </trkpt>
      <trkpt lat="47.6792721636593341827392578125" lon="-122.35239467583596706390380859375">
        <ele>95.40000152587890625</ele>
        <time>2026-08-21T06:32:24.000Z</time>
        <extensions>
          <ns3:TrackPointExtension>
            <ns3:atemp>24.0</ns3:atemp>
            <ns3:hr>144</ns3:hr>
            <ns3:cad>93</ns3:cad>
          </ns3:TrackPointExtension>
        </extensions>
      </trkpt>
      <trkpt lat="47.67930007539689540863037109375" lon="-122.35239685513079166412353515625">
        <ele>95.40000152587890625</ele>
        <time>2026-08-21T06:32:25.000Z</time>
        <extensions>
          <ns3:TrackPointExtension>
            <ns3:atemp>24.0</ns3:atemp>
            <ns3:hr>144</ns3:hr>
            <ns3:cad>93</ns3:cad>
          </ns3:TrackPointExtension>
        </extensions>
      </trkpt>
      <trkpt lat="47.67944541759788990020751953125" lon="-122.3524173907935619354248046875">
        <ele>95</ele>
        <time>2026-08-21T06:32:32.000Z</time>
        <extensions>
          <ns3:TrackPointExtension>
            <ns3:atemp>24.0</ns3:atemp>
            <ns3:hr>144</ns3:hr>
            <ns3:cad>94</ns3:cad>
          </ns3:TrackPointExtension>
        </extensions>
      </trkpt>
      <trkpt lat="47.679575420916080474853515625" lon="-122.35243055038154125213623046875">
        <ele>95.1999969482421875</ele>
        <time>2026-08-21T06:32:36.000Z</time>
        <extensions>
          <ns3:TrackPointExtension>
            <ns3:atemp>24.0</ns3:atemp>
            <ns3:hr>143</ns3:hr>
            <ns3:cad>91</ns3:cad>
          </ns3:TrackPointExtension>
        </extensions>
      </trkpt>
      <trkpt lat="47.679621018469333648681640625" lon="-122.35241563059389591217041015625">
        <ele>95.1999969482421875</ele>
        <time>2026-08-21T06:32:39.000Z</time>
        <extensions>
          <ns3:TrackPointExtension>
            <ns3:atemp>24.0</ns3:atemp>
            <ns3:hr>142</ns3:hr>
            <ns3:cad>91</ns3:cad>
          </ns3:TrackPointExtension>
        </extensions>
      </trkpt>
      <trkpt lat="47.67963686026632785797119140625" lon="-122.3524036444723606109619140625">
        <ele>95</ele>
        <time>2026-08-21T06:32:40.000Z</time>
        <extensions>
          <ns3:TrackPointExtension>
            <ns3:atemp>24.0</ns3:atemp>
            <ns3:hr>141</ns3:hr>
            <ns3:cad>91</ns3:cad>
          </ns3:TrackPointExtension>
        </extensions>
      </trkpt>
      <trkpt lat="47.67969243228435516357421875" lon="-122.35238880850374698638916015625">
        <ele>94.8000030517578125</ele>
        <time>2026-08-21T06:32:42.000Z</time>
        <extensions>
          <ns3:TrackPointExtension>
            <ns3:atemp>24.0</ns3:atemp>
            <ns3:hr>141</ns3:hr>
            <ns3:cad>92</ns3:cad>
          </ns3:TrackPointExtension>
        </extensions>
      </trkpt>
      <trkpt lat="47.679710201919078826904296875" lon="-122.35238847322762012481689453125">
        <ele>94.8000030517578125</ele>
        <time>2026-08-21T06:32:43.000Z</time>
        <extensions>
          <ns3:TrackPointExtension>
            <ns3:atemp>24.0</ns3:atemp>
            <ns3:hr>142</ns3:hr>
            <ns3:cad>92</ns3:cad>
          </ns3:TrackPointExtension>
        </extensions>
      </trkpt>
      <trkpt lat="47.67986166290938854217529296875" lon="-122.3523872159421443939208984375">
        <ele>94.59999847412109375</ele>
        <time>2026-08-21T06:32:49.000Z</time>
        <extensions>
          <ns3:TrackPointExtension>
            <ns3:atemp>24.0</ns3:atemp>
            <ns3:hr>147</ns3:hr>
            <ns3:cad>95</ns3:cad>
          </ns3:TrackPointExtension>
        </extensions>
      </trkpt>
      <trkpt lat="47.67986166290938854217529296875" lon="-122.3523872159421443939208984375">
        <ele>94.59999847412109375</ele>
        <time>2026-08-21T06:32:50.000Z</time>
        <extensions>
          <ns3:TrackPointExtension>
            <ns3:atemp>24.0</ns3:atemp>
            <ns3:hr>146</ns3:hr>
            <ns3:cad>93</ns3:cad>
          </ns3:TrackPointExtension>
        </extensions>
      </trkpt>
      <trkpt lat="47.679949589073657989501953125" lon="-122.35236567445099353790283203125">
        <ele>94.59999847412109375</ele>
        <time>2026-08-21T06:32:53.000Z</time>
        <extensions>
          <ns3:TrackPointExtension>
            <ns3:atemp>24.0</ns3:atemp>
            <ns3:hr>143</ns3:hr>
            <ns3:cad>92</ns3:cad>
          </ns3:TrackPointExtension>
        </extensions>
      </trkpt>
      <trkpt lat="47.67996325157582759857177734375" lon="-122.35235880129039287567138671875">
        <ele>94.59999847412109375</ele>
        <time>2026-08-21T06:32:54.000Z</time>
        <extensions>
          <ns3:TrackPointExtension>
            <ns3:atemp>24.0</ns3:atemp>
            <ns3:hr>145</ns3:hr>
            <ns3:cad>92</ns3:cad>
          </ns3:TrackPointExtension>
        </extensions>
      </trkpt>
      <trkpt lat="47.680023349821567535400390625" lon="-122.3523466475307941436767578125">
        <ele>94.59999847412109375</ele>
        <time>2026-08-21T06:32:56.000Z</time>
        <extensions>
          <ns3:TrackPointExtension>
            <ns3:atemp>24.0</ns3:atemp>
            <ns3:hr>145</ns3:hr>
            <ns3:cad>92</ns3:cad>
          </ns3:TrackPointExtension>
        </extensions>
      </trkpt>
      <trkpt lat="47.68010155297815799713134765625" lon="-122.35234840773046016693115234375">
        <ele>94.59999847412109375</ele>
        <time>2026-08-21T06:32:58.000Z</time>
        <extensions>
          <ns3:TrackPointExtension>
            <ns3:atemp>24.0</ns3:atemp>
            <ns3:hr>145</ns3:hr>
            <ns3:cad>92</ns3:cad>
          </ns3:TrackPointExtension>
        </extensions>
      </trkpt>
      <trkpt lat="47.68027983605861663818359375" lon="-122.35236936248838901519775390625">
        <ele>95.40000152587890625</ele>
        <time>2026-08-21T06:33:04.000Z</time>
        <extensions>
          <ns3:TrackPointExtension>
            <ns3:atemp>24.0</ns3:atemp>
            <ns3:hr>147</ns3:hr>
            <ns3:cad>93</ns3:cad>
          </ns3:TrackPointExtension>
        </extensions>
      </trkpt>
      <trkpt lat="47.680299617350101470947265625" lon="-122.35237455926835536956787109375">
        <ele>95.40000152587890625</ele>
        <time>2026-08-21T06:33:06.000Z</time>
        <extensions>
          <ns3:TrackPointExtension>
            <ns3:atemp>24.0</ns3:atemp>
            <ns3:hr>146</ns3:hr>
            <ns3:cad>92</ns3:cad>
          </ns3:TrackPointExtension>
        </extensions>
      </trkpt>
      <trkpt lat="47.680299617350101470947265625" lon="-122.35237455926835536956787109375">
        <ele>95.59999847412109375</ele>
        <time>2026-08-21T06:33:07.000Z</time>
        <extensions>
          <ns3:TrackPointExtension>
            <ns3:atemp>24.0</ns3:atemp>
            <ns3:hr>143</ns3:hr>
            <ns3:cad>92</ns3:cad>
          </ns3:TrackPointExtension>
        </extensions>
      </trkpt>
      <trkpt lat="47.68030590377748012542724609375" lon="-122.35241546295583248138427734375">
        <ele>95.40000152587890625</ele>
        <time>2026-08-21T06:33:09.000Z</time>
        <extensions>
          <ns3:TrackPointExtension>
            <ns3:atemp>24.0</ns3:atemp>
            <ns3:hr>144</ns3:hr>
            <ns3:cad>92</ns3:cad>
          </ns3:TrackPointExtension>
        </extensions>
      </trkpt>
      <trkpt lat="47.68032786436378955841064453125" lon="-122.35242099501192569732666015625">
        <ele>95.40000152587890625</ele>
        <time>2026-08-21T06:33:10.000Z</time>
        <extensions>
          <ns3:TrackPointExtension>
            <ns3:atemp>24.0</ns3:atemp>
            <ns3:hr>141</ns3:hr>
            <ns3:cad>92</ns3:cad>
          </ns3:TrackPointExtension>
        </extensions>
      </trkpt>
      <trkpt lat="47.6803618110716342926025390625" lon="-122.35241982154548168182373046875">
        <ele>95.1999969482421875</ele>
        <time>2026-08-21T06:33:11.000Z</time>
        <extensions>
          <ns3:TrackPointExtension>
            <ns3:atemp>24.0</ns3:atemp>
            <ns3:hr>141</ns3:hr>
            <ns3:cad>90</ns3:cad>
          </ns3:TrackPointExtension>
        </extensions>
      </trkpt>
      <trkpt lat="47.68048879690468311309814453125" lon="-122.352382354438304901123046875">
        <ele>95.40000152587890625</ele>
        <time>2026-08-21T06:33:16.000Z</time>
        <extensions>
          <ns3:TrackPointExtension>
            <ns3:atemp>24.0</ns3:atemp>
            <ns3:hr>140</ns3:hr>
            <ns3:cad>93</ns3:cad>
          </ns3:TrackPointExtension>
        </extensions>
      </trkpt>
      <trkpt lat="47.6805830933153629302978515625" lon="-122.35239082016050815582275390625">
        <ele>95.8000030517578125</ele>
        <time>2026-08-21T06:33:20.000Z</time>
        <extensions>
          <ns3:TrackPointExtension>
            <ns3:atemp>24.0</ns3:atemp>
            <ns3:hr>143</ns3:hr>
            <ns3:cad>93</ns3:cad>
          </ns3:TrackPointExtension>
        </extensions>
      </trkpt>
      <trkpt lat="47.6806779764592647552490234375" lon="-122.35238604247570037841796875">
        <ele>96.8000030517578125</ele>
        <time>2026-08-21T06:33:23.000Z</time>
        <extensions>
          <ns3:TrackPointExtension>
            <ns3:atemp>24.0</ns3:atemp>
            <ns3:hr>143</ns3:hr>
            <ns3:cad>95</ns3:cad>
          </ns3:TrackPointExtension>
        </extensions>
      </trkpt>
      <trkpt lat="47.68083237111568450927734375" lon="-122.3524106852710247039794921875">
        <ele>97.1999969482421875</ele>
        <time>2026-08-21T06:33:28.000Z</time>
        <extensions>
          <ns3:TrackPointExtension>
            <ns3:atemp>24.0</ns3:atemp>
            <ns3:hr>143</ns3:hr>
            <ns3:cad>94</ns3:cad>
          </ns3:TrackPointExtension>
        </extensions>
      </trkpt>
      <trkpt lat="47.68099464476108551025390625" lon="-122.35242250375449657440185546875">
        <ele>97.40000152587890625</ele>
        <time>2026-08-21T06:33:33.000Z</time>
        <extensions>
          <ns3:TrackPointExtension>
            <ns3:atemp>24.0</ns3:atemp>
            <ns3:hr>143</ns3:hr>
            <ns3:cad>91</ns3:cad>
          </ns3:TrackPointExtension>
        </extensions>
      </trkpt>
      <trkpt lat="47.68104149959981441497802734375" lon="-122.35241697169840335845947265625">
        <ele>97.40000152587890625</ele>
        <time>2026-08-21T06:33:35.000Z</time>
        <extensions>
          <ns3:TrackPointExtension>
            <ns3:atemp>24.0</ns3:atemp>
            <ns3:hr>140</ns3:hr>
            <ns3:cad>90</ns3:cad>
          </ns3:TrackPointExtension>
        </extensions>
      </trkpt>
      <trkpt lat="47.681090869009494781494140625" lon="-122.35238344408571720123291015625">
        <ele>97.59999847412109375</ele>
        <time>2026-08-21T06:33:37.000Z</time>
        <extensions>
          <ns3:TrackPointExtension>
            <ns3:atemp>24.0</ns3:atemp>
            <ns3:hr>141</ns3:hr>
            <ns3:cad>90</ns3:cad>
          </ns3:TrackPointExtension>
        </extensions>
      </trkpt>
      <trkpt lat="47.6811835728585720062255859375" lon="-122.35234715044498443603515625">
        <ele>96.8000030517578125</ele>
        <time>2026-08-21T06:33:42.000Z</time>
        <extensions>
          <ns3:TrackPointExtension>
            <ns3:atemp>24.0</ns3:atemp>
            <ns3:hr>142</ns3:hr>
            <ns3:cad>90</ns3:cad>
          </ns3:TrackPointExtension>
        </extensions>
      </trkpt>
      <trkpt lat="47.6812995783984661102294921875" lon="-122.3523505032062530517578125">
        <ele>96.40000152587890625</ele>
        <time>2026-08-21T06:33:46.000Z</time>
        <extensions>
          <ns3:TrackPointExtension>
            <ns3:atemp>24.0</ns3:atemp>
            <ns3:hr>144</ns3:hr>
            <ns3:cad>94</ns3:cad>
          </ns3:TrackPointExtension>
        </extensions>
      </trkpt>
      <trkpt lat="47.68135950900614261627197265625" lon="-122.3523531854152679443359375">
        <ele>96.1999969482421875</ele>
        <time>2026-08-21T06:33:49.000Z</time>
        <extensions>
          <ns3:TrackPointExtension>
            <ns3:atemp>24.0</ns3:atemp>
            <ns3:hr>141</ns3:hr>
            <ns3:cad>95</ns3:cad>
          </ns3:TrackPointExtension>
        </extensions>
      </trkpt>
      <trkpt lat="47.681379206478595733642578125" lon="-122.35235695727169513702392578125">
        <ele>96</ele>
        <time>2026-08-21T06:33:51.000Z</time>
        <extensions>
          <ns3:TrackPointExtension>
            <ns3:atemp>24.0</ns3:atemp>
            <ns3:hr>140</ns3:hr>
            <ns3:cad>90</ns3:cad>
          </ns3:TrackPointExtension>
        </extensions>
      </trkpt>
      <trkpt lat="47.68142740242183208465576171875" lon="-122.3523620702326297760009765625">
        <ele>95.8000030517578125</ele>
        <time>2026-08-21T06:33:53.000Z</time>
        <extensions>
          <ns3:TrackPointExtension>
            <ns3:atemp>24.0</ns3:atemp>
            <ns3:hr>139</ns3:hr>
            <ns3:cad>90</ns3:cad>
          </ns3:TrackPointExtension>
        </extensions>
      </trkpt>
      <trkpt lat="47.68147853203117847442626953125" lon="-122.35235678963363170623779296875">
        <ele>95.1999969482421875</ele>
        <time>2026-08-21T06:33:56.000Z</time>
        <extensions>
          <ns3:TrackPointExtension>
            <ns3:atemp>24.0</ns3:atemp>
            <ns3:hr>136</ns3:hr>
            <ns3:cad>90</ns3:cad>
          </ns3:TrackPointExtension>
        </extensions>
      </trkpt>
      <trkpt lat="47.68155111931264400482177734375" lon="-122.35231957398355007171630859375">
        <ele>94.8000030517578125</ele>
        <time>2026-08-21T06:33:59.000Z</time>
        <extensions>
          <ns3:TrackPointExtension>
            <ns3:atemp>24.0</ns3:atemp>
            <ns3:hr>136</ns3:hr>
            <ns3:cad>90</ns3:cad>
          </ns3:TrackPointExtension>
        </extensions>
      </trkpt>
      <trkpt lat="47.68158045597374439239501953125" lon="-122.3523161374032497406005859375">
        <ele>94.8000030517578125</ele>
        <time>2026-08-21T06:34:00.000Z</time>
        <extensions>
          <ns3:TrackPointExtension>
            <ns3:atemp>24.0</ns3:atemp>
            <ns3:hr>137</ns3:hr>
            <ns3:cad>90</ns3:cad>
          </ns3:TrackPointExtension>
        </extensions>
      </trkpt>
      <trkpt lat="47.6816261373460292816162109375" lon="-122.352335415780544281005859375">
        <ele>94.1999969482421875</ele>
        <time>2026-08-21T06:34:03.000Z</time>
        <extensions>
          <ns3:TrackPointExtension>
            <ns3:atemp>24.0</ns3:atemp>
            <ns3:hr>138</ns3:hr>
            <ns3:cad>91</ns3:cad>
          </ns3:TrackPointExtension>
        </extensions>
      </trkpt>
      <trkpt lat="47.68165446817874908447265625" lon="-122.35234505496919155120849609375">
        <ele>93.59999847412109375</ele>
        <time>2026-08-21T06:34:06.000Z</time>
        <extensions>
          <ns3:TrackPointExtension>
            <ns3:atemp>24.0</ns3:atemp>
            <ns3:hr>138</ns3:hr>
            <ns3:cad>91</ns3:cad>
          </ns3:TrackPointExtension>
        </extensions>
      </trkpt>
      <trkpt lat="47.68165446817874908447265625" lon="-122.35234505496919155120849609375">
        <ele>93.59999847412109375</ele>
        <time>2026-08-21T06:34:07.000Z</time>
        <extensions>
          <ns3:TrackPointExtension>
            <ns3:atemp>24.0</ns3:atemp>
            <ns3:hr>136</ns3:hr>
            <ns3:cad>91</ns3:cad>
          </ns3:TrackPointExtension>
        </extensions>
      </trkpt>
      <trkpt lat="47.6816765964031219482421875" lon="-122.3523597232997417449951171875">
        <ele>93.40000152587890625</ele>
        <time>2026-08-21T06:34:09.000Z</time>
        <extensions>
          <ns3:TrackPointExtension>
            <ns3:atemp>24.0</ns3:atemp>
            <ns3:hr>136</ns3:hr>
            <ns3:cad>89</ns3:cad>
          </ns3:TrackPointExtension>
        </extensions>
      </trkpt>
      <trkpt lat="47.68170098774135112762451171875" lon="-122.3523697815835475921630859375">
        <ele>93.40000152587890625</ele>
        <time>2026-08-21T06:34:11.000Z</time>
        <extensions>
          <ns3:TrackPointExtension>
            <ns3:atemp>24.0</ns3:atemp>
            <ns3:hr>135</ns3:hr>
            <ns3:cad>90</ns3:cad>
          </ns3:TrackPointExtension>
        </extensions>
      </trkpt>
      <trkpt lat="47.6817066036164760589599609375" lon="-122.35237003304064273834228515625">
        <ele>93.59999847412109375</ele>
        <time>2026-08-21T06:34:12.000Z</time>
        <extensions>
          <ns3:TrackPointExtension>
            <ns3:atemp>24.0</ns3:atemp>
            <ns3:hr>136</ns3:hr>
            <ns3:cad>90</ns3:cad>
          </ns3:TrackPointExtension>
        </extensions>
      </trkpt>
      <trkpt lat="47.6817347668111324310302734375" lon="-122.352363578975200653076171875">
        <ele>93.8000030517578125</ele>
        <time>2026-08-21T06:34:14.000Z</time>
        <extensions>
          <ns3:TrackPointExtension>
            <ns3:atemp>24.0</ns3:atemp>
            <ns3:hr>136</ns3:hr>
            <ns3:cad>91</ns3:cad>
          </ns3:TrackPointExtension>
        </extensions>
      </trkpt>
      <trkpt lat="47.6818309910595417022705078125" lon="-122.35233935527503490447998046875">
        <ele>93.40000152587890625</ele>
        <time>2026-08-21T06:34:19.000Z</time>
        <extensions>
          <ns3:TrackPointExtension>
            <ns3:atemp>24.0</ns3:atemp>
            <ns3:hr>138</ns3:hr>
            <ns3:cad>91</ns3:cad>
          </ns3:TrackPointExtension>
        </extensions>
      </trkpt>
      <trkpt lat="47.68193836323916912078857421875" lon="-122.3523536883294582366943359375">
        <ele>93.1999969482421875</ele>
        <time>2026-08-21T06:34:23.000Z</time>
        <extensions>
          <ns3:TrackPointExtension>
            <ns3:atemp>24.0</ns3:atemp>
            <ns3:hr>141</ns3:hr>
            <ns3:cad>91</ns3:cad>
          </ns3:TrackPointExtension>
        </extensions>
      </trkpt>
      <trkpt lat="47.6819654367864131927490234375" lon="-122.352358885109424591064453125">
        <ele>93</ele>
        <time>2026-08-21T06:34:24.000Z</time>
        <extensions>
          <ns3:TrackPointExtension>
            <ns3:atemp>24.0</ns3:atemp>
            <ns3:hr>140</ns3:hr>
            <ns3:cad>91</ns3:cad>
          </ns3:TrackPointExtension>
        </extensions>
      </trkpt>
      <trkpt lat="47.682132907211780548095703125" lon="-122.35238662920892238616943359375">
        <ele>93.8000030517578125</ele>
        <time>2026-08-21T06:34:30.000Z</time>
        <extensions>
          <ns3:TrackPointExtension>
            <ns3:atemp>24.0</ns3:atemp>
            <ns3:hr>142</ns3:hr>
            <ns3:cad>93</ns3:cad>
          </ns3:TrackPointExtension>
        </extensions>
      </trkpt>
      <trkpt lat="47.68214992247521877288818359375" lon="-122.3523815162479877471923828125">
        <ele>94</ele>
        <time>2026-08-21T06:34:31.000Z</time>
        <extensions>
          <ns3:TrackPointExtension>
            <ns3:atemp>24.0</ns3:atemp>
            <ns3:hr>144</ns3:hr>
            <ns3:cad>93</ns3:cad>
          </ns3:TrackPointExtension>
        </extensions>
      </trkpt>
      <trkpt lat="47.6822292990982532501220703125" lon="-122.352374978363513946533203125">
        <ele>94</ele>
        <time>2026-08-21T06:34:34.000Z</time>
        <extensions>
          <ns3:TrackPointExtension>
            <ns3:atemp>24.0</ns3:atemp>
            <ns3:hr>144</ns3:hr>
            <ns3:cad>93</ns3:cad>
          </ns3:TrackPointExtension>
        </extensions>
      </trkpt>
      <trkpt lat="47.68225905485451221466064453125" lon="-122.35237774439156055450439453125">
        <ele>94.1999969482421875</ele>
        <time>2026-08-21T06:34:35.000Z</time>
        <extensions>
          <ns3:TrackPointExtension>
            <ns3:atemp>24.0</ns3:atemp>
            <ns3:hr>141</ns3:hr>
            <ns3:cad>95</ns3:cad>
          </ns3:TrackPointExtension>
        </extensions>
      </trkpt>
      <trkpt lat="47.68232543952763080596923828125" lon="-122.3523907363414764404296875">
        <ele>94</ele>
        <time>2026-08-21T06:34:38.000Z</time>
        <extensions>
          <ns3:TrackPointExtension>
            <ns3:atemp>24.0</ns3:atemp>
            <ns3:hr>142</ns3:hr>
            <ns3:cad>95</ns3:cad>
          </ns3:TrackPointExtension>
        </extensions>
      </trkpt>
      <trkpt lat="47.682336084544658660888671875" lon="-122.3524086736142635345458984375">
        <ele>94</ele>
        <time>2026-08-21T06:34:39.000Z</time>
        <extensions>
          <ns3:TrackPointExtension>
            <ns3:atemp>24.0</ns3:atemp>
            <ns3:hr>142</ns3:hr>
            <ns3:cad>94</ns3:cad>
          </ns3:TrackPointExtension>
        </extensions>
      </trkpt>
      <trkpt lat="47.68237019889056682586669921875" lon="-122.3524955101311206817626953125">
        <ele>93.8000030517578125</ele>
        <time>2026-08-21T06:34:43.000Z</time>
        <extensions>
          <ns3:TrackPointExtension>
            <ns3:atemp>24.0</ns3:atemp>
            <ns3:hr>142</ns3:hr>
            <ns3:cad>92</ns3:cad>
          </ns3:TrackPointExtension>
        </extensions>
      </trkpt>
      <trkpt lat="47.682375647127628326416015625" lon="-122.3525250144302845001220703125">
        <ele>93.8000030517578125</ele>
        <time>2026-08-21T06:34:44.000Z</time>
        <extensions>
          <ns3:TrackPointExtension>
            <ns3:atemp>24.0</ns3:atemp>
            <ns3:hr>142</ns3:hr>
            <ns3:cad>92</ns3:cad>
          </ns3:TrackPointExtension>
        </extensions>
      </trkpt>
      <trkpt lat="47.6823818497359752655029296875" lon="-122.3525645770132541656494140625">
        <ele>93.8000030517578125</ele>
        <time>2026-08-21T06:34:46.000Z</time>
        <extensions>
          <ns3:TrackPointExtension>
            <ns3:atemp>24.0</ns3:atemp>
            <ns3:hr>142</ns3:hr>
            <ns3:cad>92</ns3:cad>
          </ns3:TrackPointExtension>
        </extensions>
      </trkpt>
      <trkpt lat="47.682411856949329376220703125" lon="-122.35258326865732669830322265625">
        <ele>93.59999847412109375</ele>
        <time>2026-08-21T06:34:48.000Z</time>
        <extensions>
          <ns3:TrackPointExtension>
            <ns3:atemp>24.0</ns3:atemp>
            <ns3:hr>142</ns3:hr>
            <ns3:cad>91</ns3:cad>
          </ns3:TrackPointExtension>
        </extensions>
      </trkpt>
      <trkpt lat="47.68250430934131145477294921875" lon="-122.3525545187294483184814453125">
        <ele>93.59999847412109375</ele>
        <time>2026-08-21T06:34:51.000Z</time>
        <extensions>
          <ns3:TrackPointExtension>
            <ns3:atemp>24.0</ns3:atemp>
            <ns3:hr>141</ns3:hr>
            <ns3:cad>91</ns3:cad>
          </ns3:TrackPointExtension>
        </extensions>
      </trkpt>
      <trkpt lat="47.68254001624882221221923828125" lon="-122.35254169441759586334228515625">
        <ele>93.40000152587890625</ele>
        <time>2026-08-21T06:34:52.000Z</time>
        <extensions>
          <ns3:TrackPointExtension>
            <ns3:atemp>24.0</ns3:atemp>
            <ns3:hr>138</ns3:hr>
            <ns3:cad>91</ns3:cad>
          </ns3:TrackPointExtension>
        </extensions>
      </trkpt>
      <trkpt lat="47.68256901763379573822021484375" lon="-122.35253155231475830078125">
        <ele>93.40000152587890625</ele>
        <time>2026-08-21T06:34:53.000Z</time>
        <extensions>
          <ns3:TrackPointExtension>
            <ns3:atemp>24.0</ns3:atemp>
            <ns3:hr>141</ns3:hr>
            <ns3:cad>91</ns3:cad>
          </ns3:TrackPointExtension>
        </extensions>
      </trkpt>
      <trkpt lat="47.682605646550655364990234375" lon="-122.35251772217452526092529296875">
        <ele>93.40000152587890625</ele>
        <time>2026-08-21T06:34:55.000Z</time>
        <extensions>
          <ns3:TrackPointExtension>
            <ns3:atemp>24.0</ns3:atemp>
            <ns3:hr>138</ns3:hr>
            <ns3:cad>89</ns3:cad>
          </ns3:TrackPointExtension>
        </extensions>
      </trkpt>
      <trkpt lat="47.68267764709889888763427734375" lon="-122.352492325007915496826171875">
        <ele>93.1999969482421875</ele>
        <time>2026-08-21T06:34:57.000Z</time>
        <extensions>
          <ns3:TrackPointExtension>
            <ns3:atemp>24.0</ns3:atemp>
            <ns3:hr>138</ns3:hr>
            <ns3:cad>89</ns3:cad>
          </ns3:TrackPointExtension>
        </extensions>
      </trkpt>
      <trkpt lat="47.68273917026817798614501953125" lon="-122.35247581265866756439208984375">
        <ele>92.59999847412109375</ele>
        <time>2026-08-21T06:34:59.000Z</time>
        <extensions>
          <ns3:TrackPointExtension>
            <ns3:atemp>24.0</ns3:atemp>
            <ns3:hr>140</ns3:hr>
            <ns3:cad>89</ns3:cad>
          </ns3:TrackPointExtension>
        </extensions>
      </trkpt>
      <trkpt lat="47.6827915571630001068115234375" lon="-122.35246961005032062530517578125">
        <ele>92.59999847412109375</ele>
        <time>2026-08-21T06:35:01.000Z</time>
        <extensions>
          <ns3:TrackPointExtension>
            <ns3:atemp>24.0</ns3:atemp>
            <ns3:hr>139</ns3:hr>
            <ns3:cad>88</ns3:cad>
          </ns3:TrackPointExtension>
        </extensions>
      </trkpt>
      <trkpt lat="47.682856433093547821044921875" lon="-122.35247095115482807159423828125">
        <ele>93.1999969482421875</ele>
        <time>2026-08-21T06:35:03.000Z</time>
        <extensions>
          <ns3:TrackPointExtension>
            <ns3:atemp>24.0</ns3:atemp>
            <ns3:hr>140</ns3:hr>
            <ns3:cad>89</ns3:cad>
          </ns3:TrackPointExtension>
        </extensions>
      </trkpt>
      <trkpt lat="47.68294326961040496826171875" lon="-122.35243591479957103729248046875">
        <ele>93</ele>
        <time>2026-08-21T06:35:07.000Z</time>
        <extensions>
          <ns3:TrackPointExtension>
            <ns3:atemp>24.0</ns3:atemp>
            <ns3:hr>140</ns3:hr>
            <ns3:cad>89</ns3:cad>
          </ns3:TrackPointExtension>
        </extensions>
      </trkpt>
      <trkpt lat="47.683075368404388427734375" lon="-122.3523660935461521148681640625">
        <ele>93</ele>
        <time>2026-08-21T06:35:13.000Z</time>
        <extensions>
          <ns3:TrackPointExtension>
            <ns3:atemp>24.0</ns3:atemp>
            <ns3:hr>140</ns3:hr>
            <ns3:cad>92</ns3:cad>
          </ns3:TrackPointExtension>
        </extensions>
      </trkpt>
      <trkpt lat="47.68321140669286251068115234375" lon="-122.35231697559356689453125">
        <ele>92.59999847412109375</ele>
        <time>2026-08-21T06:35:18.000Z</time>
        <extensions>
          <ns3:TrackPointExtension>
            <ns3:atemp>24.0</ns3:atemp>
            <ns3:hr>139</ns3:hr>
            <ns3:cad>90</ns3:cad>
          </ns3:TrackPointExtension>
        </extensions>
      </trkpt>
      <trkpt lat="47.68338206224143505096435546875" lon="-122.35233935527503490447998046875">
        <ele>92.40000152587890625</ele>
        <time>2026-08-21T06:35:24.000Z</time>
        <extensions>
          <ns3:TrackPointExtension>
            <ns3:atemp>24.0</ns3:atemp>
            <ns3:hr>141</ns3:hr>
            <ns3:cad>92</ns3:cad>
          </ns3:TrackPointExtension>
        </extensions>
      </trkpt>
      <trkpt lat="47.68356277607381343841552734375" lon="-122.352350838482379913330078125">
        <ele>92.1999969482421875</ele>
        <time>2026-08-21T06:35:30.000Z</time>
        <extensions>
          <ns3:TrackPointExtension>
            <ns3:atemp>24.0</ns3:atemp>
            <ns3:hr>142</ns3:hr>
            <ns3:cad>94</ns3:cad>
          </ns3:TrackPointExtension>
        </extensions>
      </trkpt>
      <trkpt lat="47.68358775414526462554931640625" lon="-122.35235444270074367523193359375">
        <ele>92</ele>
        <time>2026-08-21T06:35:31.000Z</time>
        <extensions>
          <ns3:TrackPointExtension>
            <ns3:atemp>24.0</ns3:atemp>
            <ns3:hr>144</ns3:hr>
            <ns3:cad>94</ns3:cad>
          </ns3:TrackPointExtension>
        </extensions>
      </trkpt>
      <trkpt lat="47.6837682165205478668212890625" lon="-122.35239601694047451019287109375">
        <ele>92</ele>
        <time>2026-08-21T06:35:39.000Z</time>
        <extensions>
          <ns3:TrackPointExtension>
            <ns3:atemp>23.0</ns3:atemp>
            <ns3:hr>144</ns3:hr>
            <ns3:cad>95</ns3:cad>
          </ns3:TrackPointExtension>
        </extensions>
      </trkpt>
      <trkpt lat="47.68377634696662425994873046875" lon="-122.35241127200424671173095703125">
        <ele>91.8000030517578125</ele>
        <time>2026-08-21T06:35:40.000Z</time>
        <extensions>
          <ns3:TrackPointExtension>
            <ns3:atemp>23.0</ns3:atemp>
            <ns3:hr>144</ns3:hr>
            <ns3:cad>93</ns3:cad>
          </ns3:TrackPointExtension>
        </extensions>
      </trkpt>
      <trkpt lat="47.68378506414592266082763671875" lon="-122.3524137027561664581298828125">
        <ele>91.8000030517578125</ele>
        <time>2026-08-21T06:35:41.000Z</time>
        <extensions>
          <ns3:TrackPointExtension>
            <ns3:atemp>23.0</ns3:atemp>
            <ns3:hr>143</ns3:hr>
            <ns3:cad>93</ns3:cad>
          </ns3:TrackPointExtension>
        </extensions>
      </trkpt>
      <trkpt lat="47.68379260785877704620361328125" lon="-122.35241864807903766632080078125">
        <ele>91.59999847412109375</ele>
        <time>2026-08-21T06:35:43.000Z</time>
        <extensions>
          <ns3:TrackPointExtension>
            <ns3:atemp>23.0</ns3:atemp>
            <ns3:hr>144</ns3:hr>
            <ns3:cad>93</ns3:cad>
          </ns3:TrackPointExtension>
        </extensions>
      </trkpt>
      <trkpt lat="47.6838198490440845489501953125" lon="-122.3524505831301212310791015625">
        <ele>91.59999847412109375</ele>
        <time>2026-08-21T06:35:46.000Z</time>
        <extensions>
          <ns3:TrackPointExtension>
            <ns3:atemp>23.0</ns3:atemp>
            <ns3:hr>145</ns3:hr>
            <ns3:cad>94</ns3:cad>
          </ns3:TrackPointExtension>
        </extensions>
      </trkpt>
      <trkpt lat="47.683834098279476165771484375" lon="-122.3524686880409717559814453125">
        <ele>91.40000152587890625</ele>
        <time>2026-08-21T06:35:47.000Z</time>
        <extensions>
          <ns3:TrackPointExtension>
            <ns3:atemp>23.0</ns3:atemp>
            <ns3:hr>145</ns3:hr>
            <ns3:cad>93</ns3:cad>
          </ns3:TrackPointExtension>
        </extensions>
      </trkpt>
      <trkpt lat="47.68384071998298168182373046875" lon="-122.3524980247020721435546875">
        <ele>91.40000152587890625</ele>
        <time>2026-08-21T06:35:48.000Z</time>
        <extensions>
          <ns3:TrackPointExtension>
            <ns3:atemp>23.0</ns3:atemp>
            <ns3:hr>146</ns3:hr>
            <ns3:cad>93</ns3:cad>
          </ns3:TrackPointExtension>
        </extensions>
      </trkpt>
      <trkpt lat="47.68386184237897396087646484375" lon="-122.3525364138185977935791015625">
        <ele>91.40000152587890625</ele>
        <time>2026-08-21T06:35:50.000Z</time>
        <extensions>
          <ns3:TrackPointExtension>
            <ns3:atemp>23.0</ns3:atemp>
            <ns3:hr>145</ns3:hr>
            <ns3:cad>93</ns3:cad>
          </ns3:TrackPointExtension>
        </extensions>
      </trkpt>
      <trkpt lat="47.6838976331055164337158203125" lon="-122.3525541834533214569091796875">
        <ele>91.1999969482421875</ele>
        <time>2026-08-21T06:35:52.000Z</time>
        <extensions>
          <ns3:TrackPointExtension>
            <ns3:atemp>23.0</ns3:atemp>
            <ns3:hr>146</ns3:hr>
            <ns3:cad>93</ns3:cad>
          </ns3:TrackPointExtension>
        </extensions>
      </trkpt>
      <trkpt lat="47.68391364254057407379150390625" lon="-122.35256281681358814239501953125">
        <ele>91.1999969482421875</ele>
        <time>2026-08-21T06:35:53.000Z</time>
        <extensions>
          <ns3:TrackPointExtension>
            <ns3:atemp>23.0</ns3:atemp>
            <ns3:hr>146</ns3:hr>
            <ns3:cad>94</ns3:cad>
          </ns3:TrackPointExtension>
        </extensions>
      </trkpt>
      <trkpt lat="47.683972232043743133544921875" lon="-122.3525786586105823516845703125">
        <ele>91.1999969482421875</ele>
        <time>2026-08-21T06:35:56.000Z</time>
        <extensions>
          <ns3:TrackPointExtension>
            <ns3:atemp>23.0</ns3:atemp>
            <ns3:hr>149</ns3:hr>
            <ns3:cad>93</ns3:cad>
          </ns3:TrackPointExtension>
        </extensions>
      </trkpt>
      <trkpt lat="47.68401673994958400726318359375" lon="-122.3525652475655078887939453125">
        <ele>91.1999969482421875</ele>
        <time>2026-08-21T06:35:59.000Z</time>
        <extensions>
          <ns3:TrackPointExtension>
            <ns3:atemp>23.0</ns3:atemp>
            <ns3:hr>151</ns3:hr>
            <ns3:cad>92</ns3:cad>
          </ns3:TrackPointExtension>
        </extensions>
      </trkpt>
      <trkpt lat="47.68413551151752471923828125" lon="-122.3525444604456424713134765625">
        <ele>91</ele>
        <time>2026-08-21T06:36:04.000Z</time>
        <extensions>
          <ns3:TrackPointExtension>
            <ns3:atemp>23.0</ns3:atemp>
            <ns3:hr>153</ns3:hr>
            <ns3:cad>92</ns3:cad>
          </ns3:TrackPointExtension>
        </extensions>
      </trkpt>
      <trkpt lat="47.6842506788671016693115234375" lon="-122.3525786586105823516845703125">
        <ele>91</ele>
        <time>2026-08-21T06:36:09.000Z</time>
        <extensions>
          <ns3:TrackPointExtension>
            <ns3:atemp>23.0</ns3:atemp>
            <ns3:hr>152</ns3:hr>
            <ns3:cad>94</ns3:cad>
          </ns3:TrackPointExtension>
        </extensions>
      </trkpt>
      <trkpt lat="47.68428294919431209564208984375" lon="-122.35257916152477264404296875">
        <ele>91</ele>
        <time>2026-08-21T06:36:11.000Z</time>
        <extensions>
          <ns3:TrackPointExtension>
            <ns3:atemp>23.0</ns3:atemp>
            <ns3:hr>153</ns3:hr>
            <ns3:cad>92</ns3:cad>
          </ns3:TrackPointExtension>
        </extensions>
      </trkpt>
      <trkpt lat="47.68432804383337497711181640625" lon="-122.352574132382869720458984375">
        <ele>90.8000030517578125</ele>
        <time>2026-08-21T06:36:13.000Z</time>
        <extensions>
          <ns3:TrackPointExtension>
            <ns3:atemp>23.0</ns3:atemp>
            <ns3:hr>153</ns3:hr>
            <ns3:cad>94</ns3:cad>
          </ns3:TrackPointExtension>
        </extensions>
      </trkpt>
      <trkpt lat="47.68436081707477569580078125" lon="-122.35256415791809558868408203125">
        <ele>90.8000030517578125</ele>
        <time>2026-08-21T06:36:14.000Z</time>
        <extensions>
          <ns3:TrackPointExtension>
            <ns3:atemp>23.0</ns3:atemp>
            <ns3:hr>155</ns3:hr>
            <ns3:cad>94</ns3:cad>
          </ns3:TrackPointExtension>
        </extensions>
      </trkpt>
      <trkpt lat="47.684437930583953857421875" lon="-122.35256013460457324981689453125">
        <ele>90.8000030517578125</ele>
        <time>2026-08-21T06:36:16.000Z</time>
        <extensions>
          <ns3:TrackPointExtension>
            <ns3:atemp>23.0</ns3:atemp>
            <ns3:hr>154</ns3:hr>
            <ns3:cad>94</ns3:cad>
          </ns3:TrackPointExtension>
        </extensions>
      </trkpt>
      <trkpt lat="47.684590816497802734375" lon="-122.35255795530974864959716796875">
        <ele>90.40000152587890625</ele>
        <time>2026-08-21T06:36:21.000Z</time>
        <extensions>
          <ns3:TrackPointExtension>
            <ns3:atemp>23.0</ns3:atemp>
            <ns3:hr>152</ns3:hr>
            <ns3:cad>94</ns3:cad>
          </ns3:TrackPointExtension>
        </extensions>
      </trkpt>
      <trkpt lat="47.6846915669739246368408203125" lon="-122.35254521481692790985107421875">
        <ele>90</ele>
        <time>2026-08-21T06:36:25.000Z</time>
        <extensions>
          <ns3:TrackPointExtension>
            <ns3:atemp>23.0</ns3:atemp>
            <ns3:hr>151</ns3:hr>
            <ns3:cad>94</ns3:cad>
          </ns3:TrackPointExtension>
        </extensions>
      </trkpt>
      <trkpt lat="47.6847670041024684906005859375" lon="-122.3525454662740230560302734375">
        <ele>90</ele>
        <time>2026-08-21T06:36:28.000Z</time>
        <extensions>
          <ns3:TrackPointExtension>
            <ns3:atemp>23.0</ns3:atemp>
            <ns3:hr>154</ns3:hr>
            <ns3:cad>95</ns3:cad>
          </ns3:TrackPointExtension>
        </extensions>
      </trkpt>
      <trkpt lat="47.68479055725038051605224609375" lon="-122.35254689119756221771240234375">
        <ele>90</ele>
        <time>2026-08-21T06:36:29.000Z</time>
        <extensions>
          <ns3:TrackPointExtension>
            <ns3:atemp>23.0</ns3:atemp>
            <ns3:hr>153</ns3:hr>
            <ns3:cad>94</ns3:cad>
          </ns3:TrackPointExtension>
        </extensions>
      </trkpt>
      <trkpt lat="47.68490153364837169647216796875" lon="-122.35252325423061847686767578125">
        <ele>90.1999969482421875</ele>
        <time>2026-08-21T06:36:33.000Z</time>
        <extensions>
          <ns3:TrackPointExtension>
            <ns3:atemp>23.0</ns3:atemp>
            <ns3:hr>151</ns3:hr>
            <ns3:cad>94</ns3:cad>
          </ns3:TrackPointExtension>
        </extensions>
      </trkpt>
      <trkpt lat="47.68492014147341251373291015625" lon="-122.3525193147361278533935546875">
        <ele>90.1999969482421875</ele>
        <time>2026-08-21T06:36:34.000Z</time>
        <extensions>
          <ns3:TrackPointExtension>
            <ns3:atemp>23.0</ns3:atemp>
            <ns3:hr>150</ns3:hr>
            <ns3:cad>93</ns3:cad>
          </ns3:TrackPointExtension>
        </extensions>
      </trkpt>
      <trkpt lat="47.6850830018520355224609375" lon="-122.352481596171855926513671875">
        <ele>90</ele>
        <time>2026-08-21T06:36:41.000Z</time>
        <extensions>
          <ns3:TrackPointExtension>
            <ns3:atemp>23.0</ns3:atemp>
            <ns3:hr>154</ns3:hr>
            <ns3:cad>95</ns3:cad>
          </ns3:TrackPointExtension>
        </extensions>
      </trkpt>
      <trkpt lat="47.6852021925151348114013671875" lon="-122.35247681848704814910888671875">
        <ele>90</ele>
        <time>2026-08-21T06:36:45.000Z</time>
        <extensions>
          <ns3:TrackPointExtension>
            <ns3:atemp>23.0</ns3:atemp>
            <ns3:hr>152</ns3:hr>
            <ns3:cad>94</ns3:cad>
          </ns3:TrackPointExtension>
        </extensions>
      </trkpt>
      <trkpt lat="47.68526212312281131744384765625" lon="-122.35245636664330959320068359375">
        <ele>90</ele>
        <time>2026-08-21T06:36:47.000Z</time>
        <extensions>
          <ns3:TrackPointExtension>
            <ns3:atemp>23.0</ns3:atemp>
            <ns3:hr>150</ns3:hr>
            <ns3:cad>94</ns3:cad>
          </ns3:TrackPointExtension>
        </extensions>
      </trkpt>
      <trkpt lat="47.68531543202698230743408203125" lon="-122.35244773328304290771484375">
        <ele>90</ele>
        <time>2026-08-21T06:36:49.000Z</time>
        <extensions>
          <ns3:TrackPointExtension>
            <ns3:atemp>23.0</ns3:atemp>
            <ns3:hr>153</ns3:hr>
            <ns3:cad>94</ns3:cad>
          </ns3:TrackPointExtension>
        </extensions>
      </trkpt>
      <trkpt lat="47.68533177673816680908203125" lon="-122.3524425365030765533447265625">
        <ele>90</ele>
        <time>2026-08-21T06:36:50.000Z</time>
        <extensions>
          <ns3:TrackPointExtension>
            <ns3:atemp>23.0</ns3:atemp>
            <ns3:hr>150</ns3:hr>
            <ns3:cad>94</ns3:cad>
          </ns3:TrackPointExtension>
        </extensions>
      </trkpt>
      <trkpt lat="47.68540897406637668609619140625" lon="-122.35243222676217555999755859375">
        <ele>89.59999847412109375</ele>
        <time>2026-08-21T06:36:54.000Z</time>
        <extensions>
          <ns3:TrackPointExtension>
            <ns3:atemp>23.0</ns3:atemp>
            <ns3:hr>150</ns3:hr>
            <ns3:cad>93</ns3:cad>
          </ns3:TrackPointExtension>
        </extensions>
      </trkpt>
      <trkpt lat="47.6856145821511745452880859375" lon="-122.35243524424731731414794921875">
        <ele>89.59999847412109375</ele>
        <time>2026-08-21T06:37:01.000Z</time>
        <extensions>
          <ns3:TrackPointExtension>
            <ns3:atemp>23.0</ns3:atemp>
            <ns3:hr>150</ns3:hr>
            <ns3:cad>93</ns3:cad>
          </ns3:TrackPointExtension>
        </extensions>
      </trkpt>
      <trkpt lat="47.685817591845989227294921875" lon="-122.35243591479957103729248046875">
        <ele>89.59999847412109375</ele>
        <time>2026-08-21T06:37:08.000Z</time>
        <extensions>
          <ns3:TrackPointExtension>
            <ns3:atemp>23.0</ns3:atemp>
            <ns3:hr>148</ns3:hr>
            <ns3:cad>93</ns3:cad>
          </ns3:TrackPointExtension>
        </extensions>
      </trkpt>
      <trkpt lat="47.68584935925900936126708984375" lon="-122.35243675298988819122314453125">
        <ele>89.59999847412109375</ele>
        <time>2026-08-21T06:37:09.000Z</time>
        <extensions>
          <ns3:TrackPointExtension>
            <ns3:atemp>23.0</ns3:atemp>
            <ns3:hr>151</ns3:hr>
            <ns3:cad>92</ns3:cad>
          </ns3:TrackPointExtension>
        </extensions>
      </trkpt>
      <trkpt lat="47.6859149895608425140380859375" lon="-122.3524324782192707061767578125">
        <ele>89.59999847412109375</ele>
        <time>2026-08-21T06:37:11.000Z</time>
        <extensions>
          <ns3:TrackPointExtension>
            <ns3:atemp>23.0</ns3:atemp>
            <ns3:hr>148</ns3:hr>
            <ns3:cad>94</ns3:cad>
          </ns3:TrackPointExtension>
        </extensions>
      </trkpt>
      <trkpt lat="47.68599470146000385284423828125" lon="-122.35242887400090694427490234375">
        <ele>89.59999847412109375</ele>
        <time>2026-08-21T06:37:14.000Z</time>
        <extensions>
          <ns3:TrackPointExtension>
            <ns3:atemp>23.0</ns3:atemp>
            <ns3:hr>147</ns3:hr>
            <ns3:cad>94</ns3:cad>
          </ns3:TrackPointExtension>
        </extensions>
      </trkpt>
      <trkpt lat="47.68609209917485713958740234375" lon="-122.3524321429431438446044921875">
        <ele>90</ele>
        <time>2026-08-21T06:37:18.000Z</time>
        <extensions>
          <ns3:TrackPointExtension>
            <ns3:atemp>23.0</ns3:atemp>
            <ns3:hr>148</ns3:hr>
            <ns3:cad>93</ns3:cad>
          </ns3:TrackPointExtension>
        </extensions>
      </trkpt>
      <trkpt lat="47.68620475195348262786865234375" lon="-122.35238830558955669403076171875">
        <ele>89.8000030517578125</ele>
        <time>2026-08-21T06:37:23.000Z</time>
        <extensions>
          <ns3:TrackPointExtension>
            <ns3:atemp>23.0</ns3:atemp>
            <ns3:hr>150</ns3:hr>
            <ns3:cad>93</ns3:cad>
          </ns3:TrackPointExtension>
        </extensions>
      </trkpt>
      <trkpt lat="47.68623224459588527679443359375" lon="-122.35233650542795658111572265625">
        <ele>89.8000030517578125</ele>
        <time>2026-08-21T06:37:25.000Z</time>
        <extensions>
          <ns3:TrackPointExtension>
            <ns3:atemp>23.0</ns3:atemp>
            <ns3:hr>150</ns3:hr>
            <ns3:cad>93</ns3:cad>
          </ns3:TrackPointExtension>
        </extensions>
      </trkpt>
      <trkpt lat="47.68623031675815582275390625" lon="-122.35229124315083026885986328125">
        <ele>90</ele>
        <time>2026-08-21T06:37:27.000Z</time>
        <extensions>
          <ns3:TrackPointExtension>
            <ns3:atemp>23.0</ns3:atemp>
            <ns3:hr>150</ns3:hr>
            <ns3:cad>93</ns3:cad>
          </ns3:TrackPointExtension>
        </extensions>
      </trkpt>
      <trkpt lat="47.6862244494259357452392578125" lon="-122.3521904088556766510009765625">
        <ele>90</ele>
        <time>2026-08-21T06:37:30.000Z</time>
        <extensions>
          <ns3:TrackPointExtension>
            <ns3:atemp>23.0</ns3:atemp>
            <ns3:hr>149</ns3:hr>
            <ns3:cad>93</ns3:cad>
          </ns3:TrackPointExtension>
        </extensions>
      </trkpt>
      <trkpt lat="47.68622956238687038421630859375" lon="-122.35215713270008563995361328125">
        <ele>90</ele>
        <time>2026-08-21T06:37:31.000Z</time>
        <extensions>
          <ns3:TrackPointExtension>
            <ns3:atemp>23.0</ns3:atemp>
            <ns3:hr>150</ns3:hr>
            <ns3:cad>94</ns3:cad>
          </ns3:TrackPointExtension>
        </extensions>
      </trkpt>
      <trkpt lat="47.68624330870807170867919921875" lon="-122.35212461091578006744384765625">
        <ele>90</ele>
        <time>2026-08-21T06:37:32.000Z</time>
        <extensions>
          <ns3:TrackPointExtension>
            <ns3:atemp>23.0</ns3:atemp>
            <ns3:hr>151</ns3:hr>
            <ns3:cad>94</ns3:cad>
          </ns3:TrackPointExtension>
        </extensions>
      </trkpt>
      <trkpt lat="47.68626912496984004974365234375" lon="-122.352044396102428436279296875">
        <ele>90</ele>
        <time>2026-08-21T06:37:35.000Z</time>
        <extensions>
          <ns3:TrackPointExtension>
            <ns3:atemp>23.0</ns3:atemp>
            <ns3:hr>150</ns3:hr>
            <ns3:cad>94</ns3:cad>
          </ns3:TrackPointExtension>
        </extensions>
      </trkpt>
      <trkpt lat="47.68626577220857143402099609375" lon="-122.35199100337922573089599609375">
        <ele>90</ele>
        <time>2026-08-21T06:37:37.000Z</time>
        <extensions>
          <ns3:TrackPointExtension>
            <ns3:atemp>23.0</ns3:atemp>
            <ns3:hr>151</ns3:hr>
            <ns3:cad>94</ns3:cad>
          </ns3:TrackPointExtension>
        </extensions>
      </trkpt>
      <trkpt lat="47.68627147190272808074951171875" lon="-122.351922355592250823974609375">
        <ele>90</ele>
        <time>2026-08-21T06:37:39.000Z</time>
        <extensions>
          <ns3:TrackPointExtension>
            <ns3:atemp>23.0</ns3:atemp>
            <ns3:hr>151</ns3:hr>
            <ns3:cad>93</ns3:cad>
          </ns3:TrackPointExtension>
        </extensions>
      </trkpt>
      <trkpt lat="47.686252109706401824951171875" lon="-122.3517642728984355926513671875">
        <ele>90.40000152587890625</ele>
        <time>2026-08-21T06:37:44.000Z</time>
        <extensions>
          <ns3:TrackPointExtension>
            <ns3:atemp>23.0</ns3:atemp>
            <ns3:hr>151</ns3:hr>
            <ns3:cad>94</ns3:cad>
          </ns3:TrackPointExtension>
        </extensions>
      </trkpt>
      <trkpt lat="47.68626677803695201873779296875" lon="-122.35168472863733768463134765625">
        <ele>90.1999969482421875</ele>
        <time>2026-08-21T06:37:45.000Z</time>
        <extensions>
          <ns3:TrackPointExtension>
            <ns3:atemp>23.0</ns3:atemp>
            <ns3:hr>151</ns3:hr>
            <ns3:cad>94</ns3:cad>
          </ns3:TrackPointExtension>
        </extensions>
      </trkpt>
      <trkpt lat="47.68629133701324462890625" lon="-122.351594455540180206298828125">
        <ele>90.40000152587890625</ele>
        <time>2026-08-21T06:37:48.000Z</time>
        <extensions>
          <ns3:TrackPointExtension>
            <ns3:atemp>23.0</ns3:atemp>
            <ns3:hr>150</ns3:hr>
            <ns3:cad>94</ns3:cad>
          </ns3:TrackPointExtension>
        </extensions>
      </trkpt>
      <trkpt lat="47.68628622405230998992919921875" lon="-122.3515775240957736968994140625">
        <ele>90.40000152587890625</ele>
        <time>2026-08-21T06:37:49.000Z</time>
        <extensions>
          <ns3:TrackPointExtension>
            <ns3:atemp>23.0</ns3:atemp>
            <ns3:hr>151</ns3:hr>
            <ns3:cad>93</ns3:cad>
          </ns3:TrackPointExtension>
        </extensions>
      </trkpt>
      <trkpt lat="47.68627725541591644287109375" lon="-122.35153712332248687744140625">
        <ele>90.40000152587890625</ele>
        <time>2026-08-21T06:37:51.000Z</time>
        <extensions>
          <ns3:TrackPointExtension>
            <ns3:atemp>23.0</ns3:atemp>
            <ns3:hr>151</ns3:hr>
            <ns3:cad>93</ns3:cad>
          </ns3:TrackPointExtension>
        </extensions>
      </trkpt>
      <trkpt lat="47.68628664314746856689453125" lon="-122.35149781219661235809326171875">
        <ele>90.40000152587890625</ele>
        <time>2026-08-21T06:37:52.000Z</time>
        <extensions>
          <ns3:TrackPointExtension>
            <ns3:atemp>23.0</ns3:atemp>
            <ns3:hr>151</ns3:hr>
            <ns3:cad>94</ns3:cad>
          </ns3:TrackPointExtension>
        </extensions>
      </trkpt>
      <trkpt lat="47.686300389468669891357421875" lon="-122.35142841003835201263427734375">
        <ele>90.40000152587890625</ele>
        <time>2026-08-21T06:37:54.000Z</time>
        <extensions>
          <ns3:TrackPointExtension>
            <ns3:atemp>23.0</ns3:atemp>
            <ns3:hr>150</ns3:hr>
            <ns3:cad>95</ns3:cad>
          </ns3:TrackPointExtension>
        </extensions>
      </trkpt>
      <trkpt lat="47.686294019222259521484375" lon="-122.351355068385601043701171875">
        <ele>90.40000152587890625</ele>
        <time>2026-08-21T06:37:56.000Z</time>
        <extensions>
          <ns3:TrackPointExtension>
            <ns3:atemp>23.0</ns3:atemp>
            <ns3:hr>153</ns3:hr>
            <ns3:cad>94</ns3:cad>
          </ns3:TrackPointExtension>
        </extensions>
      </trkpt>
      <trkpt lat="47.68630080856382846832275390625" lon="-122.35131558962166309356689453125">
        <ele>90.59999847412109375</ele>
        <time>2026-08-21T06:37:57.000Z</time>
        <extensions>
          <ns3:TrackPointExtension>
            <ns3:atemp>23.0</ns3:atemp>
            <ns3:hr>151</ns3:hr>
            <ns3:cad>94</ns3:cad>
          </ns3:TrackPointExtension>
        </extensions>
      </trkpt>
      <trkpt lat="47.68630617298185825347900390625" lon="-122.35117728821933269500732421875">
        <ele>90.8000030517578125</ele>
        <time>2026-08-21T06:38:01.000Z</time>
        <extensions>
          <ns3:TrackPointExtension>
            <ns3:atemp>23.0</ns3:atemp>
            <ns3:hr>150</ns3:hr>
            <ns3:cad>94</ns3:cad>
          </ns3:TrackPointExtension>
        </extensions>
      </trkpt>
      <trkpt lat="47.6863236911594867706298828125" lon="-122.350921891629695892333984375">
        <ele>90.8000030517578125</ele>
        <time>2026-08-21T06:38:07.000Z</time>
        <extensions>
          <ns3:TrackPointExtension>
            <ns3:atemp>23.0</ns3:atemp>
            <ns3:hr>151</ns3:hr>
            <ns3:cad>95</ns3:cad>
          </ns3:TrackPointExtension>
        </extensions>
      </trkpt>
      <trkpt lat="47.68632662482559680938720703125" lon="-122.350887022912502288818359375">
        <ele>91</ele>
        <time>2026-08-21T06:38:08.000Z</time>
        <extensions>
          <ns3:TrackPointExtension>
            <ns3:atemp>23.0</ns3:atemp>
            <ns3:hr>151</ns3:hr>
            <ns3:cad>95</ns3:cad>
          </ns3:TrackPointExtension>
        </extensions>
      </trkpt>
      <trkpt lat="47.68634741194546222686767578125" lon="-122.35079071484506130218505859375">
        <ele>91</ele>
        <time>2026-08-21T06:38:11.000Z</time>
        <extensions>
          <ns3:TrackPointExtension>
            <ns3:atemp>23.0</ns3:atemp>
            <ns3:hr>152</ns3:hr>
            <ns3:cad>94</ns3:cad>
          </ns3:TrackPointExtension>
        </extensions>
      </trkpt>
      <trkpt lat="47.6863330788910388946533203125" lon="-122.3507735319435596466064453125">
        <ele>90.8000030517578125</ele>
        <time>2026-08-21T06:38:12.000Z</time>
        <extensions>
          <ns3:TrackPointExtension>
            <ns3:atemp>23.0</ns3:atemp>
            <ns3:hr>150</ns3:hr>
            <ns3:cad>94</ns3:cad>
          </ns3:TrackPointExtension>
        </extensions>
      </trkpt>
      <trkpt lat="47.68631991930305957794189453125" lon="-122.35075098462402820587158203125">
        <ele>91</ele>
        <time>2026-08-21T06:38:13.000Z</time>
        <extensions>
          <ns3:TrackPointExtension>
            <ns3:atemp>23.0</ns3:atemp>
            <ns3:hr>152</ns3:hr>
            <ns3:cad>94</ns3:cad>
          </ns3:TrackPointExtension>
        </extensions>
      </trkpt>
      <trkpt lat="47.68631824292242527008056640625" lon="-122.35072064213454723358154296875">
        <ele>91.1999969482421875</ele>
        <time>2026-08-21T06:38:14.000Z</time>
        <extensions>
          <ns3:TrackPointExtension>
            <ns3:atemp>23.0</ns3:atemp>
            <ns3:hr>151</ns3:hr>
            <ns3:cad>94</ns3:cad>
          </ns3:TrackPointExtension>
        </extensions>
      </trkpt>
      <trkpt lat="47.68632151186466217041015625" lon="-122.35066817142069339752197265625">
        <ele>91.40000152587890625</ele>
        <time>2026-08-21T06:38:16.000Z</time>
        <extensions>
          <ns3:TrackPointExtension>
            <ns3:atemp>23.0</ns3:atemp>
            <ns3:hr>151</ns3:hr>
            <ns3:cad>95</ns3:cad>
          </ns3:TrackPointExtension>
        </extensions>
      </trkpt>
      <trkpt lat="47.68631480634212493896484375" lon="-122.350656688213348388671875">
        <ele>91.40000152587890625</ele>
        <time>2026-08-21T06:38:17.000Z</time>
        <extensions>
          <ns3:TrackPointExtension>
            <ns3:atemp>23.0</ns3:atemp>
            <ns3:hr>150</ns3:hr>
            <ns3:cad>96</ns3:cad>
          </ns3:TrackPointExtension>
        </extensions>
      </trkpt>
      <trkpt lat="47.6862915046513080596923828125" lon="-122.35066146589815616607666015625">
        <ele>91.40000152587890625</ele>
        <time>2026-08-21T06:38:19.000Z</time>
        <extensions>
          <ns3:TrackPointExtension>
            <ns3:atemp>23.0</ns3:atemp>
            <ns3:hr>150</ns3:hr>
            <ns3:cad>93</ns3:cad>
          </ns3:TrackPointExtension>
        </extensions>
      </trkpt>
      <trkpt lat="47.686268202960491180419921875" lon="-122.350603044033050537109375">
        <ele>91.1999969482421875</ele>
        <time>2026-08-21T06:38:22.000Z</time>
        <extensions>
          <ns3:TrackPointExtension>
            <ns3:atemp>23.0</ns3:atemp>
            <ns3:hr>148</ns3:hr>
            <ns3:cad>93</ns3:cad>
          </ns3:TrackPointExtension>
        </extensions>
      </trkpt>
      <trkpt lat="47.68625873140990734100341796875" lon="-122.35056750476360321044921875">
        <ele>91.40000152587890625</ele>
        <time>2026-08-21T06:38:23.000Z</time>
        <extensions>
          <ns3:TrackPointExtension>
            <ns3:atemp>23.0</ns3:atemp>
            <ns3:hr>149</ns3:hr>
            <ns3:cad>93</ns3:cad>
          </ns3:TrackPointExtension>
        </extensions>
      </trkpt>
      <trkpt lat="47.68623878248035907745361328125" lon="-122.35050606541335582733154296875">
        <ele>91.8000030517578125</ele>
        <time>2026-08-21T06:38:25.000Z</time>
        <extensions>
          <ns3:TrackPointExtension>
            <ns3:atemp>23.0</ns3:atemp>
            <ns3:hr>149</ns3:hr>
            <ns3:cad>93</ns3:cad>
          </ns3:TrackPointExtension>
        </extensions>
      </trkpt>
      <trkpt lat="47.686244733631610870361328125" lon="-122.35047362744808197021484375">
        <ele>92</ele>
        <time>2026-08-21T06:38:26.000Z</time>
        <extensions>
          <ns3:TrackPointExtension>
            <ns3:atemp>23.0</ns3:atemp>
            <ns3:hr>149</ns3:hr>
            <ns3:cad>94</ns3:cad>
          </ns3:TrackPointExtension>
        </extensions>
      </trkpt>
      <trkpt lat="47.68624951131641864776611328125" lon="-122.350222170352935791015625">
        <ele>92</ele>
        <time>2026-08-21T06:38:32.000Z</time>
        <extensions>
          <ns3:TrackPointExtension>
            <ns3:atemp>23.0</ns3:atemp>
            <ns3:hr>147</ns3:hr>
            <ns3:cad>92</ns3:cad>
          </ns3:TrackPointExtension>
        </extensions>
      </trkpt>
      <trkpt lat="47.68623459152877330780029296875" lon="-122.35002762638032436370849609375">
        <ele>91.8000030517578125</ele>
        <time>2026-08-21T06:38:37.000Z</time>
        <extensions>
          <ns3:TrackPointExtension>
            <ns3:atemp>23.0</ns3:atemp>
            <ns3:hr>147</ns3:hr>
            <ns3:cad>92</ns3:cad>
          </ns3:TrackPointExtension>
        </extensions>
      </trkpt>
      <trkpt lat="47.6862308196723461151123046875" lon="-122.3498079366981983184814453125">
        <ele>92</ele>
        <time>2026-08-21T06:38:44.000Z</time>
        <extensions>
          <ns3:TrackPointExtension>
            <ns3:atemp>23.0</ns3:atemp>
            <ns3:hr>146</ns3:hr>
            <ns3:cad>93</ns3:cad>
          </ns3:TrackPointExtension>
        </extensions>
      </trkpt>
      <trkpt lat="47.686222605407238006591796875" lon="-122.3497770912945270538330078125">
        <ele>92</ele>
        <time>2026-08-21T06:38:45.000Z</time>
        <extensions>
          <ns3:TrackPointExtension>
            <ns3:atemp>23.0</ns3:atemp>
            <ns3:hr>146</ns3:hr>
            <ns3:cad>93</ns3:cad>
          </ns3:TrackPointExtension>
        </extensions>
      </trkpt>
      <trkpt lat="47.68621246330440044403076171875" lon="-122.34971799887716770172119140625">
        <ele>92</ele>
        <time>2026-08-21T06:38:47.000Z</time>
        <extensions>
          <ns3:TrackPointExtension>
            <ns3:atemp>23.0</ns3:atemp>
            <ns3:hr>146</ns3:hr>
            <ns3:cad>93</ns3:cad>
          </ns3:TrackPointExtension>
        </extensions>
      </trkpt>
      <trkpt lat="47.68622403033077716827392578125" lon="-122.34968849457800388336181640625">
        <ele>92.1999969482421875</ele>
        <time>2026-08-21T06:38:48.000Z</time>
        <extensions>
          <ns3:TrackPointExtension>
            <ns3:atemp>23.0</ns3:atemp>
            <ns3:hr>146</ns3:hr>
            <ns3:cad>93</ns3:cad>
          </ns3:TrackPointExtension>
        </extensions>
      </trkpt>
      <trkpt lat="47.6862298138439655303955078125" lon="-122.34961473383009433746337890625">
        <ele>92.40000152587890625</ele>
        <time>2026-08-21T06:38:50.000Z</time>
        <extensions>
          <ns3:TrackPointExtension>
            <ns3:atemp>23.0</ns3:atemp>
            <ns3:hr>149</ns3:hr>
            <ns3:cad>94</ns3:cad>
          </ns3:TrackPointExtension>
        </extensions>
      </trkpt>
      <trkpt lat="47.6862274669110774993896484375" lon="-122.3495797812938690185546875">
        <ele>92.59999847412109375</ele>
        <time>2026-08-21T06:38:51.000Z</time>
        <extensions>
          <ns3:TrackPointExtension>
            <ns3:atemp>23.0</ns3:atemp>
            <ns3:hr>148</ns3:hr>
            <ns3:cad>93</ns3:cad>
          </ns3:TrackPointExtension>
        </extensions>
      </trkpt>
      <trkpt lat="47.6862311549484729766845703125" lon="-122.3495464213192462921142578125">
        <ele>92.59999847412109375</ele>
        <time>2026-08-21T06:38:52.000Z</time>
        <extensions>
          <ns3:TrackPointExtension>
            <ns3:atemp>23.0</ns3:atemp>
            <ns3:hr>148</ns3:hr>
            <ns3:cad>93</ns3:cad>
          </ns3:TrackPointExtension>
        </extensions>
      </trkpt>
      <trkpt lat="47.6862720586359500885009765625" lon="-122.349420525133609771728515625">
        <ele>93.1999969482421875</ele>
        <time>2026-08-21T06:38:56.000Z</time>
        <extensions>
          <ns3:TrackPointExtension>
            <ns3:atemp>23.0</ns3:atemp>
            <ns3:hr>145</ns3:hr>
            <ns3:cad>91</ns3:cad>
          </ns3:TrackPointExtension>
        </extensions>
      </trkpt>
      <trkpt lat="47.68629259429872035980224609375" lon="-122.3493740893900394439697265625">
        <ele>93.1999969482421875</ele>
        <time>2026-08-21T06:38:58.000Z</time>
        <extensions>
          <ns3:TrackPointExtension>
            <ns3:atemp>23.0</ns3:atemp>
            <ns3:hr>146</ns3:hr>
            <ns3:cad>91</ns3:cad>
          </ns3:TrackPointExtension>
        </extensions>
      </trkpt>
      <trkpt lat="47.6863032393157482147216796875" lon="-122.34921726398169994354248046875">
        <ele>93.40000152587890625</ele>
        <time>2026-08-21T06:39:02.000Z</time>
        <extensions>
          <ns3:TrackPointExtension>
            <ns3:atemp>23.0</ns3:atemp>
            <ns3:hr>147</ns3:hr>
            <ns3:cad>92</ns3:cad>
          </ns3:TrackPointExtension>
        </extensions>
      </trkpt>
      <trkpt lat="47.68630801700055599212646484375" lon="-122.3491786234080791473388671875">
        <ele>93.40000152587890625</ele>
        <time>2026-08-21T06:39:03.000Z</time>
        <extensions>
          <ns3:TrackPointExtension>
            <ns3:atemp>23.0</ns3:atemp>
            <ns3:hr>148</ns3:hr>
            <ns3:cad>92</ns3:cad>
          </ns3:TrackPointExtension>
        </extensions>
      </trkpt>
      <trkpt lat="47.6863248646259307861328125" lon="-122.3491420783102512359619140625">
        <ele>93.59999847412109375</ele>
        <time>2026-08-21T06:39:04.000Z</time>
        <extensions>
          <ns3:TrackPointExtension>
            <ns3:atemp>23.0</ns3:atemp>
            <ns3:hr>147</ns3:hr>
            <ns3:cad>92</ns3:cad>
          </ns3:TrackPointExtension>
        </extensions>
      </trkpt>
      <trkpt lat="47.686331234872341156005859375" lon="-122.3490653000771999359130859375">
        <ele>93.59999847412109375</ele>
        <time>2026-08-21T06:39:06.000Z</time>
        <extensions>
          <ns3:TrackPointExtension>
            <ns3:atemp>23.0</ns3:atemp>
            <ns3:hr>148</ns3:hr>
            <ns3:cad>92</ns3:cad>
          </ns3:TrackPointExtension>
        </extensions>
      </trkpt>
      <trkpt lat="47.6862980425357818603515625" lon="-122.349024228751659393310546875">
        <ele>93.59999847412109375</ele>
        <time>2026-08-21T06:39:08.000Z</time>
        <extensions>
          <ns3:TrackPointExtension>
            <ns3:atemp>23.0</ns3:atemp>
            <ns3:hr>148</ns3:hr>
            <ns3:cad>93</ns3:cad>
          </ns3:TrackPointExtension>
        </extensions>
      </trkpt>
      <trkpt lat="47.68627918325364589691162109375" lon="-122.34898860566318035125732421875">
        <ele>93.8000030517578125</ele>
        <time>2026-08-21T06:39:10.000Z</time>
        <extensions>
          <ns3:TrackPointExtension>
            <ns3:atemp>23.0</ns3:atemp>
            <ns3:hr>149</ns3:hr>
            <ns3:cad>94</ns3:cad>
          </ns3:TrackPointExtension>
        </extensions>
      </trkpt>
      <trkpt lat="47.68626711331307888031005859375" lon="-122.34892490319907665252685546875">
        <ele>93.8000030517578125</ele>
        <time>2026-08-21T06:39:13.000Z</time>
        <extensions>
          <ns3:TrackPointExtension>
            <ns3:atemp>23.0</ns3:atemp>
            <ns3:hr>151</ns3:hr>
            <ns3:cad>93</ns3:cad>
          </ns3:TrackPointExtension>
        </extensions>
      </trkpt>
      <trkpt lat="47.68625118769705295562744140625" lon="-122.34888374805450439453125">
        <ele>93.8000030517578125</ele>
        <time>2026-08-21T06:39:15.000Z</time>
        <extensions>
          <ns3:TrackPointExtension>
            <ns3:atemp>23.0</ns3:atemp>
            <ns3:hr>153</ns3:hr>
            <ns3:cad>93</ns3:cad>
          </ns3:TrackPointExtension>
        </extensions>
      </trkpt>
      <trkpt lat="47.6862529478967189788818359375" lon="-122.34886002726852893829345703125">
        <ele>93.8000030517578125</ele>
        <time>2026-08-21T06:39:16.000Z</time>
        <extensions>
          <ns3:TrackPointExtension>
            <ns3:atemp>23.0</ns3:atemp>
            <ns3:hr>151</ns3:hr>
            <ns3:cad>92</ns3:cad>
          </ns3:TrackPointExtension>
        </extensions>
      </trkpt>
      <trkpt lat="47.686248086392879486083984375" lon="-122.34880621545016765594482421875">
        <ele>93.8000030517578125</ele>
        <time>2026-08-21T06:39:18.000Z</time>
        <extensions>
          <ns3:TrackPointExtension>
            <ns3:atemp>23.0</ns3:atemp>
            <ns3:hr>150</ns3:hr>
            <ns3:cad>93</ns3:cad>
          </ns3:TrackPointExtension>
        </extensions>
      </trkpt>
      <trkpt lat="47.68623559735715389251708984375" lon="-122.34877000562846660614013671875">
        <ele>93.8000030517578125</ele>
        <time>2026-08-21T06:39:19.000Z</time>
        <extensions>
          <ns3:TrackPointExtension>
            <ns3:atemp>23.0</ns3:atemp>
            <ns3:hr>151</ns3:hr>
            <ns3:cad>93</ns3:cad>
          </ns3:TrackPointExtension>
        </extensions>
      </trkpt>
      <trkpt lat="47.68621313385665416717529296875" lon="-122.34870630316436290740966796875">
        <ele>93.8000030517578125</ele>
        <time>2026-08-21T06:39:22.000Z</time>
        <extensions>
          <ns3:TrackPointExtension>
            <ns3:atemp>23.0</ns3:atemp>
            <ns3:hr>150</ns3:hr>
            <ns3:cad>92</ns3:cad>
          </ns3:TrackPointExtension>
        </extensions>
      </trkpt>
      <trkpt lat="47.686202824115753173828125" lon="-122.3486837558448314666748046875">
        <ele>93.8000030517578125</ele>
        <time>2026-08-21T06:39:23.000Z</time>
        <extensions>
          <ns3:TrackPointExtension>
            <ns3:atemp>23.0</ns3:atemp>
            <ns3:hr>150</ns3:hr>
            <ns3:cad>92</ns3:cad>
          </ns3:TrackPointExtension>
        </extensions>
      </trkpt>
      <trkpt lat="47.68614959903061389923095703125" lon="-122.34857789240777492523193359375">
        <ele>94</ele>
        <time>2026-08-21T06:39:27.000Z</time>
        <extensions>
          <ns3:TrackPointExtension>
            <ns3:atemp>23.0</ns3:atemp>
            <ns3:hr>147</ns3:hr>
            <ns3:cad>91</ns3:cad>
          </ns3:TrackPointExtension>
        </extensions>
      </trkpt>
      <trkpt lat="47.68614448606967926025390625" lon="-122.3485402576625347137451171875">
        <ele>94</ele>
        <time>2026-08-21T06:39:28.000Z</time>
        <extensions>
          <ns3:TrackPointExtension>
            <ns3:atemp>23.0</ns3:atemp>
            <ns3:hr>148</ns3:hr>
            <ns3:cad>91</ns3:cad>
          </ns3:TrackPointExtension>
        </extensions>
      </trkpt>
      <trkpt lat="47.6861439831554889678955078125" lon="-122.34849759377539157867431640625">
        <ele>94</ele>
        <time>2026-08-21T06:39:29.000Z</time>
        <extensions>
          <ns3:TrackPointExtension>
            <ns3:atemp>23.0</ns3:atemp>
            <ns3:hr>149</ns3:hr>
            <ns3:cad>91</ns3:cad>
          </ns3:TrackPointExtension>
        </extensions>
      </trkpt>
      <trkpt lat="47.686140127480030059814453125" lon="-122.3484591208398342132568359375">
        <ele>94</ele>
        <time>2026-08-21T06:39:30.000Z</time>
        <extensions>
          <ns3:TrackPointExtension>
            <ns3:atemp>23.0</ns3:atemp>
            <ns3:hr>148</ns3:hr>
            <ns3:cad>91</ns3:cad>
          </ns3:TrackPointExtension>
        </extensions>
      </trkpt>
      <trkpt lat="47.6861397922039031982421875" lon="-122.3483347333967685699462890625">
        <ele>93.8000030517578125</ele>
        <time>2026-08-21T06:39:33.000Z</time>
        <extensions>
          <ns3:TrackPointExtension>
            <ns3:atemp>23.0</ns3:atemp>
            <ns3:hr>149</ns3:hr>
            <ns3:cad>92</ns3:cad>
          </ns3:TrackPointExtension>
        </extensions>
      </trkpt>
      <trkpt lat="47.68613836728036403656005859375" lon="-122.3483042232692241668701171875">
        <ele>93.8000030517578125</ele>
        <time>2026-08-21T06:39:34.000Z</time>
        <extensions>
          <ns3:TrackPointExtension>
            <ns3:atemp>23.0</ns3:atemp>
            <ns3:hr>149</ns3:hr>
            <ns3:cad>92</ns3:cad>
          </ns3:TrackPointExtension>
        </extensions>
      </trkpt>
      <trkpt lat="47.68612260930240154266357421875" lon="-122.34825803898274898529052734375">
        <ele>93.8000030517578125</ele>
        <time>2026-08-21T06:39:36.000Z</time>
        <extensions>
          <ns3:TrackPointExtension>
            <ns3:atemp>23.0</ns3:atemp>
            <ns3:hr>149</ns3:hr>
            <ns3:cad>91</ns3:cad>
          </ns3:TrackPointExtension>
        </extensions>
      </trkpt>
      <trkpt lat="47.68611422739923000335693359375" lon="-122.34822652302682399749755859375">
        <ele>93.8000030517578125</ele>
        <time>2026-08-21T06:39:37.000Z</time>
        <extensions>
          <ns3:TrackPointExtension>
            <ns3:atemp>23.0</ns3:atemp>
            <ns3:hr>147</ns3:hr>
            <ns3:cad>92</ns3:cad>
          </ns3:TrackPointExtension>
        </extensions>
      </trkpt>
      <trkpt lat="47.6861144788563251495361328125" lon="-122.3481865413486957550048828125">
        <ele>93.8000030517578125</ele>
        <time>2026-08-21T06:39:38.000Z</time>
        <extensions>
          <ns3:TrackPointExtension>
            <ns3:atemp>23.0</ns3:atemp>
            <ns3:hr>149</ns3:hr>
            <ns3:cad>92</ns3:cad>
          </ns3:TrackPointExtension>
        </extensions>
      </trkpt>
      <trkpt lat="47.6861104555428028106689453125" lon="-122.34811462461948394775390625">
        <ele>93.8000030517578125</ele>
        <time>2026-08-21T06:39:40.000Z</time>
        <extensions>
          <ns3:TrackPointExtension>
            <ns3:atemp>23.0</ns3:atemp>
            <ns3:hr>149</ns3:hr>
            <ns3:cad>93</ns3:cad>
          </ns3:TrackPointExtension>
        </extensions>
      </trkpt>
      <trkpt lat="47.6861104555428028106689453125" lon="-122.34811462461948394775390625">
        <ele>93.59999847412109375</ele>
        <time>2026-08-21T06:39:41.000Z</time>
        <extensions>
          <ns3:TrackPointExtension>
            <ns3:atemp>23.0</ns3:atemp>
            <ns3:hr>150</ns3:hr>
            <ns3:cad>93</ns3:cad>
          </ns3:TrackPointExtension>
        </extensions>
      </trkpt>
      <trkpt lat="47.6860718987882137298583984375" lon="-122.34788739122450351715087890625">
        <ele>93.1999969482421875</ele>
        <time>2026-08-21T06:39:47.000Z</time>
        <extensions>
          <ns3:TrackPointExtension>
            <ns3:atemp>23.0</ns3:atemp>
            <ns3:hr>151</ns3:hr>
            <ns3:cad>94</ns3:cad>
          </ns3:TrackPointExtension>
        </extensions>
      </trkpt>
      <trkpt lat="47.68603225238621234893798828125" lon="-122.3477862216532230377197265625">
        <ele>93</ele>
        <time>2026-08-21T06:39:52.000Z</time>
        <extensions>
          <ns3:TrackPointExtension>
            <ns3:atemp>23.0</ns3:atemp>
            <ns3:hr>147</ns3:hr>
            <ns3:cad>89</ns3:cad>
          </ns3:TrackPointExtension>
        </extensions>
      </trkpt>
      <trkpt lat="47.68601247109472751617431640625" lon="-122.34776602126657962799072265625">
        <ele>93</ele>
        <time>2026-08-21T06:39:53.000Z</time>
        <extensions>
          <ns3:TrackPointExtension>
            <ns3:atemp>23.0</ns3:atemp>
            <ns3:hr>149</ns3:hr>
            <ns3:cad>89</ns3:cad>
          </ns3:TrackPointExtension>
        </extensions>
      </trkpt>
      <trkpt lat="47.68587182275950908660888671875" lon="-122.34759536571800708770751953125">
        <ele>93</ele>
        <time>2026-08-21T06:39:59.000Z</time>
        <extensions>
          <ns3:TrackPointExtension>
            <ns3:atemp>23.0</ns3:atemp>
            <ns3:hr>150</ns3:hr>
            <ns3:cad>92</ns3:cad>
          </ns3:TrackPointExtension>
        </extensions>
      </trkpt>
      <trkpt lat="47.68574374727904796600341796875" lon="-122.34746553003787994384765625">
        <ele>92.59999847412109375</ele>
        <time>2026-08-21T06:40:04.000Z</time>
        <extensions>
          <ns3:TrackPointExtension>
            <ns3:atemp>23.0</ns3:atemp>
            <ns3:hr>150</ns3:hr>
            <ns3:cad>100</ns3:cad>
          </ns3:TrackPointExtension>
        </extensions>
      </trkpt>
      <trkpt lat="47.685670740902423858642578125" lon="-122.34738263301551342010498046875">
        <ele>92.59999847412109375</ele>
        <time>2026-08-21T06:40:07.000Z</time>
        <extensions>
          <ns3:TrackPointExtension>
            <ns3:atemp>23.0</ns3:atemp>
            <ns3:hr>151</ns3:hr>
            <ns3:cad>100</ns3:cad>
          </ns3:TrackPointExtension>
        </extensions>
      </trkpt>
      <trkpt lat="47.68564266152679920196533203125" lon="-122.347384057939052581787109375">
        <ele>92.59999847412109375</ele>
        <time>2026-08-21T06:40:08.000Z</time>
        <extensions>
          <ns3:TrackPointExtension>
            <ns3:atemp>23.0</ns3:atemp>
            <ns3:hr>151</ns3:hr>
            <ns3:cad>93</ns3:cad>
          </ns3:TrackPointExtension>
        </extensions>
      </trkpt>
      <trkpt lat="47.6856115646660327911376953125" lon="-122.34738749451935291290283203125">
        <ele>92.59999847412109375</ele>
        <time>2026-08-21T06:40:10.000Z</time>
        <extensions>
          <ns3:TrackPointExtension>
            <ns3:atemp>23.0</ns3:atemp>
            <ns3:hr>150</ns3:hr>
            <ns3:cad>93</ns3:cad>
          </ns3:TrackPointExtension>
        </extensions>
      </trkpt>
      <trkpt lat="47.68559773452579975128173828125" lon="-122.34737567603588104248046875">
        <ele>92.40000152587890625</ele>
        <time>2026-08-21T06:40:11.000Z</time>
        <extensions>
          <ns3:TrackPointExtension>
            <ns3:atemp>23.0</ns3:atemp>
            <ns3:hr>151</ns3:hr>
            <ns3:cad>93</ns3:cad>
          </ns3:TrackPointExtension>
        </extensions>
      </trkpt>
      <trkpt lat="47.6856259815394878387451171875" lon="-122.3473657853901386260986328125">
        <ele>92.1999969482421875</ele>
        <time>2026-08-21T06:40:15.000Z</time>
        <extensions>
          <ns3:TrackPointExtension>
            <ns3:atemp>23.0</ns3:atemp>
            <ns3:hr>150</ns3:hr>
            <ns3:cad>91</ns3:cad>
          </ns3:TrackPointExtension>
        </extensions>
      </trkpt>
      <trkpt lat="47.68572463653981685638427734375" lon="-122.3473577387630939483642578125">
        <ele>92</ele>
        <time>2026-08-21T06:40:20.000Z</time>
        <extensions>
          <ns3:TrackPointExtension>
            <ns3:atemp>23.0</ns3:atemp>
            <ns3:hr>147</ns3:hr>
            <ns3:cad>93</ns3:cad>
          </ns3:TrackPointExtension>
        </extensions>
      </trkpt>
      <trkpt lat="47.68573335371911525726318359375" lon="-122.34737156890332698822021484375">
        <ele>91.8000030517578125</ele>
        <time>2026-08-21T06:40:21.000Z</time>
        <extensions>
          <ns3:TrackPointExtension>
            <ns3:atemp>23.0</ns3:atemp>
            <ns3:hr>146</ns3:hr>
            <ns3:cad>93</ns3:cad>
          </ns3:TrackPointExtension>
        </extensions>
      </trkpt>
      <trkpt lat="47.6857533864676952362060546875" lon="-122.3473825491964817047119140625">
        <ele>91.8000030517578125</ele>
        <time>2026-08-21T06:40:23.000Z</time>
        <extensions>
          <ns3:TrackPointExtension>
            <ns3:atemp>23.0</ns3:atemp>
            <ns3:hr>145</ns3:hr>
            <ns3:cad>94</ns3:cad>
          </ns3:TrackPointExtension>
        </extensions>
      </trkpt>
      <trkpt lat="47.68578565679490566253662109375" lon="-122.34739453531801700592041015625">
        <ele>91.59999847412109375</ele>
        <time>2026-08-21T06:40:26.000Z</time>
        <extensions>
          <ns3:TrackPointExtension>
            <ns3:atemp>23.0</ns3:atemp>
            <ns3:hr>143</ns3:hr>
            <ns3:cad>93</ns3:cad>
          </ns3:TrackPointExtension>
        </extensions>
      </trkpt>
      <trkpt lat="47.68587349914014339447021484375" lon="-122.3474355228245258331298828125">
        <ele>92.59999847412109375</ele>
        <time>2026-08-21T06:40:31.000Z</time>
        <extensions>
          <ns3:TrackPointExtension>
            <ns3:atemp>23.0</ns3:atemp>
            <ns3:hr>141</ns3:hr>
            <ns3:cad>93</ns3:cad>
          </ns3:TrackPointExtension>
        </extensions>
      </trkpt>
    </trkseg>
  </trk>
</gpx>
