<gpx xmlns:ns3="http://www.garmin.com/xmlschemas/TrackPointExtension/v1" xmlns="http://www.topografix.com/GPX/1/1" xmlns:xsi="http://www.w3.org/2001/XMLSchema-instance" xmlns:ns2="http://www.garmin.com/xmlschemas/GpxExtensions/v3" creator="Garmin Connect" version="1.1" xsi:schemaLocation="http://www.topografix.com/GPX/1/1 http://www.topografix.com/GPX/11.xsd">
  <extensions>
<distance>5035.71</distance>
<average_hr>153.0</average_hr>
<average_speed>4.2270002365112305</average_speed>
<start_time>2026-09-26T15:05:59+00:00</start_time>
<end_time>2026-09-26T15:25:50.194000+00:00</end_time>
<moving_time>1186.523</moving_time>
<elapsed_time>1191.194</elapsed_time>
</extensions>
<metadata>
    <link href="connect.garmin.com">
      <text>Garmin Connect</text>
    </link>
    <time>2026-09-26T15:05:59.000Z</time>
  </metadata>
  <trk>
    <name>Milwaukee Running</name>
    <type>running</type>
    <trkseg>
      <trkpt lat="43.04415003396570682525634765625" lon="-87.89042609743773937225341796875">
        <ele>183</ele>
        <time>2026-09-26T15:05:59.000Z</time>
        <extensions>
          <ns3:TrackPointExtension>
            <ns3:atemp>23.0</ns3:atemp>
            <ns3:hr>88</ns3:hr>
            <ns3:cad>0</ns3:cad>
          </ns3:TrackPointExtension>
        </extensions>
      </trkpt>
      <trkpt lat="43.04414995014667510986328125" lon="-87.89042609743773937225341796875">
        <ele>183</ele>
        <time>2026-09-26T15:06:00.000Z</time>
        <extensions>
          <ns3:TrackPointExtension>
            <ns3:atemp>23.0</ns3:atemp>
            <ns3:hr>88</ns3:hr>
            <ns3:cad>0</ns3:cad>
          </ns3:TrackPointExtension>
        </extensions>
      </trkpt>
      <trkpt lat="43.04408163763582706451416015625" lon="-87.89044638164341449737548828125">
        <ele>183</ele>
        <time>2026-09-26T15:06:03.000Z</time>
        <extensions>
          <ns3:TrackPointExtension>
            <ns3:atemp>23.0</ns3:atemp>
            <ns3:hr>92</ns3:hr>
            <ns3:cad>94</ns3:cad>
          </ns3:TrackPointExtension>
        </extensions>
      </trkpt>
      <trkpt lat="43.04404391907155513763427734375" lon="-87.89045878686010837554931640625">
        <ele>183</ele>
        <time>2026-09-26T15:06:04.000Z</time>
        <extensions>
          <ns3:TrackPointExtension>
            <ns3:atemp>23.0</ns3:atemp>
            <ns3:hr>92</ns3:hr>
            <ns3:cad>0</ns3:cad>
          </ns3:TrackPointExtension>
        </extensions>
      </trkpt>
      <trkpt lat="43.04389857687056064605712890625" lon="-87.8905493952333927154541015625">
        <ele>182.600006103515625</ele>
        <time>2026-09-26T15:06:08.000Z</time>
        <extensions>
          <ns3:TrackPointExtension>
            <ns3:atemp>23.0</ns3:atemp>
            <ns3:hr>93</ns3:hr>
            <ns3:cad>0</ns3:cad>
          </ns3:TrackPointExtension>
        </extensions>
      </trkpt>
      <trkpt lat="43.04374401457607746124267578125" lon="-87.890749387443065643310546875">
        <ele>182</ele>
        <time>2026-09-26T15:06:13.000Z</time>
        <extensions>
          <ns3:TrackPointExtension>
            <ns3:atemp>23.0</ns3:atemp>
            <ns3:hr>93</ns3:hr>
            <ns3:cad>94</ns3:cad>
          </ns3:TrackPointExtension>
        </extensions>
      </trkpt>
      <trkpt lat="43.0437095649540424346923828125" lon="-87.8907891176640987396240234375">
        <ele>182</ele>
        <time>2026-09-26T15:06:14.000Z</time>
        <extensions>
          <ns3:TrackPointExtension>
            <ns3:atemp>23.0</ns3:atemp>
            <ns3:hr>94</ns3:hr>
            <ns3:cad>94</ns3:cad>
          </ns3:TrackPointExtension>
        </extensions>
      </trkpt>
      <trkpt lat="43.04367561824619770050048828125" lon="-87.89082549512386322021484375">
        <ele>181.8000030517578125</ele>
        <time>2026-09-26T15:06:15.000Z</time>
        <extensions>
          <ns3:TrackPointExtension>
            <ns3:atemp>23.0</ns3:atemp>
            <ns3:hr>94</ns3:hr>
            <ns3:cad>94</ns3:cad>
          </ns3:TrackPointExtension>
        </extensions>
      </trkpt>
      <trkpt lat="43.04351552389562129974365234375" lon="-87.891003526747226715087890625">
        <ele>181.600006103515625</ele>
        <time>2026-09-26T15:06:20.000Z</time>
        <extensions>
          <ns3:TrackPointExtension>
            <ns3:atemp>23.0</ns3:atemp>
            <ns3:hr>97</ns3:hr>
            <ns3:cad>96</ns3:cad>
          </ns3:TrackPointExtension>
        </extensions>
      </trkpt>
      <trkpt lat="43.04336012341082096099853515625" lon="-87.89117644540965557098388671875">
        <ele>181.1999969482421875</ele>
        <time>2026-09-26T15:06:25.000Z</time>
        <extensions>
          <ns3:TrackPointExtension>
            <ns3:atemp>23.0</ns3:atemp>
            <ns3:hr>98</ns3:hr>
            <ns3:cad>95</ns3:cad>
          </ns3:TrackPointExtension>
        </extensions>
      </trkpt>
      <trkpt lat="43.04319952614605426788330078125" lon="-87.8913396410644054412841796875">
        <ele>180.8000030517578125</ele>
        <time>2026-09-26T15:06:30.000Z</time>
        <extensions>
          <ns3:TrackPointExtension>
            <ns3:atemp>23.0</ns3:atemp>
            <ns3:hr>97</ns3:hr>
            <ns3:cad>95</ns3:cad>
          </ns3:TrackPointExtension>
        </extensions>
      </trkpt>
      <trkpt lat="43.04312660358846187591552734375" lon="-87.891392447054386138916015625">
        <ele>180.600006103515625</ele>
        <time>2026-09-26T15:06:33.000Z</time>
        <extensions>
          <ns3:TrackPointExtension>
            <ns3:atemp>23.0</ns3:atemp>
            <ns3:hr>98</ns3:hr>
            <ns3:cad>94</ns3:cad>
          </ns3:TrackPointExtension>
        </extensions>
      </trkpt>
      <trkpt lat="43.04293164052069187164306640625" lon="-87.89149194024503231048583984375">
        <ele>180.1999969482421875</ele>
        <time>2026-09-26T15:06:38.000Z</time>
        <extensions>
          <ns3:TrackPointExtension>
            <ns3:atemp>23.0</ns3:atemp>
            <ns3:hr>101</ns3:hr>
            <ns3:cad>95</ns3:cad>
          </ns3:TrackPointExtension>
        </extensions>
      </trkpt>
      <trkpt lat="43.042852766811847686767578125" lon="-87.8915290720760822296142578125">
        <ele>180.600006103515625</ele>
        <time>2026-09-26T15:06:40.000Z</time>
        <extensions>
          <ns3:TrackPointExtension>
            <ns3:atemp>23.0</ns3:atemp>
            <ns3:hr>105</ns3:hr>
            <ns3:cad>96</ns3:cad>
          </ns3:TrackPointExtension>
        </extensions>
      </trkpt>
      <trkpt lat="43.0428116954863071441650390625" lon="-87.891545332968235015869140625">
        <ele>180.600006103515625</ele>
        <time>2026-09-26T15:06:41.000Z</time>
        <extensions>
          <ns3:TrackPointExtension>
            <ns3:atemp>23.0</ns3:atemp>
            <ns3:hr>109</ns3:hr>
            <ns3:cad>96</ns3:cad>
          </ns3:TrackPointExtension>
        </extensions>
      </trkpt>
      <trkpt lat="43.042691834270954132080078125" lon="-87.89158590137958526611328125">
        <ele>181.399993896484375</ele>
        <time>2026-09-26T15:06:44.000Z</time>
        <extensions>
          <ns3:TrackPointExtension>
            <ns3:atemp>23.0</ns3:atemp>
            <ns3:hr>113</ns3:hr>
            <ns3:cad>96</ns3:cad>
          </ns3:TrackPointExtension>
        </extensions>
      </trkpt>
      <trkpt lat="43.042612709105014801025390625" lon="-87.89161833934485912322998046875">
        <ele>181.1999969482421875</ele>
        <time>2026-09-26T15:06:46.000Z</time>
        <extensions>
          <ns3:TrackPointExtension>
            <ns3:atemp>23.0</ns3:atemp>
            <ns3:hr>116</ns3:hr>
            <ns3:cad>96</ns3:cad>
          </ns3:TrackPointExtension>
        </extensions>
      </trkpt>
      <trkpt lat="43.04257675074040889739990234375" lon="-87.89164868183434009552001953125">
        <ele>181</ele>
        <time>2026-09-26T15:06:47.000Z</time>
        <extensions>
          <ns3:TrackPointExtension>
            <ns3:atemp>23.0</ns3:atemp>
            <ns3:hr>117</ns3:hr>
            <ns3:cad>96</ns3:cad>
          </ns3:TrackPointExtension>
        </extensions>
      </trkpt>
      <trkpt lat="43.04255613125860691070556640625" lon="-87.891690172255039215087890625">
        <ele>181</ele>
        <time>2026-09-26T15:06:48.000Z</time>
        <extensions>
          <ns3:TrackPointExtension>
            <ns3:atemp>23.0</ns3:atemp>
            <ns3:hr>117</ns3:hr>
            <ns3:cad>96</ns3:cad>
          </ns3:TrackPointExtension>
        </extensions>
      </trkpt>
      <trkpt lat="43.0425384454429149627685546875" lon="-87.89179804734885692596435546875">
        <ele>180.8000030517578125</ele>
        <time>2026-09-26T15:06:50.000Z</time>
        <extensions>
          <ns3:TrackPointExtension>
            <ns3:atemp>23.0</ns3:atemp>
            <ns3:hr>119</ns3:hr>
            <ns3:cad>96</ns3:cad>
          </ns3:TrackPointExtension>
        </extensions>
      </trkpt>
      <trkpt lat="43.04253148846328258514404296875" lon="-87.89191849529743194580078125">
        <ele>180.600006103515625</ele>
        <time>2026-09-26T15:06:52.000Z</time>
        <extensions>
          <ns3:TrackPointExtension>
            <ns3:atemp>23.0</ns3:atemp>
            <ns3:hr>123</ns3:hr>
            <ns3:cad>97</ns3:cad>
          </ns3:TrackPointExtension>
        </extensions>
      </trkpt>
      <trkpt lat="43.0425260402262210845947265625" lon="-87.892203815281391143798828125">
        <ele>180.8000030517578125</ele>
        <time>2026-09-26T15:06:57.000Z</time>
        <extensions>
          <ns3:TrackPointExtension>
            <ns3:atemp>23.0</ns3:atemp>
            <ns3:hr>124</ns3:hr>
            <ns3:cad>96</ns3:cad>
          </ns3:TrackPointExtension>
        </extensions>
      </trkpt>
      <trkpt lat="43.04251841269433498382568359375" lon="-87.89256331510841846466064453125">
        <ele>180.8000030517578125</ele>
        <time>2026-09-26T15:07:03.000Z</time>
        <extensions>
          <ns3:TrackPointExtension>
            <ns3:atemp>23.0</ns3:atemp>
            <ns3:hr>126</ns3:hr>
            <ns3:cad>95</ns3:cad>
          </ns3:TrackPointExtension>
        </extensions>
      </trkpt>
      <trkpt lat="43.0425173230469226837158203125" lon="-87.8926214016973972320556640625">
        <ele>180.8000030517578125</ele>
        <time>2026-09-26T15:07:04.000Z</time>
        <extensions>
          <ns3:TrackPointExtension>
            <ns3:atemp>23.0</ns3:atemp>
            <ns3:hr>126</ns3:hr>
            <ns3:cad>95</ns3:cad>
          </ns3:TrackPointExtension>
        </extensions>
      </trkpt>
      <trkpt lat="43.0425049178302288055419921875" lon="-87.89290496148169040679931640625">
        <ele>180.600006103515625</ele>
        <time>2026-09-26T15:07:09.000Z</time>
        <extensions>
          <ns3:TrackPointExtension>
            <ns3:atemp>23.0</ns3:atemp>
            <ns3:hr>128</ns3:hr>
            <ns3:cad>95</ns3:cad>
          </ns3:TrackPointExtension>
        </extensions>
      </trkpt>
      <trkpt lat="43.04250868968665599822998046875" lon="-87.8930096514523029327392578125">
        <ele>180.399993896484375</ele>
        <time>2026-09-26T15:07:11.000Z</time>
        <extensions>
          <ns3:TrackPointExtension>
            <ns3:atemp>23.0</ns3:atemp>
            <ns3:hr>128</ns3:hr>
            <ns3:cad>95</ns3:cad>
          </ns3:TrackPointExtension>
        </extensions>
      </trkpt>
      <trkpt lat="43.04251120425760746002197265625" lon="-87.893294803798198699951171875">
        <ele>180.399993896484375</ele>
        <time>2026-09-26T15:07:16.000Z</time>
        <extensions>
          <ns3:TrackPointExtension>
            <ns3:atemp>23.0</ns3:atemp>
            <ns3:hr>128</ns3:hr>
            <ns3:cad>95</ns3:cad>
          </ns3:TrackPointExtension>
        </extensions>
      </trkpt>
      <trkpt lat="43.0425102822482585906982421875" lon="-87.893353812396526336669921875">
        <ele>180.399993896484375</ele>
        <time>2026-09-26T15:07:17.000Z</time>
        <extensions>
          <ns3:TrackPointExtension>
            <ns3:atemp>23.0</ns3:atemp>
            <ns3:hr>128</ns3:hr>
            <ns3:cad>95</ns3:cad>
          </ns3:TrackPointExtension>
        </extensions>
      </trkpt>
      <trkpt lat="43.0425096116960048675537109375" lon="-87.89341122843325138092041015625">
        <ele>180.600006103515625</ele>
        <time>2026-09-26T15:07:18.000Z</time>
        <extensions>
          <ns3:TrackPointExtension>
            <ns3:atemp>23.0</ns3:atemp>
            <ns3:hr>128</ns3:hr>
            <ns3:cad>94</ns3:cad>
          </ns3:TrackPointExtension>
        </extensions>
      </trkpt>
      <trkpt lat="43.04251070134341716766357421875" lon="-87.89370886981487274169921875">
        <ele>180.600006103515625</ele>
        <time>2026-09-26T15:07:23.000Z</time>
        <extensions>
          <ns3:TrackPointExtension>
            <ns3:atemp>23.0</ns3:atemp>
            <ns3:hr>130</ns3:hr>
            <ns3:cad>95</ns3:cad>
          </ns3:TrackPointExtension>
        </extensions>
      </trkpt>
      <trkpt lat="43.04251640103757381439208984375" lon="-87.89388631470501422882080078125">
        <ele>180.600006103515625</ele>
        <time>2026-09-26T15:07:26.000Z</time>
        <extensions>
          <ns3:TrackPointExtension>
            <ns3:atemp>23.0</ns3:atemp>
            <ns3:hr>129</ns3:hr>
            <ns3:cad>95</ns3:cad>
          </ns3:TrackPointExtension>
        </extensions>
      </trkpt>
      <trkpt lat="43.0425183288753032684326171875" lon="-87.89417331106960773468017578125">
        <ele>180</ele>
        <time>2026-09-26T15:07:31.000Z</time>
        <extensions>
          <ns3:TrackPointExtension>
            <ns3:atemp>23.0</ns3:atemp>
            <ns3:hr>131</ns3:hr>
            <ns3:cad>95</ns3:cad>
          </ns3:TrackPointExtension>
        </extensions>
      </trkpt>
      <trkpt lat="43.0425183288753032684326171875" lon="-87.89422863163053989410400390625">
        <ele>179.8000030517578125</ele>
        <time>2026-09-26T15:07:32.000Z</time>
        <extensions>
          <ns3:TrackPointExtension>
            <ns3:atemp>23.0</ns3:atemp>
            <ns3:hr>131</ns3:hr>
            <ns3:cad>95</ns3:cad>
          </ns3:TrackPointExtension>
        </extensions>
      </trkpt>
      <trkpt lat="43.04251338355243206024169921875" lon="-87.89450640790164470672607421875">
        <ele>179.600006103515625</ele>
        <time>2026-09-26T15:07:37.000Z</time>
        <extensions>
          <ns3:TrackPointExtension>
            <ns3:atemp>23.0</ns3:atemp>
            <ns3:hr>133</ns3:hr>
            <ns3:cad>96</ns3:cad>
          </ns3:TrackPointExtension>
        </extensions>
      </trkpt>
      <trkpt lat="43.04250952787697315216064453125" lon="-87.89478401653468608856201171875">
        <ele>180</ele>
        <time>2026-09-26T15:07:42.000Z</time>
        <extensions>
          <ns3:TrackPointExtension>
            <ns3:atemp>23.0</ns3:atemp>
            <ns3:hr>134</ns3:hr>
            <ns3:cad>95</ns3:cad>
          </ns3:TrackPointExtension>
        </extensions>
      </trkpt>
      <trkpt lat="43.04251187480986118316650390625" lon="-87.89482944644987583160400390625">
        <ele>180.8000030517578125</ele>
        <time>2026-09-26T15:07:43.000Z</time>
        <extensions>
          <ns3:TrackPointExtension>
            <ns3:atemp>23.0</ns3:atemp>
            <ns3:hr>133</ns3:hr>
            <ns3:cad>95</ns3:cad>
          </ns3:TrackPointExtension>
        </extensions>
      </trkpt>
      <trkpt lat="43.04252796806395053863525390625" lon="-87.8948878683149814605712890625">
        <ele>181.1999969482421875</ele>
        <time>2026-09-26T15:07:44.000Z</time>
        <extensions>
          <ns3:TrackPointExtension>
            <ns3:atemp>23.0</ns3:atemp>
            <ns3:hr>134</ns3:hr>
            <ns3:cad>95</ns3:cad>
          </ns3:TrackPointExtension>
        </extensions>
      </trkpt>
      <trkpt lat="43.0425548739731311798095703125" lon="-87.89492466486990451812744140625">
        <ele>180.8000030517578125</ele>
        <time>2026-09-26T15:07:45.000Z</time>
        <extensions>
          <ns3:TrackPointExtension>
            <ns3:atemp>23.0</ns3:atemp>
            <ns3:hr>134</ns3:hr>
            <ns3:cad>95</ns3:cad>
          </ns3:TrackPointExtension>
        </extensions>
      </trkpt>
      <trkpt lat="43.04262151010334491729736328125" lon="-87.89495668374001979827880859375">
        <ele>181</ele>
        <time>2026-09-26T15:07:47.000Z</time>
        <extensions>
          <ns3:TrackPointExtension>
            <ns3:atemp>23.0</ns3:atemp>
            <ns3:hr>136</ns3:hr>
            <ns3:cad>95</ns3:cad>
          </ns3:TrackPointExtension>
        </extensions>
      </trkpt>
      <trkpt lat="43.04262151010334491729736328125" lon="-87.89495668374001979827880859375">
        <ele>181.1999969482421875</ele>
        <time>2026-09-26T15:07:48.000Z</time>
        <extensions>
          <ns3:TrackPointExtension>
            <ns3:atemp>23.0</ns3:atemp>
            <ns3:hr>136</ns3:hr>
            <ns3:cad>95</ns3:cad>
          </ns3:TrackPointExtension>
        </extensions>
      </trkpt>
      <trkpt lat="43.0426903255283832550048828125" lon="-87.89493438787758350372314453125">
        <ele>181.399993896484375</ele>
        <time>2026-09-26T15:07:49.000Z</time>
        <extensions>
          <ns3:TrackPointExtension>
            <ns3:atemp>23.0</ns3:atemp>
            <ns3:hr>137</ns3:hr>
            <ns3:cad>95</ns3:cad>
          </ns3:TrackPointExtension>
        </extensions>
      </trkpt>
      <trkpt lat="43.0428133718669414520263671875" lon="-87.89487001486122608184814453125">
        <ele>181.1999969482421875</ele>
        <time>2026-09-26T15:07:52.000Z</time>
        <extensions>
          <ns3:TrackPointExtension>
            <ns3:atemp>23.0</ns3:atemp>
            <ns3:hr>134</ns3:hr>
            <ns3:cad>95</ns3:cad>
          </ns3:TrackPointExtension>
        </extensions>
      </trkpt>
      <trkpt lat="43.04290129803121089935302734375" lon="-87.89483246393501758575439453125">
        <ele>180.8000030517578125</ele>
        <time>2026-09-26T15:07:54.000Z</time>
        <extensions>
          <ns3:TrackPointExtension>
            <ns3:atemp>23.0</ns3:atemp>
            <ns3:hr>134</ns3:hr>
            <ns3:cad>95</ns3:cad>
          </ns3:TrackPointExtension>
        </extensions>
      </trkpt>
      <trkpt lat="43.04299819283187389373779296875" lon="-87.89479927159845829010009765625">
        <ele>180.600006103515625</ele>
        <time>2026-09-26T15:07:56.000Z</time>
        <extensions>
          <ns3:TrackPointExtension>
            <ns3:atemp>23.0</ns3:atemp>
            <ns3:hr>136</ns3:hr>
            <ns3:cad>94</ns3:cad>
          </ns3:TrackPointExtension>
        </extensions>
      </trkpt>
      <trkpt lat="43.04299819283187389373779296875" lon="-87.89479927159845829010009765625">
        <ele>180.600006103515625</ele>
        <time>2026-09-26T15:07:57.000Z</time>
        <extensions>
          <ns3:TrackPointExtension>
            <ns3:atemp>23.0</ns3:atemp>
            <ns3:hr>136</ns3:hr>
            <ns3:cad>95</ns3:cad>
          </ns3:TrackPointExtension>
        </extensions>
      </trkpt>
      <trkpt lat="43.043206818401813507080078125" lon="-87.89469064213335514068603515625">
        <ele>180.600006103515625</ele>
        <time>2026-09-26T15:08:01.000Z</time>
        <extensions>
          <ns3:TrackPointExtension>
            <ns3:atemp>23.0</ns3:atemp>
            <ns3:hr>137</ns3:hr>
            <ns3:cad>95</ns3:cad>
          </ns3:TrackPointExtension>
        </extensions>
      </trkpt>
      <trkpt lat="43.04327747784554958343505859375" lon="-87.89464906789362430572509765625">
        <ele>180.600006103515625</ele>
        <time>2026-09-26T15:08:03.000Z</time>
        <extensions>
          <ns3:TrackPointExtension>
            <ns3:atemp>23.0</ns3:atemp>
            <ns3:hr>138</ns3:hr>
            <ns3:cad>95</ns3:cad>
          </ns3:TrackPointExtension>
        </extensions>
      </trkpt>
      <trkpt lat="43.04346707649528980255126953125" lon="-87.89452694356441497802734375">
        <ele>180.1999969482421875</ele>
        <time>2026-09-26T15:08:08.000Z</time>
        <extensions>
          <ns3:TrackPointExtension>
            <ns3:atemp>23.0</ns3:atemp>
            <ns3:hr>138</ns3:hr>
            <ns3:cad>95</ns3:cad>
          </ns3:TrackPointExtension>
        </extensions>
      </trkpt>
      <trkpt lat="43.04361660964787006378173828125" lon="-87.894430719316005706787109375">
        <ele>180.399993896484375</ele>
        <time>2026-09-26T15:08:12.000Z</time>
        <extensions>
          <ns3:TrackPointExtension>
            <ns3:atemp>23.0</ns3:atemp>
            <ns3:hr>139</ns3:hr>
            <ns3:cad>95</ns3:cad>
          </ns3:TrackPointExtension>
        </extensions>
      </trkpt>
      <trkpt lat="43.04369439370930194854736328125" lon="-87.8943842835724353790283203125">
        <ele>180.1999969482421875</ele>
        <time>2026-09-26T15:08:14.000Z</time>
        <extensions>
          <ns3:TrackPointExtension>
            <ns3:atemp>23.0</ns3:atemp>
            <ns3:hr>140</ns3:hr>
            <ns3:cad>95</ns3:cad>
          </ns3:TrackPointExtension>
        </extensions>
      </trkpt>
      <trkpt lat="43.04384124465286731719970703125" lon="-87.8942783363163471221923828125">
        <ele>180.1999969482421875</ele>
        <time>2026-09-26T15:08:18.000Z</time>
        <extensions>
          <ns3:TrackPointExtension>
            <ns3:atemp>23.0</ns3:atemp>
            <ns3:hr>142</ns3:hr>
            <ns3:cad>94</ns3:cad>
          </ns3:TrackPointExtension>
        </extensions>
      </trkpt>
      <trkpt lat="43.04392640478909015655517578125" lon="-87.89422477595508098602294921875">
        <ele>179.8000030517578125</ele>
        <time>2026-09-26T15:08:20.000Z</time>
        <extensions>
          <ns3:TrackPointExtension>
            <ns3:atemp>23.0</ns3:atemp>
            <ns3:hr>142</ns3:hr>
            <ns3:cad>94</ns3:cad>
          </ns3:TrackPointExtension>
        </extensions>
      </trkpt>
      <trkpt lat="43.04410560987889766693115234375" lon="-87.89410491473972797393798828125">
        <ele>180</ele>
        <time>2026-09-26T15:08:25.000Z</time>
        <extensions>
          <ns3:TrackPointExtension>
            <ns3:atemp>23.0</ns3:atemp>
            <ns3:hr>143</ns3:hr>
            <ns3:cad>94</ns3:cad>
          </ns3:TrackPointExtension>
        </extensions>
      </trkpt>
      <trkpt lat="43.044210635125637054443359375" lon="-87.8940319083631038665771484375">
        <ele>180</ele>
        <time>2026-09-26T15:08:28.000Z</time>
        <extensions>
          <ns3:TrackPointExtension>
            <ns3:atemp>23.0</ns3:atemp>
            <ns3:hr>142</ns3:hr>
            <ns3:cad>94</ns3:cad>
          </ns3:TrackPointExtension>
        </extensions>
      </trkpt>
      <trkpt lat="43.044396378099918365478515625" lon="-87.89389503188431262969970703125">
        <ele>180.1999969482421875</ele>
        <time>2026-09-26T15:08:33.000Z</time>
        <extensions>
          <ns3:TrackPointExtension>
            <ns3:atemp>23.0</ns3:atemp>
            <ns3:hr>142</ns3:hr>
            <ns3:cad>95</ns3:cad>
          </ns3:TrackPointExtension>
        </extensions>
      </trkpt>
      <trkpt lat="43.0445730686187744140625" lon="-87.89376343600451946258544921875">
        <ele>180.1999969482421875</ele>
        <time>2026-09-26T15:08:38.000Z</time>
        <extensions>
          <ns3:TrackPointExtension>
            <ns3:atemp>23.0</ns3:atemp>
            <ns3:hr>145</ns3:hr>
            <ns3:cad>95</ns3:cad>
          </ns3:TrackPointExtension>
        </extensions>
      </trkpt>
      <trkpt lat="43.044698797166347503662109375" lon="-87.8936563991010189056396484375">
        <ele>180.1999969482421875</ele>
        <time>2026-09-26T15:08:42.000Z</time>
        <extensions>
          <ns3:TrackPointExtension>
            <ns3:atemp>23.0</ns3:atemp>
            <ns3:hr>142</ns3:hr>
            <ns3:cad>94</ns3:cad>
          </ns3:TrackPointExtension>
        </extensions>
      </trkpt>
      <trkpt lat="43.044765852391719818115234375" lon="-87.89360166527330875396728515625">
        <ele>180.600006103515625</ele>
        <time>2026-09-26T15:08:44.000Z</time>
        <extensions>
          <ns3:TrackPointExtension>
            <ns3:atemp>23.0</ns3:atemp>
            <ns3:hr>142</ns3:hr>
            <ns3:cad>94</ns3:cad>
          </ns3:TrackPointExtension>
        </extensions>
      </trkpt>
      <trkpt lat="43.044927120208740234375" lon="-87.8934475220739841461181640625">
        <ele>181</ele>
        <time>2026-09-26T15:08:49.000Z</time>
        <extensions>
          <ns3:TrackPointExtension>
            <ns3:atemp>23.0</ns3:atemp>
            <ns3:hr>142</ns3:hr>
            <ns3:cad>95</ns3:cad>
          </ns3:TrackPointExtension>
        </extensions>
      </trkpt>
      <trkpt lat="43.044991828501224517822265625" lon="-87.89338775910437107086181640625">
        <ele>181</ele>
        <time>2026-09-26T15:08:51.000Z</time>
        <extensions>
          <ns3:TrackPointExtension>
            <ns3:atemp>23.0</ns3:atemp>
            <ns3:hr>142</ns3:hr>
            <ns3:cad>95</ns3:cad>
          </ns3:TrackPointExtension>
        </extensions>
      </trkpt>
      <trkpt lat="43.04512904025614261627197265625" lon="-87.893278710544109344482421875">
        <ele>180.399993896484375</ele>
        <time>2026-09-26T15:08:55.000Z</time>
        <extensions>
          <ns3:TrackPointExtension>
            <ns3:atemp>23.0</ns3:atemp>
            <ns3:hr>146</ns3:hr>
            <ns3:cad>95</ns3:cad>
          </ns3:TrackPointExtension>
        </extensions>
      </trkpt>
      <trkpt lat="43.045161478221416473388671875" lon="-87.8932480327785015106201171875">
        <ele>180.600006103515625</ele>
        <time>2026-09-26T15:08:56.000Z</time>
        <extensions>
          <ns3:TrackPointExtension>
            <ns3:atemp>23.0</ns3:atemp>
            <ns3:hr>142</ns3:hr>
            <ns3:cad>95</ns3:cad>
          </ns3:TrackPointExtension>
        </extensions>
      </trkpt>
      <trkpt lat="43.04526507854461669921875" lon="-87.893156670033931732177734375">
        <ele>180.600006103515625</ele>
        <time>2026-09-26T15:08:59.000Z</time>
        <extensions>
          <ns3:TrackPointExtension>
            <ns3:atemp>23.0</ns3:atemp>
            <ns3:hr>142</ns3:hr>
            <ns3:cad>95</ns3:cad>
          </ns3:TrackPointExtension>
        </extensions>
      </trkpt>
      <trkpt lat="43.045439422130584716796875" lon="-87.89300722070038318634033203125">
        <ele>180.8000030517578125</ele>
        <time>2026-09-26T15:09:04.000Z</time>
        <extensions>
          <ns3:TrackPointExtension>
            <ns3:atemp>23.0</ns3:atemp>
            <ns3:hr>142</ns3:hr>
            <ns3:cad>94</ns3:cad>
          </ns3:TrackPointExtension>
        </extensions>
      </trkpt>
      <trkpt lat="43.045498430728912353515625" lon="-87.89295257069170475006103515625">
        <ele>180.8000030517578125</ele>
        <time>2026-09-26T15:09:06.000Z</time>
        <extensions>
          <ns3:TrackPointExtension>
            <ns3:atemp>23.0</ns3:atemp>
            <ns3:hr>139</ns3:hr>
            <ns3:cad>94</ns3:cad>
          </ns3:TrackPointExtension>
        </extensions>
      </trkpt>
      <trkpt lat="43.04556607268750667572021484375" lon="-87.89289222098886966705322265625">
        <ele>180.8000030517578125</ele>
        <time>2026-09-26T15:09:08.000Z</time>
        <extensions>
          <ns3:TrackPointExtension>
            <ns3:atemp>23.0</ns3:atemp>
            <ns3:hr>142</ns3:hr>
            <ns3:cad>94</ns3:cad>
          </ns3:TrackPointExtension>
        </extensions>
      </trkpt>
      <trkpt lat="43.04563363082706928253173828125" lon="-87.89283857680857181549072265625">
        <ele>180.8000030517578125</ele>
        <time>2026-09-26T15:09:10.000Z</time>
        <extensions>
          <ns3:TrackPointExtension>
            <ns3:atemp>23.0</ns3:atemp>
            <ns3:hr>142</ns3:hr>
            <ns3:cad>93</ns3:cad>
          </ns3:TrackPointExtension>
        </extensions>
      </trkpt>
      <trkpt lat="43.0458033643662929534912109375" lon="-87.89270798675715923309326171875">
        <ele>180.399993896484375</ele>
        <time>2026-09-26T15:09:15.000Z</time>
        <extensions>
          <ns3:TrackPointExtension>
            <ns3:atemp>23.0</ns3:atemp>
            <ns3:hr>143</ns3:hr>
            <ns3:cad>95</ns3:cad>
          </ns3:TrackPointExtension>
        </extensions>
      </trkpt>
      <trkpt lat="43.04590051062405109405517578125" lon="-87.892637662589550018310546875">
        <ele>180.1999969482421875</ele>
        <time>2026-09-26T15:09:18.000Z</time>
        <extensions>
          <ns3:TrackPointExtension>
            <ns3:atemp>23.0</ns3:atemp>
            <ns3:hr>143</ns3:hr>
            <ns3:cad>94</ns3:cad>
          </ns3:TrackPointExtension>
        </extensions>
      </trkpt>
      <trkpt lat="43.04608642123639583587646484375" lon="-87.8925506584346294403076171875">
        <ele>180.399993896484375</ele>
        <time>2026-09-26T15:09:23.000Z</time>
        <extensions>
          <ns3:TrackPointExtension>
            <ns3:atemp>23.0</ns3:atemp>
            <ns3:hr>145</ns3:hr>
            <ns3:cad>94</ns3:cad>
          </ns3:TrackPointExtension>
        </extensions>
      </trkpt>
      <trkpt lat="43.046194128692150115966796875" lon="-87.8924916498363018035888671875">
        <ele>180.1999969482421875</ele>
        <time>2026-09-26T15:09:26.000Z</time>
        <extensions>
          <ns3:TrackPointExtension>
            <ns3:atemp>23.0</ns3:atemp>
            <ns3:hr>145</ns3:hr>
            <ns3:cad>94</ns3:cad>
          </ns3:TrackPointExtension>
        </extensions>
      </trkpt>
      <trkpt lat="43.04637442342936992645263671875" lon="-87.8923997841775417327880859375">
        <ele>180</ele>
        <time>2026-09-26T15:09:31.000Z</time>
        <extensions>
          <ns3:TrackPointExtension>
            <ns3:atemp>23.0</ns3:atemp>
            <ns3:hr>146</ns3:hr>
            <ns3:cad>93</ns3:cad>
          </ns3:TrackPointExtension>
        </extensions>
      </trkpt>
      <trkpt lat="43.04652496241033077239990234375" lon="-87.89233247749507427215576171875">
        <ele>179.8000030517578125</ele>
        <time>2026-09-26T15:09:35.000Z</time>
        <extensions>
          <ns3:TrackPointExtension>
            <ns3:atemp>23.0</ns3:atemp>
            <ns3:hr>145</ns3:hr>
            <ns3:cad>94</ns3:cad>
          </ns3:TrackPointExtension>
        </extensions>
      </trkpt>
      <trkpt lat="43.04671606980264186859130859375" lon="-87.8922432102262973785400390625">
        <ele>179.1999969482421875</ele>
        <time>2026-09-26T15:09:40.000Z</time>
        <extensions>
          <ns3:TrackPointExtension>
            <ns3:atemp>23.0</ns3:atemp>
            <ns3:hr>143</ns3:hr>
            <ns3:cad>95</ns3:cad>
          </ns3:TrackPointExtension>
        </extensions>
      </trkpt>
      <trkpt lat="43.046853281557559967041015625" lon="-87.8921714611351490020751953125">
        <ele>179.1999969482421875</ele>
        <time>2026-09-26T15:09:44.000Z</time>
        <extensions>
          <ns3:TrackPointExtension>
            <ns3:atemp>23.0</ns3:atemp>
            <ns3:hr>143</ns3:hr>
            <ns3:cad>95</ns3:cad>
          </ns3:TrackPointExtension>
        </extensions>
      </trkpt>
      <trkpt lat="43.047041706740856170654296875" lon="-87.8920519351959228515625">
        <ele>179.600006103515625</ele>
        <time>2026-09-26T15:09:49.000Z</time>
        <extensions>
          <ns3:TrackPointExtension>
            <ns3:atemp>23.0</ns3:atemp>
            <ns3:hr>144</ns3:hr>
            <ns3:cad>95</ns3:cad>
          </ns3:TrackPointExtension>
        </extensions>
      </trkpt>
      <trkpt lat="43.04710985161364078521728515625" lon="-87.89200164377689361572265625">
        <ele>179.399993896484375</ele>
        <time>2026-09-26T15:09:51.000Z</time>
        <extensions>
          <ns3:TrackPointExtension>
            <ns3:atemp>23.0</ns3:atemp>
            <ns3:hr>145</ns3:hr>
            <ns3:cad>95</ns3:cad>
          </ns3:TrackPointExtension>
        </extensions>
      </trkpt>
      <trkpt lat="43.04728151299059391021728515625" lon="-87.8918717242777347564697265625">
        <ele>179.399993896484375</ele>
        <time>2026-09-26T15:09:56.000Z</time>
        <extensions>
          <ns3:TrackPointExtension>
            <ns3:atemp>23.0</ns3:atemp>
            <ns3:hr>146</ns3:hr>
            <ns3:cad>94</ns3:cad>
          </ns3:TrackPointExtension>
        </extensions>
      </trkpt>
      <trkpt lat="43.04734714329242706298828125" lon="-87.89181414060294628143310546875">
        <ele>179.600006103515625</ele>
        <time>2026-09-26T15:09:58.000Z</time>
        <extensions>
          <ns3:TrackPointExtension>
            <ns3:atemp>23.0</ns3:atemp>
            <ns3:hr>147</ns3:hr>
            <ns3:cad>94</ns3:cad>
          </ns3:TrackPointExtension>
        </extensions>
      </trkpt>
      <trkpt lat="43.04751620627939701080322265625" lon="-87.8916732408106327056884765625">
        <ele>179.600006103515625</ele>
        <time>2026-09-26T15:10:03.000Z</time>
        <extensions>
          <ns3:TrackPointExtension>
            <ns3:atemp>23.0</ns3:atemp>
            <ns3:hr>148</ns3:hr>
            <ns3:cad>94</ns3:cad>
          </ns3:TrackPointExtension>
        </extensions>
      </trkpt>
      <trkpt lat="43.047660626471042633056640625" lon="-87.89152697660028934478759765625">
        <ele>180</ele>
        <time>2026-09-26T15:10:08.000Z</time>
        <extensions>
          <ns3:TrackPointExtension>
            <ns3:atemp>23.0</ns3:atemp>
            <ns3:hr>148</ns3:hr>
            <ns3:cad>96</ns3:cad>
          </ns3:TrackPointExtension>
        </extensions>
      </trkpt>
      <trkpt lat="43.04781594313681125640869140625" lon="-87.89137400686740875244140625">
        <ele>180</ele>
        <time>2026-09-26T15:10:13.000Z</time>
        <extensions>
          <ns3:TrackPointExtension>
            <ns3:atemp>23.0</ns3:atemp>
            <ns3:hr>150</ns3:hr>
            <ns3:cad>95</ns3:cad>
          </ns3:TrackPointExtension>
        </extensions>
      </trkpt>
      <trkpt lat="43.047917783260345458984375" lon="-87.891277782618999481201171875">
        <ele>180.1999969482421875</ele>
        <time>2026-09-26T15:10:16.000Z</time>
        <extensions>
          <ns3:TrackPointExtension>
            <ns3:atemp>23.0</ns3:atemp>
            <ns3:hr>150</ns3:hr>
            <ns3:cad>94</ns3:cad>
          </ns3:TrackPointExtension>
        </extensions>
      </trkpt>
      <trkpt lat="43.0480983294546604156494140625" lon="-87.89114660583436489105224609375">
        <ele>180.600006103515625</ele>
        <time>2026-09-26T15:10:21.000Z</time>
        <extensions>
          <ns3:TrackPointExtension>
            <ns3:atemp>23.0</ns3:atemp>
            <ns3:hr>150</ns3:hr>
            <ns3:cad>94</ns3:cad>
          </ns3:TrackPointExtension>
        </extensions>
      </trkpt>
      <trkpt lat="43.0481697432696819305419921875" lon="-87.89110419340431690216064453125">
        <ele>180.600006103515625</ele>
        <time>2026-09-26T15:10:23.000Z</time>
        <extensions>
          <ns3:TrackPointExtension>
            <ns3:atemp>23.0</ns3:atemp>
            <ns3:hr>148</ns3:hr>
            <ns3:cad>94</ns3:cad>
          </ns3:TrackPointExtension>
        </extensions>
      </trkpt>
      <trkpt lat="43.048330508172512054443359375" lon="-87.89095365442335605621337890625">
        <ele>180.399993896484375</ele>
        <time>2026-09-26T15:10:28.000Z</time>
        <extensions>
          <ns3:TrackPointExtension>
            <ns3:atemp>23.0</ns3:atemp>
            <ns3:hr>151</ns3:hr>
            <ns3:cad>94</ns3:cad>
          </ns3:TrackPointExtension>
        </extensions>
      </trkpt>
      <trkpt lat="43.0484161712229251861572265625" lon="-87.890858016908168792724609375">
        <ele>180.600006103515625</ele>
        <time>2026-09-26T15:10:31.000Z</time>
        <extensions>
          <ns3:TrackPointExtension>
            <ns3:atemp>23.0</ns3:atemp>
            <ns3:hr>149</ns3:hr>
            <ns3:cad>95</ns3:cad>
          </ns3:TrackPointExtension>
        </extensions>
      </trkpt>
      <trkpt lat="43.0485707335174083709716796875" lon="-87.8907086513936519622802734375">
        <ele>180.399993896484375</ele>
        <time>2026-09-26T15:10:36.000Z</time>
        <extensions>
          <ns3:TrackPointExtension>
            <ns3:atemp>23.0</ns3:atemp>
            <ns3:hr>147</ns3:hr>
            <ns3:cad>95</ns3:cad>
          </ns3:TrackPointExtension>
        </extensions>
      </trkpt>
      <trkpt lat="43.04867827333509922027587890625" lon="-87.89057697169482707977294921875">
        <ele>180.399993896484375</ele>
        <time>2026-09-26T15:10:40.000Z</time>
        <extensions>
          <ns3:TrackPointExtension>
            <ns3:atemp>23.0</ns3:atemp>
            <ns3:hr>146</ns3:hr>
            <ns3:cad>94</ns3:cad>
          </ns3:TrackPointExtension>
        </extensions>
      </trkpt>
      <trkpt lat="43.04880701936781406402587890625" lon="-87.890446297824382781982421875">
        <ele>179.8000030517578125</ele>
        <time>2026-09-26T15:10:44.000Z</time>
        <extensions>
          <ns3:TrackPointExtension>
            <ns3:atemp>23.0</ns3:atemp>
            <ns3:hr>147</ns3:hr>
            <ns3:cad>95</ns3:cad>
          </ns3:TrackPointExtension>
        </extensions>
      </trkpt>
      <trkpt lat="43.04894180037081241607666015625" lon="-87.89031394757330417633056640625">
        <ele>179.600006103515625</ele>
        <time>2026-09-26T15:10:48.000Z</time>
        <extensions>
          <ns3:TrackPointExtension>
            <ns3:atemp>23.0</ns3:atemp>
            <ns3:hr>146</ns3:hr>
            <ns3:cad>95</ns3:cad>
          </ns3:TrackPointExtension>
        </extensions>
      </trkpt>
      <trkpt lat="43.04909653030335903167724609375" lon="-87.89014019072055816650390625">
        <ele>179.600006103515625</ele>
        <time>2026-09-26T15:10:53.000Z</time>
        <extensions>
          <ns3:TrackPointExtension>
            <ns3:atemp>23.0</ns3:atemp>
            <ns3:hr>146</ns3:hr>
            <ns3:cad>94</ns3:cad>
          </ns3:TrackPointExtension>
        </extensions>
      </trkpt>
      <trkpt lat="43.04918655194342136383056640625" lon="-87.890041284263134002685546875">
        <ele>179.600006103515625</ele>
        <time>2026-09-26T15:10:56.000Z</time>
        <extensions>
          <ns3:TrackPointExtension>
            <ns3:atemp>23.0</ns3:atemp>
            <ns3:hr>147</ns3:hr>
            <ns3:cad>95</ns3:cad>
          </ns3:TrackPointExtension>
        </extensions>
      </trkpt>
      <trkpt lat="43.04934228770434856414794921875" lon="-87.88988403975963592529296875">
        <ele>180</ele>
        <time>2026-09-26T15:11:01.000Z</time>
        <extensions>
          <ns3:TrackPointExtension>
            <ns3:atemp>23.0</ns3:atemp>
            <ns3:hr>149</ns3:hr>
            <ns3:cad>95</ns3:cad>
          </ns3:TrackPointExtension>
        </extensions>
      </trkpt>
      <trkpt lat="43.04941068403422832489013671875" lon="-87.88982394151389598846435546875">
        <ele>180.1999969482421875</ele>
        <time>2026-09-26T15:11:03.000Z</time>
        <extensions>
          <ns3:TrackPointExtension>
            <ns3:atemp>23.0</ns3:atemp>
            <ns3:hr>146</ns3:hr>
            <ns3:cad>95</ns3:cad>
          </ns3:TrackPointExtension>
        </extensions>
      </trkpt>
      <trkpt lat="43.049479834735393524169921875" lon="-87.8897712193429470062255859375">
        <ele>180.1999969482421875</ele>
        <time>2026-09-26T15:11:05.000Z</time>
        <extensions>
          <ns3:TrackPointExtension>
            <ns3:atemp>23.0</ns3:atemp>
            <ns3:hr>146</ns3:hr>
            <ns3:cad>95</ns3:cad>
          </ns3:TrackPointExtension>
        </extensions>
      </trkpt>
      <trkpt lat="43.04964235983788967132568359375" lon="-87.88963702507317066192626953125">
        <ele>179.1999969482421875</ele>
        <time>2026-09-26T15:11:10.000Z</time>
        <extensions>
          <ns3:TrackPointExtension>
            <ns3:atemp>22.0</ns3:atemp>
            <ns3:hr>146</ns3:hr>
            <ns3:cad>95</ns3:cad>
          </ns3:TrackPointExtension>
        </extensions>
      </trkpt>
      <trkpt lat="43.04971779696643352508544921875" lon="-87.88960316218435764312744140625">
        <ele>179.1999969482421875</ele>
        <time>2026-09-26T15:11:12.000Z</time>
        <extensions>
          <ns3:TrackPointExtension>
            <ns3:atemp>22.0</ns3:atemp>
            <ns3:hr>146</ns3:hr>
            <ns3:cad>95</ns3:cad>
          </ns3:TrackPointExtension>
        </extensions>
      </trkpt>
      <trkpt lat="43.04990957491099834442138671875" lon="-87.88954448886215686798095703125">
        <ele>179</ele>
        <time>2026-09-26T15:11:17.000Z</time>
        <extensions>
          <ns3:TrackPointExtension>
            <ns3:atemp>22.0</ns3:atemp>
            <ns3:hr>148</ns3:hr>
            <ns3:cad>94</ns3:cad>
          </ns3:TrackPointExtension>
        </extensions>
      </trkpt>
      <trkpt lat="43.0500271730124950408935546875" lon="-87.88952152244746685028076171875">
        <ele>179</ele>
        <time>2026-09-26T15:11:20.000Z</time>
        <extensions>
          <ns3:TrackPointExtension>
            <ns3:atemp>22.0</ns3:atemp>
            <ns3:hr>147</ns3:hr>
            <ns3:cad>95</ns3:cad>
          </ns3:TrackPointExtension>
        </extensions>
      </trkpt>
      <trkpt lat="43.0502105690538883209228515625" lon="-87.88956443779170513153076171875">
        <ele>178.600006103515625</ele>
        <time>2026-09-26T15:11:25.000Z</time>
        <extensions>
          <ns3:TrackPointExtension>
            <ns3:atemp>22.0</ns3:atemp>
            <ns3:hr>146</ns3:hr>
            <ns3:cad>94</ns3:cad>
          </ns3:TrackPointExtension>
        </extensions>
      </trkpt>
      <trkpt lat="43.05032783187925815582275390625" lon="-87.88962411694228649139404296875">
        <ele>179</ele>
        <time>2026-09-26T15:11:28.000Z</time>
        <extensions>
          <ns3:TrackPointExtension>
            <ns3:atemp>22.0</ns3:atemp>
            <ns3:hr>145</ns3:hr>
            <ns3:cad>94</ns3:cad>
          </ns3:TrackPointExtension>
        </extensions>
      </trkpt>
      <trkpt lat="43.0504841543734073638916015625" lon="-87.8897148929536342620849609375">
        <ele>179.1999969482421875</ele>
        <time>2026-09-26T15:11:34.000Z</time>
        <extensions>
          <ns3:TrackPointExtension>
            <ns3:atemp>22.0</ns3:atemp>
            <ns3:hr>146</ns3:hr>
            <ns3:cad>93</ns3:cad>
          </ns3:TrackPointExtension>
        </extensions>
      </trkpt>
      <trkpt lat="43.050609715282917022705078125" lon="-87.88990323431789875030517578125">
        <ele>179</ele>
        <time>2026-09-26T15:11:39.000Z</time>
        <extensions>
          <ns3:TrackPointExtension>
            <ns3:atemp>22.0</ns3:atemp>
            <ns3:hr>147</ns3:hr>
            <ns3:cad>94</ns3:cad>
          </ns3:TrackPointExtension>
        </extensions>
      </trkpt>
      <trkpt lat="43.050625808537006378173828125" lon="-87.89012317545711994171142578125">
        <ele>178.8000030517578125</ele>
        <time>2026-09-26T15:11:43.000Z</time>
        <extensions>
          <ns3:TrackPointExtension>
            <ns3:atemp>22.0</ns3:atemp>
            <ns3:hr>149</ns3:hr>
            <ns3:cad>95</ns3:cad>
          </ns3:TrackPointExtension>
        </extensions>
      </trkpt>
      <trkpt lat="43.0505773611366748809814453125" lon="-87.89041704498231410980224609375">
        <ele>179.600006103515625</ele>
        <time>2026-09-26T15:11:49.000Z</time>
        <extensions>
          <ns3:TrackPointExtension>
            <ns3:atemp>22.0</ns3:atemp>
            <ns3:hr>148</ns3:hr>
            <ns3:cad>95</ns3:cad>
          </ns3:TrackPointExtension>
        </extensions>
      </trkpt>
      <trkpt lat="43.05043847300112247467041015625" lon="-87.890527434647083282470703125">
        <ele>179.600006103515625</ele>
        <time>2026-09-26T15:11:53.000Z</time>
        <extensions>
          <ns3:TrackPointExtension>
            <ns3:atemp>22.0</ns3:atemp>
            <ns3:hr>149</ns3:hr>
            <ns3:cad>95</ns3:cad>
          </ns3:TrackPointExtension>
        </extensions>
      </trkpt>
      <trkpt lat="43.05025708861649036407470703125" lon="-87.89063883014023303985595703125">
        <ele>179.1999969482421875</ele>
        <time>2026-09-26T15:11:58.000Z</time>
        <extensions>
          <ns3:TrackPointExtension>
            <ns3:atemp>22.0</ns3:atemp>
            <ns3:hr>151</ns3:hr>
            <ns3:cad>96</ns3:cad>
          </ns3:TrackPointExtension>
        </extensions>
      </trkpt>
      <trkpt lat="43.0501911230385303497314453125" lon="-87.89069750346243381500244140625">
        <ele>178.8000030517578125</ele>
        <time>2026-09-26T15:12:00.000Z</time>
        <extensions>
          <ns3:TrackPointExtension>
            <ns3:atemp>22.0</ns3:atemp>
            <ns3:hr>152</ns3:hr>
            <ns3:cad>97</ns3:cad>
          </ns3:TrackPointExtension>
        </extensions>
      </trkpt>
      <trkpt lat="43.050058521330356597900390625" lon="-87.8908404149115085601806640625">
        <ele>178.600006103515625</ele>
        <time>2026-09-26T15:12:04.000Z</time>
        <extensions>
          <ns3:TrackPointExtension>
            <ns3:atemp>22.0</ns3:atemp>
            <ns3:hr>152</ns3:hr>
            <ns3:cad>96</ns3:cad>
          </ns3:TrackPointExtension>
        </extensions>
      </trkpt>
      <trkpt lat="43.04999942891299724578857421875" lon="-87.89092029444873332977294921875">
        <ele>178.8000030517578125</ele>
        <time>2026-09-26T15:12:06.000Z</time>
        <extensions>
          <ns3:TrackPointExtension>
            <ns3:atemp>22.0</ns3:atemp>
            <ns3:hr>149</ns3:hr>
            <ns3:cad>96</ns3:cad>
          </ns3:TrackPointExtension>
        </extensions>
      </trkpt>
      <trkpt lat="43.04985023103654384613037109375" lon="-87.89108977653086185455322265625">
        <ele>179</ele>
        <time>2026-09-26T15:12:11.000Z</time>
        <extensions>
          <ns3:TrackPointExtension>
            <ns3:atemp>22.0</ns3:atemp>
            <ns3:hr>148</ns3:hr>
            <ns3:cad>96</ns3:cad>
          </ns3:TrackPointExtension>
        </extensions>
      </trkpt>
      <trkpt lat="43.0496888794004917144775390625" lon="-87.891240231692790985107421875">
        <ele>179</ele>
        <time>2026-09-26T15:12:16.000Z</time>
        <extensions>
          <ns3:TrackPointExtension>
            <ns3:atemp>22.0</ns3:atemp>
            <ns3:hr>149</ns3:hr>
            <ns3:cad>95</ns3:cad>
          </ns3:TrackPointExtension>
        </extensions>
      </trkpt>
      <trkpt lat="43.04958452470600605010986328125" lon="-87.8913134895265102386474609375">
        <ele>178.600006103515625</ele>
        <time>2026-09-26T15:12:19.000Z</time>
        <extensions>
          <ns3:TrackPointExtension>
            <ns3:atemp>22.0</ns3:atemp>
            <ns3:hr>149</ns3:hr>
            <ns3:cad>95</ns3:cad>
          </ns3:TrackPointExtension>
        </extensions>
      </trkpt>
      <trkpt lat="43.049411773681640625" lon="-87.8914432413876056671142578125">
        <ele>178</ele>
        <time>2026-09-26T15:12:24.000Z</time>
        <extensions>
          <ns3:TrackPointExtension>
            <ns3:atemp>22.0</ns3:atemp>
            <ns3:hr>148</ns3:hr>
            <ns3:cad>95</ns3:cad>
          </ns3:TrackPointExtension>
        </extensions>
      </trkpt>
      <trkpt lat="43.04937581531703472137451171875" lon="-87.89147249422967433929443359375">
        <ele>178</ele>
        <time>2026-09-26T15:12:25.000Z</time>
        <extensions>
          <ns3:TrackPointExtension>
            <ns3:atemp>22.0</ns3:atemp>
            <ns3:hr>147</ns3:hr>
            <ns3:cad>95</ns3:cad>
          </ns3:TrackPointExtension>
        </extensions>
      </trkpt>
      <trkpt lat="43.0493344925343990325927734375" lon="-87.89149428717792034149169921875">
        <ele>178.1999969482421875</ele>
        <time>2026-09-26T15:12:26.000Z</time>
        <extensions>
          <ns3:TrackPointExtension>
            <ns3:atemp>22.0</ns3:atemp>
            <ns3:hr>147</ns3:hr>
            <ns3:cad>94</ns3:cad>
          </ns3:TrackPointExtension>
        </extensions>
      </trkpt>
      <trkpt lat="43.04915889166295528411865234375" lon="-87.89162437431514263153076171875">
        <ele>178.399993896484375</ele>
        <time>2026-09-26T15:12:31.000Z</time>
        <extensions>
          <ns3:TrackPointExtension>
            <ns3:atemp>22.0</ns3:atemp>
            <ns3:hr>146</ns3:hr>
            <ns3:cad>95</ns3:cad>
          </ns3:TrackPointExtension>
        </extensions>
      </trkpt>
      <trkpt lat="43.04909669794142246246337890625" lon="-87.89167575538158416748046875">
        <ele>178.399993896484375</ele>
        <time>2026-09-26T15:12:33.000Z</time>
        <extensions>
          <ns3:TrackPointExtension>
            <ns3:atemp>22.0</ns3:atemp>
            <ns3:hr>144</ns3:hr>
            <ns3:cad>95</ns3:cad>
          </ns3:TrackPointExtension>
        </extensions>
      </trkpt>
      <trkpt lat="43.0490032397210597991943359375" lon="-87.89175965823233127593994140625">
        <ele>178.399993896484375</ele>
        <time>2026-09-26T15:12:36.000Z</time>
        <extensions>
          <ns3:TrackPointExtension>
            <ns3:atemp>22.0</ns3:atemp>
            <ns3:hr>141</ns3:hr>
            <ns3:cad>95</ns3:cad>
          </ns3:TrackPointExtension>
        </extensions>
      </trkpt>
      <trkpt lat="43.04896493442356586456298828125" lon="-87.89180492050945758819580078125">
        <ele>178.600006103515625</ele>
        <time>2026-09-26T15:12:37.000Z</time>
        <extensions>
          <ns3:TrackPointExtension>
            <ns3:atemp>22.0</ns3:atemp>
            <ns3:hr>144</ns3:hr>
            <ns3:cad>95</ns3:cad>
          </ns3:TrackPointExtension>
        </extensions>
      </trkpt>
      <trkpt lat="43.04888145066797733306884765625" lon="-87.89190935902297496795654296875">
        <ele>178.8000030517578125</ele>
        <time>2026-09-26T15:12:40.000Z</time>
        <extensions>
          <ns3:TrackPointExtension>
            <ns3:atemp>22.0</ns3:atemp>
            <ns3:hr>145</ns3:hr>
            <ns3:cad>95</ns3:cad>
          </ns3:TrackPointExtension>
        </extensions>
      </trkpt>
      <trkpt lat="43.04872789420187473297119140625" lon="-87.892119996249675750732421875">
        <ele>178.1999969482421875</ele>
        <time>2026-09-26T15:12:46.000Z</time>
        <extensions>
          <ns3:TrackPointExtension>
            <ns3:atemp>22.0</ns3:atemp>
            <ns3:hr>145</ns3:hr>
            <ns3:cad>95</ns3:cad>
          </ns3:TrackPointExtension>
        </extensions>
      </trkpt>
      <trkpt lat="43.048703670501708984375" lon="-87.89215880446135997772216796875">
        <ele>178</ele>
        <time>2026-09-26T15:12:47.000Z</time>
        <extensions>
          <ns3:TrackPointExtension>
            <ns3:atemp>22.0</ns3:atemp>
            <ns3:hr>145</ns3:hr>
            <ns3:cad>95</ns3:cad>
          </ns3:TrackPointExtension>
        </extensions>
      </trkpt>
      <trkpt lat="43.0486522056162357330322265625" lon="-87.8922351635992527008056640625">
        <ele>178</ele>
        <time>2026-09-26T15:12:49.000Z</time>
        <extensions>
          <ns3:TrackPointExtension>
            <ns3:atemp>22.0</ns3:atemp>
            <ns3:hr>144</ns3:hr>
            <ns3:cad>95</ns3:cad>
          </ns3:TrackPointExtension>
        </extensions>
      </trkpt>
      <trkpt lat="43.048516251146793365478515625" lon="-87.89239902980625629425048828125">
        <ele>178.399993896484375</ele>
        <time>2026-09-26T15:12:54.000Z</time>
        <extensions>
          <ns3:TrackPointExtension>
            <ns3:atemp>22.0</ns3:atemp>
            <ns3:hr>144</ns3:hr>
            <ns3:cad>94</ns3:cad>
          </ns3:TrackPointExtension>
        </extensions>
      </trkpt>
      <trkpt lat="43.04848900996148586273193359375" lon="-87.89243306033313274383544921875">
        <ele>178.600006103515625</ele>
        <time>2026-09-26T15:12:55.000Z</time>
        <extensions>
          <ns3:TrackPointExtension>
            <ns3:atemp>22.0</ns3:atemp>
            <ns3:hr>143</ns3:hr>
            <ns3:cad>94</ns3:cad>
          </ns3:TrackPointExtension>
        </extensions>
      </trkpt>
      <trkpt lat="43.0483206175267696380615234375" lon="-87.89257270283997058868408203125">
        <ele>178.8000030517578125</ele>
        <time>2026-09-26T15:13:00.000Z</time>
        <extensions>
          <ns3:TrackPointExtension>
            <ns3:atemp>22.0</ns3:atemp>
            <ns3:hr>143</ns3:hr>
            <ns3:cad>94</ns3:cad>
          </ns3:TrackPointExtension>
        </extensions>
      </trkpt>
      <trkpt lat="43.0482937954366207122802734375" lon="-87.89259172976016998291015625">
        <ele>178.8000030517578125</ele>
        <time>2026-09-26T15:13:01.000Z</time>
        <extensions>
          <ns3:TrackPointExtension>
            <ns3:atemp>22.0</ns3:atemp>
            <ns3:hr>143</ns3:hr>
            <ns3:cad>94</ns3:cad>
          </ns3:TrackPointExtension>
        </extensions>
      </trkpt>
      <trkpt lat="43.04811827838420867919921875" lon="-87.89273614995181560516357421875">
        <ele>178.600006103515625</ele>
        <time>2026-09-26T15:13:06.000Z</time>
        <extensions>
          <ns3:TrackPointExtension>
            <ns3:atemp>22.0</ns3:atemp>
            <ns3:hr>144</ns3:hr>
            <ns3:cad>94</ns3:cad>
          </ns3:TrackPointExtension>
        </extensions>
      </trkpt>
      <trkpt lat="43.04801342077553272247314453125" lon="-87.89282382465898990631103515625">
        <ele>178.8000030517578125</ele>
        <time>2026-09-26T15:13:09.000Z</time>
        <extensions>
          <ns3:TrackPointExtension>
            <ns3:atemp>22.0</ns3:atemp>
            <ns3:hr>145</ns3:hr>
            <ns3:cad>94</ns3:cad>
          </ns3:TrackPointExtension>
        </extensions>
      </trkpt>
      <trkpt lat="43.047820217907428741455078125" lon="-87.89293413050472736358642578125">
        <ele>177.600006103515625</ele>
        <time>2026-09-26T15:13:14.000Z</time>
        <extensions>
          <ns3:TrackPointExtension>
            <ns3:atemp>22.0</ns3:atemp>
            <ns3:hr>146</ns3:hr>
            <ns3:cad>95</ns3:cad>
          </ns3:TrackPointExtension>
        </extensions>
      </trkpt>
      <trkpt lat="43.047787360846996307373046875" lon="-87.89296430535614490509033203125">
        <ele>177.600006103515625</ele>
        <time>2026-09-26T15:13:15.000Z</time>
        <extensions>
          <ns3:TrackPointExtension>
            <ns3:atemp>22.0</ns3:atemp>
            <ns3:hr>146</ns3:hr>
            <ns3:cad>95</ns3:cad>
          </ns3:TrackPointExtension>
        </extensions>
      </trkpt>
      <trkpt lat="43.047676049172878265380859375" lon="-87.893110401928424835205078125">
        <ele>177.399993896484375</ele>
        <time>2026-09-26T15:13:19.000Z</time>
        <extensions>
          <ns3:TrackPointExtension>
            <ns3:atemp>22.0</ns3:atemp>
            <ns3:hr>146</ns3:hr>
            <ns3:cad>95</ns3:cad>
          </ns3:TrackPointExtension>
        </extensions>
      </trkpt>
      <trkpt lat="43.04758879356086254119873046875" lon="-87.8932098113000392913818359375">
        <ele>177</ele>
        <time>2026-09-26T15:13:22.000Z</time>
        <extensions>
          <ns3:TrackPointExtension>
            <ns3:atemp>22.0</ns3:atemp>
            <ns3:hr>146</ns3:hr>
            <ns3:cad>95</ns3:cad>
          </ns3:TrackPointExtension>
        </extensions>
      </trkpt>
      <trkpt lat="43.0474733747541904449462890625" lon="-87.89334551431238651275634765625">
        <ele>177.8000030517578125</ele>
        <time>2026-09-26T15:13:26.000Z</time>
        <extensions>
          <ns3:TrackPointExtension>
            <ns3:atemp>22.0</ns3:atemp>
            <ns3:hr>147</ns3:hr>
            <ns3:cad>95</ns3:cad>
          </ns3:TrackPointExtension>
        </extensions>
      </trkpt>
      <trkpt lat="43.04741461761295795440673828125" lon="-87.89339630864560604095458984375">
        <ele>178</ele>
        <time>2026-09-26T15:13:28.000Z</time>
        <extensions>
          <ns3:TrackPointExtension>
            <ns3:atemp>22.0</ns3:atemp>
            <ns3:hr>146</ns3:hr>
            <ns3:cad>94</ns3:cad>
          </ns3:TrackPointExtension>
        </extensions>
      </trkpt>
      <trkpt lat="43.04726667702198028564453125" lon="-87.89349353872239589691162109375">
        <ele>177.600006103515625</ele>
        <time>2026-09-26T15:13:32.000Z</time>
        <extensions>
          <ns3:TrackPointExtension>
            <ns3:atemp>22.0</ns3:atemp>
            <ns3:hr>146</ns3:hr>
            <ns3:cad>93</ns3:cad>
          </ns3:TrackPointExtension>
        </extensions>
      </trkpt>
      <trkpt lat="43.04708671756088733673095703125" lon="-87.89362094365060329437255859375">
        <ele>177.399993896484375</ele>
        <time>2026-09-26T15:13:37.000Z</time>
        <extensions>
          <ns3:TrackPointExtension>
            <ns3:atemp>22.0</ns3:atemp>
            <ns3:hr>145</ns3:hr>
            <ns3:cad>96</ns3:cad>
          </ns3:TrackPointExtension>
        </extensions>
      </trkpt>
      <trkpt lat="43.04690147750079631805419921875" lon="-87.89371884427964687347412109375">
        <ele>177.399993896484375</ele>
        <time>2026-09-26T15:13:42.000Z</time>
        <extensions>
          <ns3:TrackPointExtension>
            <ns3:atemp>22.0</ns3:atemp>
            <ns3:hr>147</ns3:hr>
            <ns3:cad>95</ns3:cad>
          </ns3:TrackPointExtension>
        </extensions>
      </trkpt>
      <trkpt lat="43.0467330850660800933837890625" lon="-87.893842644989490509033203125">
        <ele>177.399993896484375</ele>
        <time>2026-09-26T15:13:47.000Z</time>
        <extensions>
          <ns3:TrackPointExtension>
            <ns3:atemp>22.0</ns3:atemp>
            <ns3:hr>145</ns3:hr>
            <ns3:cad>95</ns3:cad>
          </ns3:TrackPointExtension>
        </extensions>
      </trkpt>
      <trkpt lat="43.04661598987877368927001953125" lon="-87.8939645178616046905517578125">
        <ele>177</ele>
        <time>2026-09-26T15:13:51.000Z</time>
        <extensions>
          <ns3:TrackPointExtension>
            <ns3:atemp>22.0</ns3:atemp>
            <ns3:hr>149</ns3:hr>
            <ns3:cad>94</ns3:cad>
          </ns3:TrackPointExtension>
        </extensions>
      </trkpt>
      <trkpt lat="43.046532087028026580810546875" lon="-87.89406694471836090087890625">
        <ele>177.1999969482421875</ele>
        <time>2026-09-26T15:13:54.000Z</time>
        <extensions>
          <ns3:TrackPointExtension>
            <ns3:atemp>22.0</ns3:atemp>
            <ns3:hr>152</ns3:hr>
            <ns3:cad>94</ns3:cad>
          </ns3:TrackPointExtension>
        </extensions>
      </trkpt>
      <trkpt lat="43.0464564822614192962646484375" lon="-87.8941787593066692352294921875">
        <ele>177.399993896484375</ele>
        <time>2026-09-26T15:13:57.000Z</time>
        <extensions>
          <ns3:TrackPointExtension>
            <ns3:atemp>22.0</ns3:atemp>
            <ns3:hr>152</ns3:hr>
            <ns3:cad>94</ns3:cad>
          </ns3:TrackPointExtension>
        </extensions>
      </trkpt>
      <trkpt lat="43.0463686399161815643310546875" lon="-87.89427959360182285308837890625">
        <ele>178.399993896484375</ele>
        <time>2026-09-26T15:14:00.000Z</time>
        <extensions>
          <ns3:TrackPointExtension>
            <ns3:atemp>22.0</ns3:atemp>
            <ns3:hr>155</ns3:hr>
            <ns3:cad>93</ns3:cad>
          </ns3:TrackPointExtension>
        </extensions>
      </trkpt>
      <trkpt lat="43.04628306068480014801025390625" lon="-87.8943671844899654388427734375">
        <ele>178.1999969482421875</ele>
        <time>2026-09-26T15:14:03.000Z</time>
        <extensions>
          <ns3:TrackPointExtension>
            <ns3:atemp>22.0</ns3:atemp>
            <ns3:hr>156</ns3:hr>
            <ns3:cad>93</ns3:cad>
          </ns3:TrackPointExtension>
        </extensions>
      </trkpt>
      <trkpt lat="43.046119026839733123779296875" lon="-87.89449618197977542877197265625">
        <ele>177.600006103515625</ele>
        <time>2026-09-26T15:14:08.000Z</time>
        <extensions>
          <ns3:TrackPointExtension>
            <ns3:atemp>22.0</ns3:atemp>
            <ns3:hr>158</ns3:hr>
            <ns3:cad>93</ns3:cad>
          </ns3:TrackPointExtension>
        </extensions>
      </trkpt>
      <trkpt lat="43.04601274430751800537109375" lon="-87.8945450484752655029296875">
        <ele>177.1999969482421875</ele>
        <time>2026-09-26T15:14:11.000Z</time>
        <extensions>
          <ns3:TrackPointExtension>
            <ns3:atemp>22.0</ns3:atemp>
            <ns3:hr>159</ns3:hr>
            <ns3:cad>93</ns3:cad>
          </ns3:TrackPointExtension>
        </extensions>
      </trkpt>
      <trkpt lat="43.04597812704741954803466796875" lon="-87.89456541649997234344482421875">
        <ele>177.1999969482421875</ele>
        <time>2026-09-26T15:14:12.000Z</time>
        <extensions>
          <ns3:TrackPointExtension>
            <ns3:atemp>22.0</ns3:atemp>
            <ns3:hr>158</ns3:hr>
            <ns3:cad>94</ns3:cad>
          </ns3:TrackPointExtension>
        </extensions>
      </trkpt>
      <trkpt lat="43.0458020232617855072021484375" lon="-87.89466700516641139984130859375">
        <ele>177.1999969482421875</ele>
        <time>2026-09-26T15:14:17.000Z</time>
        <extensions>
          <ns3:TrackPointExtension>
            <ns3:atemp>22.0</ns3:atemp>
            <ns3:hr>157</ns3:hr>
            <ns3:cad>94</ns3:cad>
          </ns3:TrackPointExtension>
        </extensions>
      </trkpt>
      <trkpt lat="43.04572516120970249176025390625" lon="-87.89471126161515712738037109375">
        <ele>177.1999969482421875</ele>
        <time>2026-09-26T15:14:19.000Z</time>
        <extensions>
          <ns3:TrackPointExtension>
            <ns3:atemp>22.0</ns3:atemp>
            <ns3:hr>157</ns3:hr>
            <ns3:cad>94</ns3:cad>
          </ns3:TrackPointExtension>
        </extensions>
      </trkpt>
      <trkpt lat="43.04553656838834285736083984375" lon="-87.8948141075670719146728515625">
        <ele>177.600006103515625</ele>
        <time>2026-09-26T15:14:24.000Z</time>
        <extensions>
          <ns3:TrackPointExtension>
            <ns3:atemp>22.0</ns3:atemp>
            <ns3:hr>158</ns3:hr>
            <ns3:cad>93</ns3:cad>
          </ns3:TrackPointExtension>
        </extensions>
      </trkpt>
      <trkpt lat="43.04536188952624797821044921875" lon="-87.89491586387157440185546875">
        <ele>177.8000030517578125</ele>
        <time>2026-09-26T15:14:29.000Z</time>
        <extensions>
          <ns3:TrackPointExtension>
            <ns3:atemp>22.0</ns3:atemp>
            <ns3:hr>157</ns3:hr>
            <ns3:cad>94</ns3:cad>
          </ns3:TrackPointExtension>
        </extensions>
      </trkpt>
      <trkpt lat="43.04526147432625293731689453125" lon="-87.89497948251664638519287109375">
        <ele>177.8000030517578125</ele>
        <time>2026-09-26T15:14:32.000Z</time>
        <extensions>
          <ns3:TrackPointExtension>
            <ns3:atemp>22.0</ns3:atemp>
            <ns3:hr>156</ns3:hr>
            <ns3:cad>93</ns3:cad>
          </ns3:TrackPointExtension>
        </extensions>
      </trkpt>
      <trkpt lat="43.04508679546415805816650390625" lon="-87.89507520385086536407470703125">
        <ele>177.600006103515625</ele>
        <time>2026-09-26T15:14:37.000Z</time>
        <extensions>
          <ns3:TrackPointExtension>
            <ns3:atemp>22.0</ns3:atemp>
            <ns3:hr>154</ns3:hr>
            <ns3:cad>93</ns3:cad>
          </ns3:TrackPointExtension>
        </extensions>
      </trkpt>
      <trkpt lat="43.0450503341853618621826171875" lon="-87.89509330876171588897705078125">
        <ele>177.8000030517578125</ele>
        <time>2026-09-26T15:14:38.000Z</time>
        <extensions>
          <ns3:TrackPointExtension>
            <ns3:atemp>22.0</ns3:atemp>
            <ns3:hr>154</ns3:hr>
            <ns3:cad>93</ns3:cad>
          </ns3:TrackPointExtension>
        </extensions>
      </trkpt>
      <trkpt lat="43.0448863841593265533447265625" lon="-87.89522356353700160980224609375">
        <ele>177.8000030517578125</ele>
        <time>2026-09-26T15:14:43.000Z</time>
        <extensions>
          <ns3:TrackPointExtension>
            <ns3:atemp>22.0</ns3:atemp>
            <ns3:hr>154</ns3:hr>
            <ns3:cad>93</ns3:cad>
          </ns3:TrackPointExtension>
        </extensions>
      </trkpt>
      <trkpt lat="43.044826872646808624267578125" lon="-87.8952650539577007293701171875">
        <ele>178.1999969482421875</ele>
        <time>2026-09-26T15:14:45.000Z</time>
        <extensions>
          <ns3:TrackPointExtension>
            <ns3:atemp>22.0</ns3:atemp>
            <ns3:hr>153</ns3:hr>
            <ns3:cad>93</ns3:cad>
          </ns3:TrackPointExtension>
        </extensions>
      </trkpt>
      <trkpt lat="43.04476149380207061767578125" lon="-87.8953049518167972564697265625">
        <ele>178.1999969482421875</ele>
        <time>2026-09-26T15:14:47.000Z</time>
        <extensions>
          <ns3:TrackPointExtension>
            <ns3:atemp>22.0</ns3:atemp>
            <ns3:hr>153</ns3:hr>
            <ns3:cad>94</ns3:cad>
          </ns3:TrackPointExtension>
        </extensions>
      </trkpt>
      <trkpt lat="43.044612966477870941162109375" lon="-87.89544953964650630950927734375">
        <ele>178.399993896484375</ele>
        <time>2026-09-26T15:14:52.000Z</time>
        <extensions>
          <ns3:TrackPointExtension>
            <ns3:atemp>22.0</ns3:atemp>
            <ns3:hr>153</ns3:hr>
            <ns3:cad>92</ns3:cad>
          </ns3:TrackPointExtension>
        </extensions>
      </trkpt>
      <trkpt lat="43.0444408021867275238037109375" lon="-87.895620279014110565185546875">
        <ele>178.399993896484375</ele>
        <time>2026-09-26T15:14:58.000Z</time>
        <extensions>
          <ns3:TrackPointExtension>
            <ns3:atemp>22.0</ns3:atemp>
            <ns3:hr>153</ns3:hr>
            <ns3:cad>93</ns3:cad>
          </ns3:TrackPointExtension>
        </extensions>
      </trkpt>
      <trkpt lat="43.0443201027810573577880859375" lon="-87.89572496898472309112548828125">
        <ele>178.399993896484375</ele>
        <time>2026-09-26T15:15:01.000Z</time>
        <extensions>
          <ns3:TrackPointExtension>
            <ns3:atemp>22.0</ns3:atemp>
            <ns3:hr>152</ns3:hr>
            <ns3:cad>94</ns3:cad>
          </ns3:TrackPointExtension>
        </extensions>
      </trkpt>
      <trkpt lat="43.044191189110279083251953125" lon="-87.895812056958675384521484375">
        <ele>178.600006103515625</ele>
        <time>2026-09-26T15:15:06.000Z</time>
        <extensions>
          <ns3:TrackPointExtension>
            <ns3:atemp>22.0</ns3:atemp>
            <ns3:hr>149</ns3:hr>
            <ns3:cad>93</ns3:cad>
          </ns3:TrackPointExtension>
        </extensions>
      </trkpt>
      <trkpt lat="43.0440589226782321929931640625" lon="-87.89589126594364643096923828125">
        <ele>178.600006103515625</ele>
        <time>2026-09-26T15:15:10.000Z</time>
        <extensions>
          <ns3:TrackPointExtension>
            <ns3:atemp>22.0</ns3:atemp>
            <ns3:hr>147</ns3:hr>
            <ns3:cad>93</ns3:cad>
          </ns3:TrackPointExtension>
        </extensions>
      </trkpt>
      <trkpt lat="43.0438912846148014068603515625" lon="-87.8959842212498188018798828125">
        <ele>178.600006103515625</ele>
        <time>2026-09-26T15:15:15.000Z</time>
        <extensions>
          <ns3:TrackPointExtension>
            <ns3:atemp>22.0</ns3:atemp>
            <ns3:hr>148</ns3:hr>
            <ns3:cad>93</ns3:cad>
          </ns3:TrackPointExtension>
        </extensions>
      </trkpt>
      <trkpt lat="43.0438574217259883880615234375" lon="-87.89599813520908355712890625">
        <ele>178.600006103515625</ele>
        <time>2026-09-26T15:15:16.000Z</time>
        <extensions>
          <ns3:TrackPointExtension>
            <ns3:atemp>22.0</ns3:atemp>
            <ns3:hr>149</ns3:hr>
            <ns3:cad>94</ns3:cad>
          </ns3:TrackPointExtension>
        </extensions>
      </trkpt>
      <trkpt lat="43.04380084387958049774169921875" lon="-87.89598740637302398681640625">
        <ele>178.600006103515625</ele>
        <time>2026-09-26T15:15:18.000Z</time>
        <extensions>
          <ns3:TrackPointExtension>
            <ns3:atemp>22.0</ns3:atemp>
            <ns3:hr>148</ns3:hr>
            <ns3:cad>94</ns3:cad>
          </ns3:TrackPointExtension>
        </extensions>
      </trkpt>
      <trkpt lat="43.04373010061681270599365234375" lon="-87.89595211856067180633544921875">
        <ele>178.600006103515625</ele>
        <time>2026-09-26T15:15:20.000Z</time>
        <extensions>
          <ns3:TrackPointExtension>
            <ns3:atemp>22.0</ns3:atemp>
            <ns3:hr>148</ns3:hr>
            <ns3:cad>93</ns3:cad>
          </ns3:TrackPointExtension>
        </extensions>
      </trkpt>
      <trkpt lat="43.0435607023537158966064453125" lon="-87.89585136808454990386962890625">
        <ele>179</ele>
        <time>2026-09-26T15:15:25.000Z</time>
        <extensions>
          <ns3:TrackPointExtension>
            <ns3:atemp>22.0</ns3:atemp>
            <ns3:hr>147</ns3:hr>
            <ns3:cad>93</ns3:cad>
          </ns3:TrackPointExtension>
        </extensions>
      </trkpt>
      <trkpt lat="43.04340873844921588897705078125" lon="-87.89576754905283451080322265625">
        <ele>179.1999969482421875</ele>
        <time>2026-09-26T15:15:29.000Z</time>
        <extensions>
          <ns3:TrackPointExtension>
            <ns3:atemp>22.0</ns3:atemp>
            <ns3:hr>150</ns3:hr>
            <ns3:cad>94</ns3:cad>
          </ns3:TrackPointExtension>
        </extensions>
      </trkpt>
      <trkpt lat="43.04323422722518444061279296875" lon="-87.89558867923915386199951171875">
        <ele>179.1999969482421875</ele>
        <time>2026-09-26T15:15:35.000Z</time>
        <extensions>
          <ns3:TrackPointExtension>
            <ns3:atemp>22.0</ns3:atemp>
            <ns3:hr>149</ns3:hr>
            <ns3:cad>95</ns3:cad>
          </ns3:TrackPointExtension>
        </extensions>
      </trkpt>
      <trkpt lat="43.04314521141350269317626953125" lon="-87.895459346473217010498046875">
        <ele>179.1999969482421875</ele>
        <time>2026-09-26T15:15:38.000Z</time>
        <extensions>
          <ns3:TrackPointExtension>
            <ns3:atemp>22.0</ns3:atemp>
            <ns3:hr>152</ns3:hr>
            <ns3:cad>94</ns3:cad>
          </ns3:TrackPointExtension>
        </extensions>
      </trkpt>
      <trkpt lat="43.04301227442920207977294921875" lon="-87.89529397152364253997802734375">
        <ele>179.1999969482421875</ele>
        <time>2026-09-26T15:15:43.000Z</time>
        <extensions>
          <ns3:TrackPointExtension>
            <ns3:atemp>22.0</ns3:atemp>
            <ns3:hr>154</ns3:hr>
            <ns3:cad>94</ns3:cad>
          </ns3:TrackPointExtension>
        </extensions>
      </trkpt>
      <trkpt lat="43.0428264476358890533447265625" lon="-87.89515751414000988006591796875">
        <ele>178.600006103515625</ele>
        <time>2026-09-26T15:15:49.000Z</time>
        <extensions>
          <ns3:TrackPointExtension>
            <ns3:atemp>22.0</ns3:atemp>
            <ns3:hr>154</ns3:hr>
            <ns3:cad>94</ns3:cad>
          </ns3:TrackPointExtension>
        </extensions>
      </trkpt>
      <trkpt lat="43.042725361883640289306640625" lon="-87.89508895017206668853759765625">
        <ele>178.1999969482421875</ele>
        <time>2026-09-26T15:15:52.000Z</time>
        <extensions>
          <ns3:TrackPointExtension>
            <ns3:atemp>22.0</ns3:atemp>
            <ns3:hr>155</ns3:hr>
            <ns3:cad>93</ns3:cad>
          </ns3:TrackPointExtension>
        </extensions>
      </trkpt>
      <trkpt lat="43.04266274906694889068603515625" lon="-87.89504653774201869964599609375">
        <ele>177.1999969482421875</ele>
        <time>2026-09-26T15:15:54.000Z</time>
        <extensions>
          <ns3:TrackPointExtension>
            <ns3:atemp>22.0</ns3:atemp>
            <ns3:hr>155</ns3:hr>
            <ns3:cad>93</ns3:cad>
          </ns3:TrackPointExtension>
        </extensions>
      </trkpt>
      <trkpt lat="43.042570464313030242919921875" lon="-87.8949205577373504638671875">
        <ele>177.8000030517578125</ele>
        <time>2026-09-26T15:15:59.000Z</time>
        <extensions>
          <ns3:TrackPointExtension>
            <ns3:atemp>22.0</ns3:atemp>
            <ns3:hr>153</ns3:hr>
            <ns3:cad>92</ns3:cad>
          </ns3:TrackPointExtension>
        </extensions>
      </trkpt>
      <trkpt lat="43.04256417788565158843994140625" lon="-87.894876636564731597900390625">
        <ele>178.399993896484375</ele>
        <time>2026-09-26T15:16:00.000Z</time>
        <extensions>
          <ns3:TrackPointExtension>
            <ns3:atemp>22.0</ns3:atemp>
            <ns3:hr>153</ns3:hr>
            <ns3:cad>90</ns3:cad>
          </ns3:TrackPointExtension>
        </extensions>
      </trkpt>
      <trkpt lat="43.04256669245660305023193359375" lon="-87.8946672566235065460205078125">
        <ele>178.600006103515625</ele>
        <time>2026-09-26T15:16:04.000Z</time>
        <extensions>
          <ns3:TrackPointExtension>
            <ns3:atemp>22.0</ns3:atemp>
            <ns3:hr>153</ns3:hr>
            <ns3:cad>90</ns3:cad>
          </ns3:TrackPointExtension>
        </extensions>
      </trkpt>
      <trkpt lat="43.04257742129266262054443359375" lon="-87.894405908882617950439453125">
        <ele>178.399993896484375</ele>
        <time>2026-09-26T15:16:08.000Z</time>
        <extensions>
          <ns3:TrackPointExtension>
            <ns3:atemp>22.0</ns3:atemp>
            <ns3:hr>152</ns3:hr>
            <ns3:cad>93</ns3:cad>
          </ns3:TrackPointExtension>
        </extensions>
      </trkpt>
      <trkpt lat="43.04258043877780437469482421875" lon="-87.89435125887393951416015625">
        <ele>178.399993896484375</ele>
        <time>2026-09-26T15:16:10.000Z</time>
        <extensions>
          <ns3:TrackPointExtension>
            <ns3:atemp>22.0</ns3:atemp>
            <ns3:hr>152</ns3:hr>
            <ns3:cad>93</ns3:cad>
          </ns3:TrackPointExtension>
        </extensions>
      </trkpt>
      <trkpt lat="43.0425813607871532440185546875" lon="-87.8940788470208644866943359375">
        <ele>178.600006103515625</ele>
        <time>2026-09-26T15:16:15.000Z</time>
        <extensions>
          <ns3:TrackPointExtension>
            <ns3:atemp>22.0</ns3:atemp>
            <ns3:hr>152</ns3:hr>
            <ns3:cad>95</ns3:cad>
          </ns3:TrackPointExtension>
        </extensions>
      </trkpt>
      <trkpt lat="43.04257909767329692840576171875" lon="-87.8938260488212108612060546875">
        <ele>178.600006103515625</ele>
        <time>2026-09-26T15:16:20.000Z</time>
        <extensions>
          <ns3:TrackPointExtension>
            <ns3:atemp>22.0</ns3:atemp>
            <ns3:hr>153</ns3:hr>
            <ns3:cad>94</ns3:cad>
          </ns3:TrackPointExtension>
        </extensions>
      </trkpt>
      <trkpt lat="43.0425890721380710601806640625" lon="-87.8935306705534458160400390625">
        <ele>178.1999969482421875</ele>
        <time>2026-09-26T15:16:26.000Z</time>
        <extensions>
          <ns3:TrackPointExtension>
            <ns3:atemp>22.0</ns3:atemp>
            <ns3:hr>152</ns3:hr>
            <ns3:cad>95</ns3:cad>
          </ns3:TrackPointExtension>
        </extensions>
      </trkpt>
      <trkpt lat="43.04258823394775390625" lon="-87.89337501861155033111572265625">
        <ele>178.1999969482421875</ele>
        <time>2026-09-26T15:16:29.000Z</time>
        <extensions>
          <ns3:TrackPointExtension>
            <ns3:atemp>22.0</ns3:atemp>
            <ns3:hr>152</ns3:hr>
            <ns3:cad>95</ns3:cad>
          </ns3:TrackPointExtension>
        </extensions>
      </trkpt>
      <trkpt lat="43.04258194752037525177001953125" lon="-87.8931179456412792205810546875">
        <ele>178.1999969482421875</ele>
        <time>2026-09-26T15:16:34.000Z</time>
        <extensions>
          <ns3:TrackPointExtension>
            <ns3:atemp>22.0</ns3:atemp>
            <ns3:hr>153</ns3:hr>
            <ns3:cad>95</ns3:cad>
          </ns3:TrackPointExtension>
        </extensions>
      </trkpt>
      <trkpt lat="43.0425837077200412750244140625" lon="-87.8929707594215869903564453125">
        <ele>177.8000030517578125</ele>
        <time>2026-09-26T15:16:37.000Z</time>
        <extensions>
          <ns3:TrackPointExtension>
            <ns3:atemp>22.0</ns3:atemp>
            <ns3:hr>150</ns3:hr>
            <ns3:cad>93</ns3:cad>
          </ns3:TrackPointExtension>
        </extensions>
      </trkpt>
      <trkpt lat="43.04258043877780437469482421875" lon="-87.8929204680025577545166015625">
        <ele>177.8000030517578125</ele>
        <time>2026-09-26T15:16:38.000Z</time>
        <extensions>
          <ns3:TrackPointExtension>
            <ns3:atemp>22.0</ns3:atemp>
            <ns3:hr>150</ns3:hr>
            <ns3:cad>93</ns3:cad>
          </ns3:TrackPointExtension>
        </extensions>
      </trkpt>
      <trkpt lat="43.0425837077200412750244140625" lon="-87.8927692584693431854248046875">
        <ele>177.600006103515625</ele>
        <time>2026-09-26T15:16:41.000Z</time>
        <extensions>
          <ns3:TrackPointExtension>
            <ns3:atemp>22.0</ns3:atemp>
            <ns3:hr>153</ns3:hr>
            <ns3:cad>94</ns3:cad>
          </ns3:TrackPointExtension>
        </extensions>
      </trkpt>
      <trkpt lat="43.0425904132425785064697265625" lon="-87.89251671172678470611572265625">
        <ele>177.399993896484375</ele>
        <time>2026-09-26T15:16:46.000Z</time>
        <extensions>
          <ns3:TrackPointExtension>
            <ns3:atemp>22.0</ns3:atemp>
            <ns3:hr>156</ns3:hr>
            <ns3:cad>94</ns3:cad>
          </ns3:TrackPointExtension>
        </extensions>
      </trkpt>
      <trkpt lat="43.04259359836578369140625" lon="-87.89226441644132137298583984375">
        <ele>178.1999969482421875</ele>
        <time>2026-09-26T15:16:51.000Z</time>
        <extensions>
          <ns3:TrackPointExtension>
            <ns3:atemp>22.0</ns3:atemp>
            <ns3:hr>156</ns3:hr>
            <ns3:cad>93</ns3:cad>
          </ns3:TrackPointExtension>
        </extensions>
      </trkpt>
      <trkpt lat="43.04259904660284519195556640625" lon="-87.89200826548039913177490234375">
        <ele>177.8000030517578125</ele>
        <time>2026-09-26T15:16:56.000Z</time>
        <extensions>
          <ns3:TrackPointExtension>
            <ns3:atemp>22.0</ns3:atemp>
            <ns3:hr>153</ns3:hr>
            <ns3:cad>94</ns3:cad>
          </ns3:TrackPointExtension>
        </extensions>
      </trkpt>
      <trkpt lat="43.0426190793514251708984375" lon="-87.89175848476588726043701171875">
        <ele>178.399993896484375</ele>
        <time>2026-09-26T15:17:01.000Z</time>
        <extensions>
          <ns3:TrackPointExtension>
            <ns3:atemp>22.0</ns3:atemp>
            <ns3:hr>156</ns3:hr>
            <ns3:cad>93</ns3:cad>
          </ns3:TrackPointExtension>
        </extensions>
      </trkpt>
      <trkpt lat="43.0426259525120258331298828125" lon="-87.89160425774753093719482421875">
        <ele>178.600006103515625</ele>
        <time>2026-09-26T15:17:04.000Z</time>
        <extensions>
          <ns3:TrackPointExtension>
            <ns3:atemp>22.0</ns3:atemp>
            <ns3:hr>158</ns3:hr>
            <ns3:cad>94</ns3:cad>
          </ns3:TrackPointExtension>
        </extensions>
      </trkpt>
      <trkpt lat="43.04263005964457988739013671875" lon="-87.891504764556884765625">
        <ele>177.600006103515625</ele>
        <time>2026-09-26T15:17:06.000Z</time>
        <extensions>
          <ns3:TrackPointExtension>
            <ns3:atemp>22.0</ns3:atemp>
            <ns3:hr>162</ns3:hr>
            <ns3:cad>94</ns3:cad>
          </ns3:TrackPointExtension>
        </extensions>
      </trkpt>
      <trkpt lat="43.04263073019683361053466796875" lon="-87.891456149518489837646484375">
        <ele>177</ele>
        <time>2026-09-26T15:17:07.000Z</time>
        <extensions>
          <ns3:TrackPointExtension>
            <ns3:atemp>22.0</ns3:atemp>
            <ns3:hr>162</ns3:hr>
            <ns3:cad>94</ns3:cad>
          </ns3:TrackPointExtension>
        </extensions>
      </trkpt>
      <trkpt lat="43.04263693280518054962158203125" lon="-87.89124484173953533172607421875">
        <ele>176.600006103515625</ele>
        <time>2026-09-26T15:17:11.000Z</time>
        <extensions>
          <ns3:TrackPointExtension>
            <ns3:atemp>22.0</ns3:atemp>
            <ns3:hr>165</ns3:hr>
            <ns3:cad>94</ns3:cad>
          </ns3:TrackPointExtension>
        </extensions>
      </trkpt>
      <trkpt lat="43.04264816455543041229248046875" lon="-87.89104149676859378814697265625">
        <ele>176.399993896484375</ele>
        <time>2026-09-26T15:17:15.000Z</time>
        <extensions>
          <ns3:TrackPointExtension>
            <ns3:atemp>22.0</ns3:atemp>
            <ns3:hr>166</ns3:hr>
            <ns3:cad>93</ns3:cad>
          </ns3:TrackPointExtension>
        </extensions>
      </trkpt>
      <trkpt lat="43.04265369661152362823486328125" lon="-87.89089179597795009613037109375">
        <ele>177.8000030517578125</ele>
        <time>2026-09-26T15:17:18.000Z</time>
        <extensions>
          <ns3:TrackPointExtension>
            <ns3:atemp>22.0</ns3:atemp>
            <ns3:hr>167</ns3:hr>
            <ns3:cad>94</ns3:cad>
          </ns3:TrackPointExtension>
        </extensions>
      </trkpt>
      <trkpt lat="43.04267012514173984527587890625" lon="-87.89060764946043491363525390625">
        <ele>178</ele>
        <time>2026-09-26T15:17:24.000Z</time>
        <extensions>
          <ns3:TrackPointExtension>
            <ns3:atemp>22.0</ns3:atemp>
            <ns3:hr>167</ns3:hr>
            <ns3:cad>93</ns3:cad>
          </ns3:TrackPointExtension>
        </extensions>
      </trkpt>
      <trkpt lat="43.0426759086549282073974609375" lon="-87.89055953733623027801513671875">
        <ele>178</ele>
        <time>2026-09-26T15:17:25.000Z</time>
        <extensions>
          <ns3:TrackPointExtension>
            <ns3:atemp>22.0</ns3:atemp>
            <ns3:hr>166</ns3:hr>
            <ns3:cad>93</ns3:cad>
          </ns3:TrackPointExtension>
        </extensions>
      </trkpt>
      <trkpt lat="43.04271589033305644989013671875" lon="-87.8903012908995151519775390625">
        <ele>177.1999969482421875</ele>
        <time>2026-09-26T15:17:30.000Z</time>
        <extensions>
          <ns3:TrackPointExtension>
            <ns3:atemp>22.0</ns3:atemp>
            <ns3:hr>166</ns3:hr>
            <ns3:cad>94</ns3:cad>
          </ns3:TrackPointExtension>
        </extensions>
      </trkpt>
      <trkpt lat="43.04274690337479114532470703125" lon="-87.89015938527882099151611328125">
        <ele>177.1999969482421875</ele>
        <time>2026-09-26T15:17:33.000Z</time>
        <extensions>
          <ns3:TrackPointExtension>
            <ns3:atemp>22.0</ns3:atemp>
            <ns3:hr>165</ns3:hr>
            <ns3:cad>92</ns3:cad>
          </ns3:TrackPointExtension>
        </extensions>
      </trkpt>
      <trkpt lat="43.04280658252537250518798828125" lon="-87.88987942971289157867431640625">
        <ele>177</ele>
        <time>2026-09-26T15:17:39.000Z</time>
        <extensions>
          <ns3:TrackPointExtension>
            <ns3:atemp>21.0</ns3:atemp>
            <ns3:hr>165</ns3:hr>
            <ns3:cad>93</ns3:cad>
          </ns3:TrackPointExtension>
        </extensions>
      </trkpt>
      <trkpt lat="43.0428331531584262847900390625" lon="-87.8897816129028797149658203125">
        <ele>177</ele>
        <time>2026-09-26T15:17:41.000Z</time>
        <extensions>
          <ns3:TrackPointExtension>
            <ns3:atemp>21.0</ns3:atemp>
            <ns3:hr>166</ns3:hr>
            <ns3:cad>94</ns3:cad>
          </ns3:TrackPointExtension>
        </extensions>
      </trkpt>
      <trkpt lat="43.04288654588162899017333984375" lon="-87.889537028968334197998046875">
        <ele>176.8000030517578125</ele>
        <time>2026-09-26T15:17:46.000Z</time>
        <extensions>
          <ns3:TrackPointExtension>
            <ns3:atemp>21.0</ns3:atemp>
            <ns3:hr>167</ns3:hr>
            <ns3:cad>93</ns3:cad>
          </ns3:TrackPointExtension>
        </extensions>
      </trkpt>
      <trkpt lat="43.04291873238980770111083984375" lon="-87.88938389159739017486572265625">
        <ele>176.8000030517578125</ele>
        <time>2026-09-26T15:17:49.000Z</time>
        <extensions>
          <ns3:TrackPointExtension>
            <ns3:atemp>21.0</ns3:atemp>
            <ns3:hr>167</ns3:hr>
            <ns3:cad>93</ns3:cad>
          </ns3:TrackPointExtension>
        </extensions>
      </trkpt>
      <trkpt lat="43.04298050701618194580078125" lon="-87.8891060315072536468505859375">
        <ele>177.1999969482421875</ele>
        <time>2026-09-26T15:17:55.000Z</time>
        <extensions>
          <ns3:TrackPointExtension>
            <ns3:atemp>21.0</ns3:atemp>
            <ns3:hr>166</ns3:hr>
            <ns3:cad>94</ns3:cad>
          </ns3:TrackPointExtension>
        </extensions>
      </trkpt>
      <trkpt lat="43.0430192314088344573974609375" lon="-87.88890830241143703460693359375">
        <ele>177</ele>
        <time>2026-09-26T15:17:59.000Z</time>
        <extensions>
          <ns3:TrackPointExtension>
            <ns3:atemp>21.0</ns3:atemp>
            <ns3:hr>167</ns3:hr>
            <ns3:cad>93</ns3:cad>
          </ns3:TrackPointExtension>
        </extensions>
      </trkpt>
      <trkpt lat="43.043100200593471527099609375" lon="-87.888637483119964599609375">
        <ele>176.8000030517578125</ele>
        <time>2026-09-26T15:18:05.000Z</time>
        <extensions>
          <ns3:TrackPointExtension>
            <ns3:atemp>21.0</ns3:atemp>
            <ns3:hr>167</ns3:hr>
            <ns3:cad>94</ns3:cad>
          </ns3:TrackPointExtension>
        </extensions>
      </trkpt>
      <trkpt lat="43.04314403794705867767333984375" lon="-87.8884995169937610626220703125">
        <ele>176.8000030517578125</ele>
        <time>2026-09-26T15:18:08.000Z</time>
        <extensions>
          <ns3:TrackPointExtension>
            <ns3:atemp>21.0</ns3:atemp>
            <ns3:hr>167</ns3:hr>
            <ns3:cad>94</ns3:cad>
          </ns3:TrackPointExtension>
        </extensions>
      </trkpt>
      <trkpt lat="43.04322618059813976287841796875" lon="-87.888274379074573516845703125">
        <ele>176.399993896484375</ele>
        <time>2026-09-26T15:18:13.000Z</time>
        <extensions>
          <ns3:TrackPointExtension>
            <ns3:atemp>21.0</ns3:atemp>
            <ns3:hr>167</ns3:hr>
            <ns3:cad>93</ns3:cad>
          </ns3:TrackPointExtension>
        </extensions>
      </trkpt>
      <trkpt lat="43.04330237209796905517578125" lon="-87.888090312480926513671875">
        <ele>176.600006103515625</ele>
        <time>2026-09-26T15:18:17.000Z</time>
        <extensions>
          <ns3:TrackPointExtension>
            <ns3:atemp>21.0</ns3:atemp>
            <ns3:hr>167</ns3:hr>
            <ns3:cad>93</ns3:cad>
          </ns3:TrackPointExtension>
        </extensions>
      </trkpt>
      <trkpt lat="43.04338476620614528656005859375" lon="-87.887868694961071014404296875">
        <ele>176.600006103515625</ele>
        <time>2026-09-26T15:18:22.000Z</time>
        <extensions>
          <ns3:TrackPointExtension>
            <ns3:atemp>21.0</ns3:atemp>
            <ns3:hr>167</ns3:hr>
            <ns3:cad>94</ns3:cad>
          </ns3:TrackPointExtension>
        </extensions>
      </trkpt>
      <trkpt lat="43.04345182143151760101318359375" lon="-87.88769091479480266571044921875">
        <ele>177.1999969482421875</ele>
        <time>2026-09-26T15:18:26.000Z</time>
        <extensions>
          <ns3:TrackPointExtension>
            <ns3:atemp>21.0</ns3:atemp>
            <ns3:hr>168</ns3:hr>
            <ns3:cad>93</ns3:cad>
          </ns3:TrackPointExtension>
        </extensions>
      </trkpt>
      <trkpt lat="43.043502531945705413818359375" lon="-87.88755965419113636016845703125">
        <ele>176</ele>
        <time>2026-09-26T15:18:29.000Z</time>
        <extensions>
          <ns3:TrackPointExtension>
            <ns3:atemp>21.0</ns3:atemp>
            <ns3:hr>168</ns3:hr>
            <ns3:cad>93</ns3:cad>
          </ns3:TrackPointExtension>
        </extensions>
      </trkpt>
      <trkpt lat="43.04354016669094562530517578125" lon="-87.8874747455120086669921875">
        <ele>175.8000030517578125</ele>
        <time>2026-09-26T15:18:31.000Z</time>
        <extensions>
          <ns3:TrackPointExtension>
            <ns3:atemp>21.0</ns3:atemp>
            <ns3:hr>168</ns3:hr>
            <ns3:cad>93</ns3:cad>
          </ns3:TrackPointExtension>
        </extensions>
      </trkpt>
      <trkpt lat="43.04359699599444866180419921875" lon="-87.8873401321470737457275390625">
        <ele>175.8000030517578125</ele>
        <time>2026-09-26T15:18:34.000Z</time>
        <extensions>
          <ns3:TrackPointExtension>
            <ns3:atemp>21.0</ns3:atemp>
            <ns3:hr>168</ns3:hr>
            <ns3:cad>95</ns3:cad>
          </ns3:TrackPointExtension>
        </extensions>
      </trkpt>
      <trkpt lat="43.043706379830837249755859375" lon="-87.88714290596544742584228515625">
        <ele>176.600006103515625</ele>
        <time>2026-09-26T15:18:39.000Z</time>
        <extensions>
          <ns3:TrackPointExtension>
            <ns3:atemp>21.0</ns3:atemp>
            <ns3:hr>168</ns3:hr>
            <ns3:cad>95</ns3:cad>
          </ns3:TrackPointExtension>
        </extensions>
      </trkpt>
      <trkpt lat="43.043802939355373382568359375" lon="-87.886989600956439971923828125">
        <ele>176.8000030517578125</ele>
        <time>2026-09-26T15:18:43.000Z</time>
        <extensions>
          <ns3:TrackPointExtension>
            <ns3:atemp>21.0</ns3:atemp>
            <ns3:hr>167</ns3:hr>
            <ns3:cad>95</ns3:cad>
          </ns3:TrackPointExtension>
        </extensions>
      </trkpt>
      <trkpt lat="43.0439164303243160247802734375" lon="-87.8867976553738117218017578125">
        <ele>176.8000030517578125</ele>
        <time>2026-09-26T15:18:48.000Z</time>
        <extensions>
          <ns3:TrackPointExtension>
            <ns3:atemp>21.0</ns3:atemp>
            <ns3:hr>167</ns3:hr>
            <ns3:cad>92</ns3:cad>
          </ns3:TrackPointExtension>
        </extensions>
      </trkpt>
      <trkpt lat="43.0440274067223072052001953125" lon="-87.886593975126743316650390625">
        <ele>176.600006103515625</ele>
        <time>2026-09-26T15:18:53.000Z</time>
        <extensions>
          <ns3:TrackPointExtension>
            <ns3:atemp>21.0</ns3:atemp>
            <ns3:hr>166</ns3:hr>
            <ns3:cad>94</ns3:cad>
          </ns3:TrackPointExtension>
        </extensions>
      </trkpt>
      <trkpt lat="43.0441511236131191253662109375" lon="-87.88640211336314678192138671875">
        <ele>176.1999969482421875</ele>
        <time>2026-09-26T15:18:58.000Z</time>
        <extensions>
          <ns3:TrackPointExtension>
            <ns3:atemp>21.0</ns3:atemp>
            <ns3:hr>166</ns3:hr>
            <ns3:cad>94</ns3:cad>
          </ns3:TrackPointExtension>
        </extensions>
      </trkpt>
      <trkpt lat="43.04422262124717235565185546875" lon="-87.88628292270004749298095703125">
        <ele>175.8000030517578125</ele>
        <time>2026-09-26T15:19:01.000Z</time>
        <extensions>
          <ns3:TrackPointExtension>
            <ns3:atemp>21.0</ns3:atemp>
            <ns3:hr>166</ns3:hr>
            <ns3:cad>94</ns3:cad>
          </ns3:TrackPointExtension>
        </extensions>
      </trkpt>
      <trkpt lat="43.0443464219570159912109375" lon="-87.88609634153544902801513671875">
        <ele>176</ele>
        <time>2026-09-26T15:19:06.000Z</time>
        <extensions>
          <ns3:TrackPointExtension>
            <ns3:atemp>21.0</ns3:atemp>
            <ns3:hr>165</ns3:hr>
            <ns3:cad>93</ns3:cad>
          </ns3:TrackPointExtension>
        </extensions>
      </trkpt>
      <trkpt lat="43.0444039218127727508544921875" lon="-87.88603062741458415985107421875">
        <ele>176.399993896484375</ele>
        <time>2026-09-26T15:19:08.000Z</time>
        <extensions>
          <ns3:TrackPointExtension>
            <ns3:atemp>21.0</ns3:atemp>
            <ns3:hr>166</ns3:hr>
            <ns3:cad>93</ns3:cad>
          </ns3:TrackPointExtension>
        </extensions>
      </trkpt>
      <trkpt lat="43.0445502698421478271484375" lon="-87.885867096483707427978515625">
        <ele>176.600006103515625</ele>
        <time>2026-09-26T15:19:13.000Z</time>
        <extensions>
          <ns3:TrackPointExtension>
            <ns3:atemp>21.0</ns3:atemp>
            <ns3:hr>168</ns3:hr>
            <ns3:cad>94</ns3:cad>
          </ns3:TrackPointExtension>
        </extensions>
      </trkpt>
      <trkpt lat="43.0446362681686878204345703125" lon="-87.8857727162539958953857421875">
        <ele>176.600006103515625</ele>
        <time>2026-09-26T15:19:16.000Z</time>
        <extensions>
          <ns3:TrackPointExtension>
            <ns3:atemp>21.0</ns3:atemp>
            <ns3:hr>168</ns3:hr>
            <ns3:cad>93</ns3:cad>
          </ns3:TrackPointExtension>
        </extensions>
      </trkpt>
      <trkpt lat="43.04478454403579235076904296875" lon="-87.885607592761516571044921875">
        <ele>176.8000030517578125</ele>
        <time>2026-09-26T15:19:21.000Z</time>
        <extensions>
          <ns3:TrackPointExtension>
            <ns3:atemp>21.0</ns3:atemp>
            <ns3:hr>168</ns3:hr>
            <ns3:cad>95</ns3:cad>
          </ns3:TrackPointExtension>
        </extensions>
      </trkpt>
      <trkpt lat="43.0448679439723491668701171875" lon="-87.8855113685131072998046875">
        <ele>176.399993896484375</ele>
        <time>2026-09-26T15:19:24.000Z</time>
        <extensions>
          <ns3:TrackPointExtension>
            <ns3:atemp>21.0</ns3:atemp>
            <ns3:hr>168</ns3:hr>
            <ns3:cad>94</ns3:cad>
          </ns3:TrackPointExtension>
        </extensions>
      </trkpt>
      <trkpt lat="43.0448957718908786773681640625" lon="-87.88548110984265804290771484375">
        <ele>176.1999969482421875</ele>
        <time>2026-09-26T15:19:25.000Z</time>
        <extensions>
          <ns3:TrackPointExtension>
            <ns3:atemp>21.0</ns3:atemp>
            <ns3:hr>168</ns3:hr>
            <ns3:cad>94</ns3:cad>
          </ns3:TrackPointExtension>
        </extensions>
      </trkpt>
      <trkpt lat="43.04504471831023693084716796875" lon="-87.885322608053684234619140625">
        <ele>175.399993896484375</ele>
        <time>2026-09-26T15:19:30.000Z</time>
        <extensions>
          <ns3:TrackPointExtension>
            <ns3:atemp>21.0</ns3:atemp>
            <ns3:hr>167</ns3:hr>
            <ns3:cad>93</ns3:cad>
          </ns3:TrackPointExtension>
        </extensions>
      </trkpt>
      <trkpt lat="43.04507405497133731842041015625" lon="-87.88529067300260066986083984375">
        <ele>175.1999969482421875</ele>
        <time>2026-09-26T15:19:31.000Z</time>
        <extensions>
          <ns3:TrackPointExtension>
            <ns3:atemp>21.0</ns3:atemp>
            <ns3:hr>167</ns3:hr>
            <ns3:cad>93</ns3:cad>
          </ns3:TrackPointExtension>
        </extensions>
      </trkpt>
      <trkpt lat="43.04522526450455188751220703125" lon="-87.88513007573783397674560546875">
        <ele>175.1999969482421875</ele>
        <time>2026-09-26T15:19:36.000Z</time>
        <extensions>
          <ns3:TrackPointExtension>
            <ns3:atemp>21.0</ns3:atemp>
            <ns3:hr>168</ns3:hr>
            <ns3:cad>93</ns3:cad>
          </ns3:TrackPointExtension>
        </extensions>
      </trkpt>
      <trkpt lat="43.04531478323042392730712890625" lon="-87.88503468967974185943603515625">
        <ele>175</ele>
        <time>2026-09-26T15:19:39.000Z</time>
        <extensions>
          <ns3:TrackPointExtension>
            <ns3:atemp>21.0</ns3:atemp>
            <ns3:hr>168</ns3:hr>
            <ns3:cad>94</ns3:cad>
          </ns3:TrackPointExtension>
        </extensions>
      </trkpt>
      <trkpt lat="43.0453477241098880767822265625" lon="-87.8850042633712291717529296875">
        <ele>175</ele>
        <time>2026-09-26T15:19:40.000Z</time>
        <extensions>
          <ns3:TrackPointExtension>
            <ns3:atemp>21.0</ns3:atemp>
            <ns3:hr>168</ns3:hr>
            <ns3:cad>94</ns3:cad>
          </ns3:TrackPointExtension>
        </extensions>
      </trkpt>
      <trkpt lat="43.045500107109546661376953125" lon="-87.88485364057123661041259765625">
        <ele>175.600006103515625</ele>
        <time>2026-09-26T15:19:45.000Z</time>
        <extensions>
          <ns3:TrackPointExtension>
            <ns3:atemp>21.0</ns3:atemp>
            <ns3:hr>169</ns3:hr>
            <ns3:cad>94</ns3:cad>
          </ns3:TrackPointExtension>
        </extensions>
      </trkpt>
      <trkpt lat="43.04552994668483734130859375" lon="-87.88482866249978542327880859375">
        <ele>175.600006103515625</ele>
        <time>2026-09-26T15:19:46.000Z</time>
        <extensions>
          <ns3:TrackPointExtension>
            <ns3:atemp>21.0</ns3:atemp>
            <ns3:hr>169</ns3:hr>
            <ns3:cad>94</ns3:cad>
          </ns3:TrackPointExtension>
        </extensions>
      </trkpt>
      <trkpt lat="43.0456856824457645416259765625" lon="-87.88469790481030941009521484375">
        <ele>175.600006103515625</ele>
        <time>2026-09-26T15:19:51.000Z</time>
        <extensions>
          <ns3:TrackPointExtension>
            <ns3:atemp>20.0</ns3:atemp>
            <ns3:hr>169</ns3:hr>
            <ns3:cad>94</ns3:cad>
          </ns3:TrackPointExtension>
        </extensions>
      </trkpt>
      <trkpt lat="43.04571367800235748291015625" lon="-87.8846689872443675994873046875">
        <ele>175.600006103515625</ele>
        <time>2026-09-26T15:19:52.000Z</time>
        <extensions>
          <ns3:TrackPointExtension>
            <ns3:atemp>20.0</ns3:atemp>
            <ns3:hr>168</ns3:hr>
            <ns3:cad>94</ns3:cad>
          </ns3:TrackPointExtension>
        </extensions>
      </trkpt>
      <trkpt lat="43.04586681537330150604248046875" lon="-87.8845140896737575531005859375">
        <ele>175.600006103515625</ele>
        <time>2026-09-26T15:19:57.000Z</time>
        <extensions>
          <ns3:TrackPointExtension>
            <ns3:atemp>20.0</ns3:atemp>
            <ns3:hr>168</ns3:hr>
            <ns3:cad>93</ns3:cad>
          </ns3:TrackPointExtension>
        </extensions>
      </trkpt>
      <trkpt lat="43.0459602735936641693115234375" lon="-87.8844269178807735443115234375">
        <ele>175.600006103515625</ele>
        <time>2026-09-26T15:20:00.000Z</time>
        <extensions>
          <ns3:TrackPointExtension>
            <ns3:atemp>20.0</ns3:atemp>
            <ns3:hr>167</ns3:hr>
            <ns3:cad>92</ns3:cad>
          </ns3:TrackPointExtension>
        </extensions>
      </trkpt>
      <trkpt lat="43.0461248941719532012939453125" lon="-87.88427378050982952117919921875">
        <ele>174.8000030517578125</ele>
        <time>2026-09-26T15:20:05.000Z</time>
        <extensions>
          <ns3:TrackPointExtension>
            <ns3:atemp>20.0</ns3:atemp>
            <ns3:hr>168</ns3:hr>
            <ns3:cad>94</ns3:cad>
          </ns3:TrackPointExtension>
        </extensions>
      </trkpt>
      <trkpt lat="43.04625280201435089111328125" lon="-87.88415006361901760101318359375">
        <ele>174.8000030517578125</ele>
        <time>2026-09-26T15:20:09.000Z</time>
        <extensions>
          <ns3:TrackPointExtension>
            <ns3:atemp>20.0</ns3:atemp>
            <ns3:hr>166</ns3:hr>
            <ns3:cad>94</ns3:cad>
          </ns3:TrackPointExtension>
        </extensions>
      </trkpt>
      <trkpt lat="43.046370483934879302978515625" lon="-87.8839588724076747894287109375">
        <ele>175.399993896484375</ele>
        <time>2026-09-26T15:20:14.000Z</time>
        <extensions>
          <ns3:TrackPointExtension>
            <ns3:atemp>20.0</ns3:atemp>
            <ns3:hr>167</ns3:hr>
            <ns3:cad>94</ns3:cad>
          </ns3:TrackPointExtension>
        </extensions>
      </trkpt>
      <trkpt lat="43.04637257941067218780517578125" lon="-87.883911766111850738525390625">
        <ele>175.1999969482421875</ele>
        <time>2026-09-26T15:20:15.000Z</time>
        <extensions>
          <ns3:TrackPointExtension>
            <ns3:atemp>20.0</ns3:atemp>
            <ns3:hr>166</ns3:hr>
            <ns3:cad>94</ns3:cad>
          </ns3:TrackPointExtension>
        </extensions>
      </trkpt>
      <trkpt lat="43.046355731785297393798828125" lon="-87.88366626016795635223388671875">
        <ele>175</ele>
        <time>2026-09-26T15:20:20.000Z</time>
        <extensions>
          <ns3:TrackPointExtension>
            <ns3:atemp>20.0</ns3:atemp>
            <ns3:hr>167</ns3:hr>
            <ns3:cad>94</ns3:cad>
          </ns3:TrackPointExtension>
        </extensions>
      </trkpt>
      <trkpt lat="43.046353720128536224365234375" lon="-87.88361948914825916290283203125">
        <ele>175</ele>
        <time>2026-09-26T15:20:21.000Z</time>
        <extensions>
          <ns3:TrackPointExtension>
            <ns3:atemp>20.0</ns3:atemp>
            <ns3:hr>170</ns3:hr>
            <ns3:cad>94</ns3:cad>
          </ns3:TrackPointExtension>
        </extensions>
      </trkpt>
      <trkpt lat="43.0463565699756145477294921875" lon="-87.88357070647180080413818359375">
        <ele>174.8000030517578125</ele>
        <time>2026-09-26T15:20:22.000Z</time>
        <extensions>
          <ns3:TrackPointExtension>
            <ns3:atemp>20.0</ns3:atemp>
            <ns3:hr>167</ns3:hr>
            <ns3:cad>94</ns3:cad>
          </ns3:TrackPointExtension>
        </extensions>
      </trkpt>
      <trkpt lat="43.04635011591017246246337890625" lon="-87.8833054192364215850830078125">
        <ele>174.8000030517578125</ele>
        <time>2026-09-26T15:20:28.000Z</time>
        <extensions>
          <ns3:TrackPointExtension>
            <ns3:atemp>20.0</ns3:atemp>
            <ns3:hr>168</ns3:hr>
            <ns3:cad>92</ns3:cad>
          </ns3:TrackPointExtension>
        </extensions>
      </trkpt>
      <trkpt lat="43.04634860716760158538818359375" lon="-87.88325889967381954193115234375">
        <ele>174.8000030517578125</ele>
        <time>2026-09-26T15:20:29.000Z</time>
        <extensions>
          <ns3:TrackPointExtension>
            <ns3:atemp>20.0</ns3:atemp>
            <ns3:hr>168</ns3:hr>
            <ns3:cad>92</ns3:cad>
          </ns3:TrackPointExtension>
        </extensions>
      </trkpt>
      <trkpt lat="43.04634005762636661529541015625" lon="-87.88296134211122989654541015625">
        <ele>174.399993896484375</ele>
        <time>2026-09-26T15:20:35.000Z</time>
        <extensions>
          <ns3:TrackPointExtension>
            <ns3:atemp>20.0</ns3:atemp>
            <ns3:hr>168</ns3:hr>
            <ns3:cad>93</ns3:cad>
          </ns3:TrackPointExtension>
        </extensions>
      </trkpt>
      <trkpt lat="43.04633385501801967620849609375" lon="-87.882856987416744232177734375">
        <ele>175.600006103515625</ele>
        <time>2026-09-26T15:20:37.000Z</time>
        <extensions>
          <ns3:TrackPointExtension>
            <ns3:atemp>20.0</ns3:atemp>
            <ns3:hr>168</ns3:hr>
            <ns3:cad>94</ns3:cad>
          </ns3:TrackPointExtension>
        </extensions>
      </trkpt>
      <trkpt lat="43.046347685158252716064453125" lon="-87.8826036863029003143310546875">
        <ele>176</ele>
        <time>2026-09-26T15:20:42.000Z</time>
        <extensions>
          <ns3:TrackPointExtension>
            <ns3:atemp>20.0</ns3:atemp>
            <ns3:hr>168</ns3:hr>
            <ns3:cad>94</ns3:cad>
          </ns3:TrackPointExtension>
        </extensions>
      </trkpt>
      <trkpt lat="43.0463473498821258544921875" lon="-87.88254861719906330108642578125">
        <ele>176</ele>
        <time>2026-09-26T15:20:43.000Z</time>
        <extensions>
          <ns3:TrackPointExtension>
            <ns3:atemp>20.0</ns3:atemp>
            <ns3:hr>168</ns3:hr>
            <ns3:cad>94</ns3:cad>
          </ns3:TrackPointExtension>
        </extensions>
      </trkpt>
      <trkpt lat="43.046341650187969207763671875" lon="-87.882495559751987457275390625">
        <ele>176.1999969482421875</ele>
        <time>2026-09-26T15:20:44.000Z</time>
        <extensions>
          <ns3:TrackPointExtension>
            <ns3:atemp>20.0</ns3:atemp>
            <ns3:hr>168</ns3:hr>
            <ns3:cad>94</ns3:cad>
          </ns3:TrackPointExtension>
        </extensions>
      </trkpt>
      <trkpt lat="43.046331591904163360595703125" lon="-87.88239623419940471649169921875">
        <ele>174.8000030517578125</ele>
        <time>2026-09-26T15:20:46.000Z</time>
        <extensions>
          <ns3:TrackPointExtension>
            <ns3:atemp>20.0</ns3:atemp>
            <ns3:hr>167</ns3:hr>
            <ns3:cad>93</ns3:cad>
          </ns3:TrackPointExtension>
        </extensions>
      </trkpt>
      <trkpt lat="43.0463170073926448822021484375" lon="-87.88223563693463802337646484375">
        <ele>173.8000030517578125</ele>
        <time>2026-09-26T15:20:49.000Z</time>
        <extensions>
          <ns3:TrackPointExtension>
            <ns3:atemp>20.0</ns3:atemp>
            <ns3:hr>167</ns3:hr>
            <ns3:cad>93</ns3:cad>
          </ns3:TrackPointExtension>
        </extensions>
      </trkpt>
      <trkpt lat="43.04630502127110958099365234375" lon="-87.88207587786018848419189453125">
        <ele>174.399993896484375</ele>
        <time>2026-09-26T15:20:52.000Z</time>
        <extensions>
          <ns3:TrackPointExtension>
            <ns3:atemp>20.0</ns3:atemp>
            <ns3:hr>167</ns3:hr>
            <ns3:cad>93</ns3:cad>
          </ns3:TrackPointExtension>
        </extensions>
      </trkpt>
      <trkpt lat="43.04630166850984096527099609375" lon="-87.88197286427021026611328125">
        <ele>175</ele>
        <time>2026-09-26T15:20:54.000Z</time>
        <extensions>
          <ns3:TrackPointExtension>
            <ns3:atemp>20.0</ns3:atemp>
            <ns3:hr>168</ns3:hr>
            <ns3:cad>93</ns3:cad>
          </ns3:TrackPointExtension>
        </extensions>
      </trkpt>
      <trkpt lat="43.04632765240967273712158203125" lon="-87.8818305395543575286865234375">
        <ele>174.600006103515625</ele>
        <time>2026-09-26T15:20:58.000Z</time>
        <extensions>
          <ns3:TrackPointExtension>
            <ns3:atemp>20.0</ns3:atemp>
            <ns3:hr>167</ns3:hr>
            <ns3:cad>91</ns3:cad>
          </ns3:TrackPointExtension>
        </extensions>
      </trkpt>
      <trkpt lat="43.04634676314890384674072265625" lon="-87.88188125006854534149169921875">
        <ele>174.1999969482421875</ele>
        <time>2026-09-26T15:21:00.000Z</time>
        <extensions>
          <ns3:TrackPointExtension>
            <ns3:atemp>20.0</ns3:atemp>
            <ns3:hr>167</ns3:hr>
            <ns3:cad>91</ns3:cad>
          </ns3:TrackPointExtension>
        </extensions>
      </trkpt>
      <trkpt lat="43.04634609259665012359619140625" lon="-87.8820300288498401641845703125">
        <ele>174</ele>
        <time>2026-09-26T15:21:03.000Z</time>
        <extensions>
          <ns3:TrackPointExtension>
            <ns3:atemp>20.0</ns3:atemp>
            <ns3:hr>167</ns3:hr>
            <ns3:cad>91</ns3:cad>
          </ns3:TrackPointExtension>
        </extensions>
      </trkpt>
      <trkpt lat="43.0463391356170177459716796875" lon="-87.8821322880685329437255859375">
        <ele>174</ele>
        <time>2026-09-26T15:21:05.000Z</time>
        <extensions>
          <ns3:TrackPointExtension>
            <ns3:atemp>20.0</ns3:atemp>
            <ns3:hr>166</ns3:hr>
            <ns3:cad>92</ns3:cad>
          </ns3:TrackPointExtension>
        </extensions>
      </trkpt>
      <trkpt lat="43.0463250540196895599365234375" lon="-87.88239673711359500885009765625">
        <ele>173.600006103515625</ele>
        <time>2026-09-26T15:21:10.000Z</time>
        <extensions>
          <ns3:TrackPointExtension>
            <ns3:atemp>20.0</ns3:atemp>
            <ns3:hr>165</ns3:hr>
            <ns3:cad>92</ns3:cad>
          </ns3:TrackPointExtension>
        </extensions>
      </trkpt>
      <trkpt lat="43.0463232100009918212890625" lon="-87.88244317285716533660888671875">
        <ele>173.399993896484375</ele>
        <time>2026-09-26T15:21:11.000Z</time>
        <extensions>
          <ns3:TrackPointExtension>
            <ns3:atemp>20.0</ns3:atemp>
            <ns3:hr>165</ns3:hr>
            <ns3:cad>92</ns3:cad>
          </ns3:TrackPointExtension>
        </extensions>
      </trkpt>
      <trkpt lat="43.0463205277919769287109375" lon="-87.88269479759037494659423828125">
        <ele>174</ele>
        <time>2026-09-26T15:21:16.000Z</time>
        <extensions>
          <ns3:TrackPointExtension>
            <ns3:atemp>20.0</ns3:atemp>
            <ns3:hr>166</ns3:hr>
            <ns3:cad>94</ns3:cad>
          </ns3:TrackPointExtension>
        </extensions>
      </trkpt>
      <trkpt lat="43.0463173426687717437744140625" lon="-87.88284458220005035400390625">
        <ele>173.8000030517578125</ele>
        <time>2026-09-26T15:21:19.000Z</time>
        <extensions>
          <ns3:TrackPointExtension>
            <ns3:atemp>20.0</ns3:atemp>
            <ns3:hr>167</ns3:hr>
            <ns3:cad>92</ns3:cad>
          </ns3:TrackPointExtension>
        </extensions>
      </trkpt>
      <trkpt lat="43.04632647894322872161865234375" lon="-87.8830911777913570404052734375">
        <ele>174</ele>
        <time>2026-09-26T15:21:24.000Z</time>
        <extensions>
          <ns3:TrackPointExtension>
            <ns3:atemp>20.0</ns3:atemp>
            <ns3:hr>167</ns3:hr>
            <ns3:cad>92</ns3:cad>
          </ns3:TrackPointExtension>
        </extensions>
      </trkpt>
      <trkpt lat="43.04632782004773616790771484375" lon="-87.883226461708545684814453125">
        <ele>173.600006103515625</ele>
        <time>2026-09-26T15:21:27.000Z</time>
        <extensions>
          <ns3:TrackPointExtension>
            <ns3:atemp>20.0</ns3:atemp>
            <ns3:hr>167</ns3:hr>
            <ns3:cad>93</ns3:cad>
          </ns3:TrackPointExtension>
        </extensions>
      </trkpt>
      <trkpt lat="43.04632346145808696746826171875" lon="-87.8834777511656284332275390625">
        <ele>173.600006103515625</ele>
        <time>2026-09-26T15:21:32.000Z</time>
        <extensions>
          <ns3:TrackPointExtension>
            <ns3:atemp>20.0</ns3:atemp>
            <ns3:hr>167</ns3:hr>
            <ns3:cad>92</ns3:cad>
          </ns3:TrackPointExtension>
        </extensions>
      </trkpt>
      <trkpt lat="43.04633184336125850677490234375" lon="-87.88374178111553192138671875">
        <ele>173.399993896484375</ele>
        <time>2026-09-26T15:21:37.000Z</time>
        <extensions>
          <ns3:TrackPointExtension>
            <ns3:atemp>20.0</ns3:atemp>
            <ns3:hr>168</ns3:hr>
            <ns3:cad>93</ns3:cad>
          </ns3:TrackPointExtension>
        </extensions>
      </trkpt>
      <trkpt lat="43.0463206954300403594970703125" lon="-87.88402198813855648040771484375">
        <ele>173.1999969482421875</ele>
        <time>2026-09-26T15:21:43.000Z</time>
        <extensions>
          <ns3:TrackPointExtension>
            <ns3:atemp>20.0</ns3:atemp>
            <ns3:hr>167</ns3:hr>
            <ns3:cad>92</ns3:cad>
          </ns3:TrackPointExtension>
        </extensions>
      </trkpt>
      <trkpt lat="43.04621927440166473388671875" lon="-87.88413967005908489227294921875">
        <ele>173.1999969482421875</ele>
        <time>2026-09-26T15:21:47.000Z</time>
        <extensions>
          <ns3:TrackPointExtension>
            <ns3:atemp>20.0</ns3:atemp>
            <ns3:hr>167</ns3:hr>
            <ns3:cad>92</ns3:cad>
          </ns3:TrackPointExtension>
        </extensions>
      </trkpt>
      <trkpt lat="43.046044595539569854736328125" lon="-87.884314097464084625244140625">
        <ele>174.1999969482421875</ele>
        <time>2026-09-26T15:21:53.000Z</time>
        <extensions>
          <ns3:TrackPointExtension>
            <ns3:atemp>20.0</ns3:atemp>
            <ns3:hr>168</ns3:hr>
            <ns3:cad>92</ns3:cad>
          </ns3:TrackPointExtension>
        </extensions>
      </trkpt>
      <trkpt lat="43.04595348425209522247314453125" lon="-87.88439515046775341033935546875">
        <ele>174.600006103515625</ele>
        <time>2026-09-26T15:21:56.000Z</time>
        <extensions>
          <ns3:TrackPointExtension>
            <ns3:atemp>20.0</ns3:atemp>
            <ns3:hr>168</ns3:hr>
            <ns3:cad>94</ns3:cad>
          </ns3:TrackPointExtension>
        </extensions>
      </trkpt>
      <trkpt lat="43.0458020232617855072021484375" lon="-87.88453261367976665496826171875">
        <ele>174.8000030517578125</ele>
        <time>2026-09-26T15:22:01.000Z</time>
        <extensions>
          <ns3:TrackPointExtension>
            <ns3:atemp>20.0</ns3:atemp>
            <ns3:hr>167</ns3:hr>
            <ns3:cad>93</ns3:cad>
          </ns3:TrackPointExtension>
        </extensions>
      </trkpt>
      <trkpt lat="43.0456474609673023223876953125" lon="-87.88468197919428348541259765625">
        <ele>175</ele>
        <time>2026-09-26T15:22:06.000Z</time>
        <extensions>
          <ns3:TrackPointExtension>
            <ns3:atemp>20.0</ns3:atemp>
            <ns3:hr>168</ns3:hr>
            <ns3:cad>93</ns3:cad>
          </ns3:TrackPointExtension>
        </extensions>
      </trkpt>
      <trkpt lat="43.045492731034755706787109375" lon="-87.88482095114886760711669921875">
        <ele>175.1999969482421875</ele>
        <time>2026-09-26T15:22:11.000Z</time>
        <extensions>
          <ns3:TrackPointExtension>
            <ns3:atemp>20.0</ns3:atemp>
            <ns3:hr>168</ns3:hr>
            <ns3:cad>94</ns3:cad>
          </ns3:TrackPointExtension>
        </extensions>
      </trkpt>
      <trkpt lat="43.045402877032756805419921875" lon="-87.88490845821797847747802734375">
        <ele>174.399993896484375</ele>
        <time>2026-09-26T15:22:14.000Z</time>
        <extensions>
          <ns3:TrackPointExtension>
            <ns3:atemp>20.0</ns3:atemp>
            <ns3:hr>168</ns3:hr>
            <ns3:cad>94</ns3:cad>
          </ns3:TrackPointExtension>
        </extensions>
      </trkpt>
      <trkpt lat="43.04524035193026065826416015625" lon="-87.88505581207573413848876953125">
        <ele>174.399993896484375</ele>
        <time>2026-09-26T15:22:19.000Z</time>
        <extensions>
          <ns3:TrackPointExtension>
            <ns3:atemp>20.0</ns3:atemp>
            <ns3:hr>167</ns3:hr>
            <ns3:cad>94</ns3:cad>
          </ns3:TrackPointExtension>
        </extensions>
      </trkpt>
      <trkpt lat="43.04515217430889606475830078125" lon="-87.88515203632414340972900390625">
        <ele>174.600006103515625</ele>
        <time>2026-09-26T15:22:22.000Z</time>
        <extensions>
          <ns3:TrackPointExtension>
            <ns3:atemp>20.0</ns3:atemp>
            <ns3:hr>167</ns3:hr>
            <ns3:cad>94</ns3:cad>
          </ns3:TrackPointExtension>
        </extensions>
      </trkpt>
      <trkpt lat="43.0450037308037281036376953125" lon="-87.88530148565769195556640625">
        <ele>174.600006103515625</ele>
        <time>2026-09-26T15:22:27.000Z</time>
        <extensions>
          <ns3:TrackPointExtension>
            <ns3:atemp>20.0</ns3:atemp>
            <ns3:hr>169</ns3:hr>
            <ns3:cad>94</ns3:cad>
          </ns3:TrackPointExtension>
        </extensions>
      </trkpt>
      <trkpt lat="43.0449463985860347747802734375" lon="-87.88536359556019306182861328125">
        <ele>174.8000030517578125</ele>
        <time>2026-09-26T15:22:29.000Z</time>
        <extensions>
          <ns3:TrackPointExtension>
            <ns3:atemp>20.0</ns3:atemp>
            <ns3:hr>169</ns3:hr>
            <ns3:cad>94</ns3:cad>
          </ns3:TrackPointExtension>
        </extensions>
      </trkpt>
      <trkpt lat="43.0448045767843723297119140625" lon="-87.88552050478756427764892578125">
        <ele>174.1999969482421875</ele>
        <time>2026-09-26T15:22:34.000Z</time>
        <extensions>
          <ns3:TrackPointExtension>
            <ns3:atemp>20.0</ns3:atemp>
            <ns3:hr>169</ns3:hr>
            <ns3:cad>95</ns3:cad>
          </ns3:TrackPointExtension>
        </extensions>
      </trkpt>
      <trkpt lat="43.04474447853863239288330078125" lon="-87.88557901047170162200927734375">
        <ele>174.600006103515625</ele>
        <time>2026-09-26T15:22:36.000Z</time>
        <extensions>
          <ns3:TrackPointExtension>
            <ns3:atemp>20.0</ns3:atemp>
            <ns3:hr>169</ns3:hr>
            <ns3:cad>96</ns3:cad>
          </ns3:TrackPointExtension>
        </extensions>
      </trkpt>
      <trkpt lat="43.04459251463413238525390625" lon="-87.8857328183948993682861328125">
        <ele>174.1999969482421875</ele>
        <time>2026-09-26T15:22:41.000Z</time>
        <extensions>
          <ns3:TrackPointExtension>
            <ns3:atemp>21.0</ns3:atemp>
            <ns3:hr>168</ns3:hr>
            <ns3:cad>94</ns3:cad>
          </ns3:TrackPointExtension>
        </extensions>
      </trkpt>
      <trkpt lat="43.04453375749289989471435546875" lon="-87.88579526357352733612060546875">
        <ele>174.1999969482421875</ele>
        <time>2026-09-26T15:22:43.000Z</time>
        <extensions>
          <ns3:TrackPointExtension>
            <ns3:atemp>21.0</ns3:atemp>
            <ns3:hr>168</ns3:hr>
            <ns3:cad>94</ns3:cad>
          </ns3:TrackPointExtension>
        </extensions>
      </trkpt>
      <trkpt lat="43.04438539780676364898681640625" lon="-87.88595862686634063720703125">
        <ele>175.1999969482421875</ele>
        <time>2026-09-26T15:22:48.000Z</time>
        <extensions>
          <ns3:TrackPointExtension>
            <ns3:atemp>21.0</ns3:atemp>
            <ns3:hr>168</ns3:hr>
            <ns3:cad>94</ns3:cad>
          </ns3:TrackPointExtension>
        </extensions>
      </trkpt>
      <trkpt lat="43.04432253353297710418701171875" lon="-87.88602710701525211334228515625">
        <ele>175</ele>
        <time>2026-09-26T15:22:50.000Z</time>
        <extensions>
          <ns3:TrackPointExtension>
            <ns3:atemp>21.0</ns3:atemp>
            <ns3:hr>167</ns3:hr>
            <ns3:cad>94</ns3:cad>
          </ns3:TrackPointExtension>
        </extensions>
      </trkpt>
      <trkpt lat="43.04419730789959430694580078125" lon="-87.8862167894840240478515625">
        <ele>174.1999969482421875</ele>
        <time>2026-09-26T15:22:55.000Z</time>
        <extensions>
          <ns3:TrackPointExtension>
            <ns3:atemp>21.0</ns3:atemp>
            <ns3:hr>168</ns3:hr>
            <ns3:cad>93</ns3:cad>
          </ns3:TrackPointExtension>
        </extensions>
      </trkpt>
      <trkpt lat="43.044128157198429107666015625" lon="-87.886336483061313629150390625">
        <ele>174.399993896484375</ele>
        <time>2026-09-26T15:22:58.000Z</time>
        <extensions>
          <ns3:TrackPointExtension>
            <ns3:atemp>21.0</ns3:atemp>
            <ns3:hr>168</ns3:hr>
            <ns3:cad>95</ns3:cad>
          </ns3:TrackPointExtension>
        </extensions>
      </trkpt>
      <trkpt lat="43.0440109781920909881591796875" lon="-87.88654678501188755035400390625">
        <ele>174.600006103515625</ele>
        <time>2026-09-26T15:23:03.000Z</time>
        <extensions>
          <ns3:TrackPointExtension>
            <ns3:atemp>21.0</ns3:atemp>
            <ns3:hr>168</ns3:hr>
            <ns3:cad>94</ns3:cad>
          </ns3:TrackPointExtension>
        </extensions>
      </trkpt>
      <trkpt lat="43.0439885146915912628173828125" lon="-87.886590622365474700927734375">
        <ele>174.600006103515625</ele>
        <time>2026-09-26T15:23:04.000Z</time>
        <extensions>
          <ns3:TrackPointExtension>
            <ns3:atemp>21.0</ns3:atemp>
            <ns3:hr>171</ns3:hr>
            <ns3:cad>94</ns3:cad>
          </ns3:TrackPointExtension>
        </extensions>
      </trkpt>
      <trkpt lat="43.04396613501012325286865234375" lon="-87.8866310231387615203857421875">
        <ele>174.1999969482421875</ele>
        <time>2026-09-26T15:23:05.000Z</time>
        <extensions>
          <ns3:TrackPointExtension>
            <ns3:atemp>21.0</ns3:atemp>
            <ns3:hr>168</ns3:hr>
            <ns3:cad>95</ns3:cad>
          </ns3:TrackPointExtension>
        </extensions>
      </trkpt>
      <trkpt lat="43.04391869343817234039306640625" lon="-87.88671140559017658233642578125">
        <ele>174</ele>
        <time>2026-09-26T15:23:07.000Z</time>
        <extensions>
          <ns3:TrackPointExtension>
            <ns3:atemp>21.0</ns3:atemp>
            <ns3:hr>168</ns3:hr>
            <ns3:cad>95</ns3:cad>
          </ns3:TrackPointExtension>
        </extensions>
      </trkpt>
      <trkpt lat="43.04380738176405429840087890625" lon="-87.88691977970302104949951171875">
        <ele>174.600006103515625</ele>
        <time>2026-09-26T15:23:12.000Z</time>
        <extensions>
          <ns3:TrackPointExtension>
            <ns3:atemp>21.0</ns3:atemp>
            <ns3:hr>167</ns3:hr>
            <ns3:cad>94</ns3:cad>
          </ns3:TrackPointExtension>
        </extensions>
      </trkpt>
      <trkpt lat="43.04378475062549114227294921875" lon="-87.88696177303791046142578125">
        <ele>174.8000030517578125</ele>
        <time>2026-09-26T15:23:13.000Z</time>
        <extensions>
          <ns3:TrackPointExtension>
            <ns3:atemp>21.0</ns3:atemp>
            <ns3:hr>167</ns3:hr>
            <ns3:cad>94</ns3:cad>
          </ns3:TrackPointExtension>
        </extensions>
      </trkpt>
      <trkpt lat="43.0437608622014522552490234375" lon="-87.8870048560202121734619140625">
        <ele>175</ele>
        <time>2026-09-26T15:23:14.000Z</time>
        <extensions>
          <ns3:TrackPointExtension>
            <ns3:atemp>21.0</ns3:atemp>
            <ns3:hr>167</ns3:hr>
            <ns3:cad>94</ns3:cad>
          </ns3:TrackPointExtension>
        </extensions>
      </trkpt>
      <trkpt lat="43.04364041425287723541259765625" lon="-87.8872147388756275177001953125">
        <ele>175</ele>
        <time>2026-09-26T15:23:19.000Z</time>
        <extensions>
          <ns3:TrackPointExtension>
            <ns3:atemp>21.0</ns3:atemp>
            <ns3:hr>170</ns3:hr>
            <ns3:cad>95</ns3:cad>
          </ns3:TrackPointExtension>
        </extensions>
      </trkpt>
      <trkpt lat="43.0436170287430286407470703125" lon="-87.887254469096660614013671875">
        <ele>175</ele>
        <time>2026-09-26T15:23:20.000Z</time>
        <extensions>
          <ns3:TrackPointExtension>
            <ns3:atemp>21.0</ns3:atemp>
            <ns3:hr>169</ns3:hr>
            <ns3:cad>95</ns3:cad>
          </ns3:TrackPointExtension>
        </extensions>
      </trkpt>
      <trkpt lat="43.04352231323719024658203125" lon="-87.8874827921390533447265625">
        <ele>174.8000030517578125</ele>
        <time>2026-09-26T15:23:25.000Z</time>
        <extensions>
          <ns3:TrackPointExtension>
            <ns3:atemp>21.0</ns3:atemp>
            <ns3:hr>169</ns3:hr>
            <ns3:cad>94</ns3:cad>
          </ns3:TrackPointExtension>
        </extensions>
      </trkpt>
      <trkpt lat="43.04348878562450408935546875" lon="-87.88757910020649433135986328125">
        <ele>174.8000030517578125</ele>
        <time>2026-09-26T15:23:27.000Z</time>
        <extensions>
          <ns3:TrackPointExtension>
            <ns3:atemp>21.0</ns3:atemp>
            <ns3:hr>169</ns3:hr>
            <ns3:cad>93</ns3:cad>
          </ns3:TrackPointExtension>
        </extensions>
      </trkpt>
      <trkpt lat="43.0434041284024715423583984375" lon="-87.88780692033469676971435546875">
        <ele>175</ele>
        <time>2026-09-26T15:23:32.000Z</time>
        <extensions>
          <ns3:TrackPointExtension>
            <ns3:atemp>21.0</ns3:atemp>
            <ns3:hr>169</ns3:hr>
            <ns3:cad>94</ns3:cad>
          </ns3:TrackPointExtension>
        </extensions>
      </trkpt>
      <trkpt lat="43.04338744841516017913818359375" lon="-87.8878484107553958892822265625">
        <ele>176.600006103515625</ele>
        <time>2026-09-26T15:23:33.000Z</time>
        <extensions>
          <ns3:TrackPointExtension>
            <ns3:atemp>21.0</ns3:atemp>
            <ns3:hr>169</ns3:hr>
            <ns3:cad>94</ns3:cad>
          </ns3:TrackPointExtension>
        </extensions>
      </trkpt>
      <trkpt lat="43.0433057248592376708984375" lon="-87.88807111792266368865966796875">
        <ele>176.399993896484375</ele>
        <time>2026-09-26T15:23:38.000Z</time>
        <extensions>
          <ns3:TrackPointExtension>
            <ns3:atemp>21.0</ns3:atemp>
            <ns3:hr>169</ns3:hr>
            <ns3:cad>92</ns3:cad>
          </ns3:TrackPointExtension>
        </extensions>
      </trkpt>
      <trkpt lat="43.0432897992432117462158203125" lon="-87.888112775981426239013671875">
        <ele>176.1999969482421875</ele>
        <time>2026-09-26T15:23:39.000Z</time>
        <extensions>
          <ns3:TrackPointExtension>
            <ns3:atemp>21.0</ns3:atemp>
            <ns3:hr>169</ns3:hr>
            <ns3:cad>92</ns3:cad>
          </ns3:TrackPointExtension>
        </extensions>
      </trkpt>
      <trkpt lat="43.0432264320552349090576171875" lon="-87.88828678429126739501953125">
        <ele>175.8000030517578125</ele>
        <time>2026-09-26T15:23:43.000Z</time>
        <extensions>
          <ns3:TrackPointExtension>
            <ns3:atemp>21.0</ns3:atemp>
            <ns3:hr>167</ns3:hr>
            <ns3:cad>92</ns3:cad>
          </ns3:TrackPointExtension>
        </extensions>
      </trkpt>
      <trkpt lat="43.04314152337610721588134765625" lon="-87.88851468823850154876708984375">
        <ele>175.8000030517578125</ele>
        <time>2026-09-26T15:23:48.000Z</time>
        <extensions>
          <ns3:TrackPointExtension>
            <ns3:atemp>21.0</ns3:atemp>
            <ns3:hr>167</ns3:hr>
            <ns3:cad>92</ns3:cad>
          </ns3:TrackPointExtension>
        </extensions>
      </trkpt>
      <trkpt lat="43.04310816340148448944091796875" lon="-87.8886094875633716583251953125">
        <ele>175.600006103515625</ele>
        <time>2026-09-26T15:23:50.000Z</time>
        <extensions>
          <ns3:TrackPointExtension>
            <ns3:atemp>21.0</ns3:atemp>
            <ns3:hr>167</ns3:hr>
            <ns3:cad>93</ns3:cad>
          </ns3:TrackPointExtension>
        </extensions>
      </trkpt>
      <trkpt lat="43.04307245649397373199462890625" lon="-87.88870261050760746002197265625">
        <ele>175.399993896484375</ele>
        <time>2026-09-26T15:23:52.000Z</time>
        <extensions>
          <ns3:TrackPointExtension>
            <ns3:atemp>21.0</ns3:atemp>
            <ns3:hr>167</ns3:hr>
            <ns3:cad>94</ns3:cad>
          </ns3:TrackPointExtension>
        </extensions>
      </trkpt>
      <trkpt lat="43.04300355724990367889404296875" lon="-87.8889514692127704620361328125">
        <ele>175.399993896484375</ele>
        <time>2026-09-26T15:23:57.000Z</time>
        <extensions>
          <ns3:TrackPointExtension>
            <ns3:atemp>21.0</ns3:atemp>
            <ns3:hr>167</ns3:hr>
            <ns3:cad>95</ns3:cad>
          </ns3:TrackPointExtension>
        </extensions>
      </trkpt>
      <trkpt lat="43.04297983646392822265625" lon="-87.88905448280274868011474609375">
        <ele>175.600006103515625</ele>
        <time>2026-09-26T15:23:59.000Z</time>
        <extensions>
          <ns3:TrackPointExtension>
            <ns3:atemp>21.0</ns3:atemp>
            <ns3:hr>168</ns3:hr>
            <ns3:cad>95</ns3:cad>
          </ns3:TrackPointExtension>
        </extensions>
      </trkpt>
      <trkpt lat="43.0429126136004924774169921875" lon="-87.889300324022769927978515625">
        <ele>175.8000030517578125</ele>
        <time>2026-09-26T15:24:04.000Z</time>
        <extensions>
          <ns3:TrackPointExtension>
            <ns3:atemp>21.0</ns3:atemp>
            <ns3:hr>168</ns3:hr>
            <ns3:cad>94</ns3:cad>
          </ns3:TrackPointExtension>
        </extensions>
      </trkpt>
      <trkpt lat="43.0429005436599254608154296875" lon="-87.88934717886149883270263671875">
        <ele>175.8000030517578125</ele>
        <time>2026-09-26T15:24:05.000Z</time>
        <extensions>
          <ns3:TrackPointExtension>
            <ns3:atemp>21.0</ns3:atemp>
            <ns3:hr>169</ns3:hr>
            <ns3:cad>93</ns3:cad>
          </ns3:TrackPointExtension>
        </extensions>
      </trkpt>
      <trkpt lat="43.0428428761661052703857421875" lon="-87.889588661491870880126953125">
        <ele>175.8000030517578125</ele>
        <time>2026-09-26T15:24:10.000Z</time>
        <extensions>
          <ns3:TrackPointExtension>
            <ns3:atemp>21.0</ns3:atemp>
            <ns3:hr>169</ns3:hr>
            <ns3:cad>92</ns3:cad>
          </ns3:TrackPointExtension>
        </extensions>
      </trkpt>
      <trkpt lat="43.04281312040984630584716796875" lon="-87.88973576389253139495849609375">
        <ele>176</ele>
        <time>2026-09-26T15:24:13.000Z</time>
        <extensions>
          <ns3:TrackPointExtension>
            <ns3:atemp>21.0</ns3:atemp>
            <ns3:hr>169</ns3:hr>
            <ns3:cad>94</ns3:cad>
          </ns3:TrackPointExtension>
        </extensions>
      </trkpt>
      <trkpt lat="43.04276098497211933135986328125" lon="-87.88997783325612545013427734375">
        <ele>175.8000030517578125</ele>
        <time>2026-09-26T15:24:18.000Z</time>
        <extensions>
          <ns3:TrackPointExtension>
            <ns3:atemp>21.0</ns3:atemp>
            <ns3:hr>169</ns3:hr>
            <ns3:cad>93</ns3:cad>
          </ns3:TrackPointExtension>
        </extensions>
      </trkpt>
      <trkpt lat="43.04273885674774646759033203125" lon="-87.890074811875820159912109375">
        <ele>175.600006103515625</ele>
        <time>2026-09-26T15:24:20.000Z</time>
        <extensions>
          <ns3:TrackPointExtension>
            <ns3:atemp>21.0</ns3:atemp>
            <ns3:hr>169</ns3:hr>
            <ns3:cad>93</ns3:cad>
          </ns3:TrackPointExtension>
        </extensions>
      </trkpt>
      <trkpt lat="43.0426807701587677001953125" lon="-87.8903039731085300445556640625">
        <ele>175.8000030517578125</ele>
        <time>2026-09-26T15:24:25.000Z</time>
        <extensions>
          <ns3:TrackPointExtension>
            <ns3:atemp>22.0</ns3:atemp>
            <ns3:hr>168</ns3:hr>
            <ns3:cad>92</ns3:cad>
          </ns3:TrackPointExtension>
        </extensions>
      </trkpt>
      <trkpt lat="43.04263852536678314208984375" lon="-87.89055618457496166229248046875">
        <ele>176</ele>
        <time>2026-09-26T15:24:30.000Z</time>
        <extensions>
          <ns3:TrackPointExtension>
            <ns3:atemp>22.0</ns3:atemp>
            <ns3:hr>167</ns3:hr>
            <ns3:cad>92</ns3:cad>
          </ns3:TrackPointExtension>
        </extensions>
      </trkpt>
      <trkpt lat="43.04263240657746791839599609375" lon="-87.8906063921749591827392578125">
        <ele>176</ele>
        <time>2026-09-26T15:24:31.000Z</time>
        <extensions>
          <ns3:TrackPointExtension>
            <ns3:atemp>22.0</ns3:atemp>
            <ns3:hr>167</ns3:hr>
            <ns3:cad>92</ns3:cad>
          </ns3:TrackPointExtension>
        </extensions>
      </trkpt>
      <trkpt lat="43.0426189117133617401123046875" lon="-87.89075843989849090576171875">
        <ele>175.600006103515625</ele>
        <time>2026-09-26T15:24:34.000Z</time>
        <extensions>
          <ns3:TrackPointExtension>
            <ns3:atemp>22.0</ns3:atemp>
            <ns3:hr>167</ns3:hr>
            <ns3:cad>93</ns3:cad>
          </ns3:TrackPointExtension>
        </extensions>
      </trkpt>
      <trkpt lat="43.0426044948399066925048828125" lon="-87.89090738631784915924072265625">
        <ele>175.399993896484375</ele>
        <time>2026-09-26T15:24:37.000Z</time>
        <extensions>
          <ns3:TrackPointExtension>
            <ns3:atemp>22.0</ns3:atemp>
            <ns3:hr>167</ns3:hr>
            <ns3:cad>93</ns3:cad>
          </ns3:TrackPointExtension>
        </extensions>
      </trkpt>
      <trkpt lat="43.04258848540484905242919921875" lon="-87.89117015898227691650390625">
        <ele>175.600006103515625</ele>
        <time>2026-09-26T15:24:42.000Z</time>
        <extensions>
          <ns3:TrackPointExtension>
            <ns3:atemp>22.0</ns3:atemp>
            <ns3:hr>166</ns3:hr>
            <ns3:cad>93</ns3:cad>
          </ns3:TrackPointExtension>
        </extensions>
      </trkpt>
      <trkpt lat="43.04258882068097591400146484375" lon="-87.89122690446674823760986328125">
        <ele>175.399993896484375</ele>
        <time>2026-09-26T15:24:43.000Z</time>
        <extensions>
          <ns3:TrackPointExtension>
            <ns3:atemp>22.0</ns3:atemp>
            <ns3:hr>166</ns3:hr>
            <ns3:cad>93</ns3:cad>
          </ns3:TrackPointExtension>
        </extensions>
      </trkpt>
      <trkpt lat="43.04257323034107685089111328125" lon="-87.89147819392383098602294921875">
        <ele>175.399993896484375</ele>
        <time>2026-09-26T15:24:48.000Z</time>
        <extensions>
          <ns3:TrackPointExtension>
            <ns3:atemp>22.0</ns3:atemp>
            <ns3:hr>164</ns3:hr>
            <ns3:cad>92</ns3:cad>
          </ns3:TrackPointExtension>
        </extensions>
      </trkpt>
      <trkpt lat="43.042572475969791412353515625" lon="-87.891577184200286865234375">
        <ele>175.399993896484375</ele>
        <time>2026-09-26T15:24:50.000Z</time>
        <extensions>
          <ns3:TrackPointExtension>
            <ns3:atemp>22.0</ns3:atemp>
            <ns3:hr>166</ns3:hr>
            <ns3:cad>92</ns3:cad>
          </ns3:TrackPointExtension>
        </extensions>
      </trkpt>
      <trkpt lat="43.0426138825714588165283203125" lon="-87.891700565814971923828125">
        <ele>175.600006103515625</ele>
        <time>2026-09-26T15:24:53.000Z</time>
        <extensions>
          <ns3:TrackPointExtension>
            <ns3:atemp>22.0</ns3:atemp>
            <ns3:hr>166</ns3:hr>
            <ns3:cad>93</ns3:cad>
          </ns3:TrackPointExtension>
        </extensions>
      </trkpt>
      <trkpt lat="43.04264632053673267364501953125" lon="-87.8917086124420166015625">
        <ele>175.600006103515625</ele>
        <time>2026-09-26T15:24:54.000Z</time>
        <extensions>
          <ns3:TrackPointExtension>
            <ns3:atemp>22.0</ns3:atemp>
            <ns3:hr>166</ns3:hr>
            <ns3:cad>93</ns3:cad>
          </ns3:TrackPointExtension>
        </extensions>
      </trkpt>
      <trkpt lat="43.04268102161586284637451171875" lon="-87.8917024098336696624755859375">
        <ele>175.8000030517578125</ele>
        <time>2026-09-26T15:24:55.000Z</time>
        <extensions>
          <ns3:TrackPointExtension>
            <ns3:atemp>22.0</ns3:atemp>
            <ns3:hr>165</ns3:hr>
            <ns3:cad>93</ns3:cad>
          </ns3:TrackPointExtension>
        </extensions>
      </trkpt>
      <trkpt lat="43.04278646595776081085205078125" lon="-87.89166091941297054290771484375">
        <ele>175.8000030517578125</ele>
        <time>2026-09-26T15:24:58.000Z</time>
        <extensions>
          <ns3:TrackPointExtension>
            <ns3:atemp>22.0</ns3:atemp>
            <ns3:hr>165</ns3:hr>
            <ns3:cad>94</ns3:cad>
          </ns3:TrackPointExtension>
        </extensions>
      </trkpt>
      <trkpt lat="43.04290515370666980743408203125" lon="-87.891607694327831268310546875">
        <ele>176</ele>
        <time>2026-09-26T15:25:01.000Z</time>
        <extensions>
          <ns3:TrackPointExtension>
            <ns3:atemp>22.0</ns3:atemp>
            <ns3:hr>165</ns3:hr>
            <ns3:cad>93</ns3:cad>
          </ns3:TrackPointExtension>
        </extensions>
      </trkpt>
      <trkpt lat="43.04308787919580936431884765625" lon="-87.89150635711848735809326171875">
        <ele>176.1999969482421875</ele>
        <time>2026-09-26T15:25:06.000Z</time>
        <extensions>
          <ns3:TrackPointExtension>
            <ns3:atemp>22.0</ns3:atemp>
            <ns3:hr>166</ns3:hr>
            <ns3:cad>93</ns3:cad>
          </ns3:TrackPointExtension>
        </extensions>
      </trkpt>
      <trkpt lat="43.0431235022842884063720703125" lon="-87.89148238487541675567626953125">
        <ele>176.1999969482421875</ele>
        <time>2026-09-26T15:25:07.000Z</time>
        <extensions>
          <ns3:TrackPointExtension>
            <ns3:atemp>22.0</ns3:atemp>
            <ns3:hr>166</ns3:hr>
            <ns3:cad>93</ns3:cad>
          </ns3:TrackPointExtension>
        </extensions>
      </trkpt>
      <trkpt lat="43.0432807467877864837646484375" lon="-87.89134676568210124969482421875">
        <ele>176.1999969482421875</ele>
        <time>2026-09-26T15:25:12.000Z</time>
        <extensions>
          <ns3:TrackPointExtension>
            <ns3:atemp>22.0</ns3:atemp>
            <ns3:hr>164</ns3:hr>
            <ns3:cad>92</ns3:cad>
          </ns3:TrackPointExtension>
        </extensions>
      </trkpt>
      <trkpt lat="43.04337118752300739288330078125" lon="-87.89125842042267322540283203125">
        <ele>176.1999969482421875</ele>
        <time>2026-09-26T15:25:15.000Z</time>
        <extensions>
          <ns3:TrackPointExtension>
            <ns3:atemp>22.0</ns3:atemp>
            <ns3:hr>165</ns3:hr>
            <ns3:cad>93</ns3:cad>
          </ns3:TrackPointExtension>
        </extensions>
      </trkpt>
      <trkpt lat="43.0434252507984638214111328125" lon="-87.89119161665439605712890625">
        <ele>177</ele>
        <time>2026-09-26T15:25:17.000Z</time>
        <extensions>
          <ns3:TrackPointExtension>
            <ns3:atemp>22.0</ns3:atemp>
            <ns3:hr>166</ns3:hr>
            <ns3:cad>93</ns3:cad>
          </ns3:TrackPointExtension>
        </extensions>
      </trkpt>
      <trkpt lat="43.04357050918042659759521484375" lon="-87.891029678285121917724609375">
        <ele>177.600006103515625</ele>
        <time>2026-09-26T15:25:22.000Z</time>
        <extensions>
          <ns3:TrackPointExtension>
            <ns3:atemp>22.0</ns3:atemp>
            <ns3:hr>167</ns3:hr>
            <ns3:cad>96</ns3:cad>
          </ns3:TrackPointExtension>
        </extensions>
      </trkpt>
      <trkpt lat="43.043631613254547119140625" lon="-87.89095784537494182586669921875">
        <ele>178</ele>
        <time>2026-09-26T15:25:24.000Z</time>
        <extensions>
          <ns3:TrackPointExtension>
            <ns3:atemp>22.0</ns3:atemp>
            <ns3:hr>167</ns3:hr>
            <ns3:cad>96</ns3:cad>
          </ns3:TrackPointExtension>
        </extensions>
      </trkpt>
      <trkpt lat="43.04376480169594287872314453125" lon="-87.8907840885221958160400390625">
        <ele>178.1999969482421875</ele>
        <time>2026-09-26T15:25:29.000Z</time>
        <extensions>
          <ns3:TrackPointExtension>
            <ns3:atemp>22.0</ns3:atemp>
            <ns3:hr>169</ns3:hr>
            <ns3:cad>94</ns3:cad>
          </ns3:TrackPointExtension>
        </extensions>
      </trkpt>
      <trkpt lat="43.043845184147357940673828125" lon="-87.89068409241735935211181640625">
        <ele>178.399993896484375</ele>
        <time>2026-09-26T15:25:32.000Z</time>
        <extensions>
          <ns3:TrackPointExtension>
            <ns3:atemp>22.0</ns3:atemp>
            <ns3:hr>169</ns3:hr>
            <ns3:cad>94</ns3:cad>
          </ns3:TrackPointExtension>
        </extensions>
      </trkpt>
      <trkpt lat="43.0439821444451808929443359375" lon="-87.8905135206878185272216796875">
        <ele>178.1999969482421875</ele>
        <time>2026-09-26T15:25:37.000Z</time>
        <extensions>
          <ns3:TrackPointExtension>
            <ns3:atemp>22.0</ns3:atemp>
            <ns3:hr>169</ns3:hr>
            <ns3:cad>94</ns3:cad>
          </ns3:TrackPointExtension>
        </extensions>
      </trkpt>
      <trkpt lat="43.04410141892731189727783203125" lon="-87.89036440663039684295654296875">
        <ele>178.8000030517578125</ele>
        <time>2026-09-26T15:25:41.000Z</time>
        <extensions>
          <ns3:TrackPointExtension>
            <ns3:atemp>22.0</ns3:atemp>
            <ns3:hr>168</ns3:hr>
            <ns3:cad>94</ns3:cad>
          </ns3:TrackPointExtension>
        </extensions>
      </trkpt>
      <trkpt lat="43.04412907920777797698974609375" lon="-87.89032769389450550079345703125">
        <ele>179</ele>
        <time>2026-09-26T15:25:42.000Z</time>
        <extensions>
          <ns3:TrackPointExtension>
            <ns3:atemp>22.0</ns3:atemp>
            <ns3:hr>168</ns3:hr>
            <ns3:cad>94</ns3:cad>
          </ns3:TrackPointExtension>
        </extensions>
      </trkpt>
      <trkpt lat="43.04426855407655239105224609375" lon="-87.89015184156596660614013671875">
        <ele>178.8000030517578125</ele>
        <time>2026-09-26T15:25:47.000Z</time>
        <extensions>
          <ns3:TrackPointExtension>
            <ns3:atemp>22.0</ns3:atemp>
            <ns3:hr>169</ns3:hr>
            <ns3:cad>94</ns3:cad>
          </ns3:TrackPointExtension>
        </extensions>
      </trkpt>
      <trkpt lat="43.044318258762359619140625" lon="-87.89009953849017620086669921875">
        <ele>178.1999969482421875</ele>
        <time>2026-09-26T15:25:49.000Z</time>
        <extensions>
          <ns3:TrackPointExtension>
            <ns3:atemp>22.0</ns3:atemp>
            <ns3:hr>170</ns3:hr>
            <ns3:cad>94</ns3:cad>
          </ns3:TrackPointExtension>
        </extensions>
      </trkpt>
      <trkpt lat="43.044361174106597900390625" lon="-87.89005628786981105804443359375">
        <ele>178.1999969482421875</ele>
        <time>2026-09-26T15:25:51.000Z</time>
        <extensions>
          <ns3:TrackPointExtension>
            <ns3:atemp>22.0</ns3:atemp>
            <ns3:hr>169</ns3:hr>
            <ns3:cad>90</ns3:cad>
          </ns3:TrackPointExtension>
        </extensions>
      </trkpt>
    </trkseg>
  </trk>
</gpx>
